gene	window_start	window_end	pvalue	padj
ENSG00000119509.14	15	24	5.000000000000000e-04	7.851466600936653e-02
ENSG00000135372.11	15	24	3.000000000000000e-04	5.194194863432531e-02
ENSG00000135387.22	15	24	5.000000000000000e-04	7.851466600936653e-02
ENSG00000137776.18	15	24	5.999999999999999e-04	9.084748663101604e-02
ENSG00000146414.18	15	24	4.000000000000000e-04	6.548302711036876e-02
ENSG00000161011.21	15	24	5.000000000000000e-04	7.851466600936653e-02
ENSG00000166326.8	15	24	5.999999999999999e-04	9.084748663101604e-02
ENSG00000188015.11	15	24	3.000000000000000e-04	5.194194863432531e-02
ENSG00000248871.1	15	24	5.999999999999999e-04	9.084748663101604e-02
ENSG00000285283.1	15	24	4.000000000000000e-04	6.548302711036876e-02
ENSG00000071553.19	16	25	5.000000000000000e-04	7.851466600936653e-02
ENSG00000104408.12	16	25	5.999999999999999e-04	9.084748663101604e-02
ENSG00000108468.16	16	25	4.000000000000000e-04	6.548302711036876e-02
ENSG00000117036.12	16	25	9.999000099990002e-05	2.059376111200905e-02
ENSG00000120742.12	16	25	5.999999999999999e-04	9.084748663101604e-02
ENSG00000136918.9	16	25	3.000000000000000e-04	5.194194863432531e-02
ENSG00000162458.14	16	25	4.000000000000000e-04	6.548302711036876e-02
ENSG00000166747.14	16	25	5.000000000000000e-04	7.851466600936653e-02
ENSG00000171867.19	16	25	5.000000000000000e-04	7.851466600936653e-02
ENSG00000172809.14	16	25	3.000000000000000e-04	5.194194863432531e-02
ENSG00000173926.7	16	25	3.000000000000000e-04	5.194194863432531e-02
ENSG00000176697.21	16	25	4.000000000000000e-04	6.548302711036876e-02
ENSG00000183621.16	16	25	4.000000000000000e-04	6.548302711036876e-02
ENSG00000185947.16	16	25	3.000000000000000e-04	5.194194863432531e-02
ENSG00000196465.12	16	25	4.000000000000000e-04	6.548302711036876e-02
ENSG00000197016.13	16	25	5.999999999999999e-04	9.084748663101604e-02
ENSG00000197324.10	16	25	3.000000000000000e-04	5.194194863432531e-02
ENSG00000239653.1	16	25	4.000000000000000e-04	6.548302711036876e-02
ENSG00000242028.9	16	25	4.000000000000000e-04	6.548302711036876e-02
ENSG00000249209.2	16	25	2.000000000000000e-04	3.728269202633504e-02
ENSG00000254772.11	16	25	3.000000000000000e-04	5.194194863432531e-02
ENSG00000265401.3	16	25	2.000000000000000e-04	3.728269202633504e-02
ENSG00000269968.2	16	25	2.000000000000000e-04	3.728269202633504e-02
ENSG00000273175.3	16	25	2.000000000000000e-04	3.728269202633504e-02
ENSG00000273723.3	16	25	4.000000000000000e-04	6.548302711036876e-02
ENSG00000280800.1	16	25	9.999000099990002e-05	2.059376111200905e-02
ENSG00000284503.1	16	25	5.999999999999999e-04	9.084748663101604e-02
ENSG00000291049.2	16	25	3.000000000000000e-04	5.194194863432531e-02
ENSG00000291106.2	16	25	2.000000000000000e-04	3.728269202633504e-02
ENSG00000060138.14	17	26	3.000000000000000e-04	5.194194863432531e-02
ENSG00000082126.19	17	26	2.000000000000000e-04	3.728269202633504e-02
ENSG00000101997.14	17	26	1.000000000000000e-04	2.059376111200905e-02
ENSG00000120992.19	17	26	4.000000000000000e-04	6.548302711036876e-02
ENSG00000128714.6	17	26	3.000000000000000e-04	5.194194863432531e-02
ENSG00000131931.9	17	26	9.999000099990002e-05	2.059376111200905e-02
ENSG00000150977.13	17	26	5.000000000000000e-04	7.851466600936653e-02
ENSG00000160211.21	17	26	9.999000099990002e-05	2.059376111200905e-02
ENSG00000162458.14	17	26	2.000000000000000e-04	3.728269202633504e-02
ENSG00000166261.12	17	26	3.000000000000000e-04	5.194194863432531e-02
ENSG00000170921.16	17	26	4.000000000000000e-04	6.548302711036876e-02
ENSG00000172197.12	17	26	4.000000000000000e-04	6.548302711036876e-02
ENSG00000196943.14	17	26	5.000000000000000e-04	7.851466600936653e-02
ENSG00000213190.5	17	26	9.999000099990002e-05	2.059376111200905e-02
ENSG00000249209.2	17	26	3.000000000000000e-04	5.194194863432531e-02
ENSG00000254772.11	17	26	2.000000000000000e-04	3.728269202633504e-02
ENSG00000273175.3	17	26	9.999000099990002e-05	2.059376111200905e-02
ENSG00000273723.3	17	26	4.000000000000000e-04	6.548302711036876e-02
ENSG00000277957.1	17	26	4.000000000000000e-04	6.548302711036876e-02
ENSG00000284503.1	17	26	2.000000000000000e-04	3.728269202633504e-02
ENSG00000288920.2	17	26	5.999999999999999e-04	9.084748663101604e-02
ENSG00000047644.20	18	27	5.000000000000000e-04	7.851466600936653e-02
ENSG00000075461.7	18	27	3.000000000000000e-04	5.194194863432531e-02
ENSG00000083223.19	18	27	4.000000000000000e-04	6.548302711036876e-02
ENSG00000105402.8	18	27	2.000000000000000e-04	3.728269202633504e-02
ENSG00000131037.16	18	27	3.000000000000000e-04	5.194194863432531e-02
ENSG00000133048.14	18	27	9.999000099990002e-05	2.059376111200905e-02
ENSG00000167972.15	18	27	3.000000000000000e-04	5.194194863432531e-02
ENSG00000170921.16	18	27	1.000000000000000e-04	2.059376111200905e-02
ENSG00000172197.12	18	27	3.000000000000000e-04	5.194194863432531e-02
ENSG00000198807.13	18	27	5.000000000000000e-04	7.851466600936653e-02
ENSG00000221955.12	18	27	3.000000000000000e-04	5.194194863432531e-02
ENSG00000244055.3	18	27	1.000000000000000e-04	2.059376111200905e-02
ENSG00000249456.1	18	27	5.000000000000000e-04	7.851466600936653e-02
ENSG00000254245.3	18	27	1.000000000000000e-04	2.059376111200905e-02
ENSG00000258017.4	18	27	2.000000000000000e-04	3.728269202633504e-02
ENSG00000272540.1	18	27	4.000000000000000e-04	6.548302711036876e-02
ENSG00000309751.1	18	27	4.000000000000000e-04	6.548302711036876e-02
ENSG00000052850.8	19	28	1.000000000000000e-04	2.059376111200905e-02
ENSG00000054983.18	19	28	5.999999999999999e-04	9.084748663101604e-02
ENSG00000072163.21	19	28	5.999999999999999e-04	9.084748663101604e-02
ENSG00000078725.14	19	28	2.000000000000000e-04	3.728269202633504e-02
ENSG00000083223.19	19	28	2.000000000000000e-04	3.728269202633504e-02
ENSG00000087338.6	19	28	5.999999999999999e-04	9.084748663101604e-02
ENSG00000088930.9	19	28	5.999999999999999e-04	9.084748663101604e-02
ENSG00000103175.12	19	28	5.999999999999999e-04	9.084748663101604e-02
ENSG00000105402.8	19	28	5.000000000000000e-04	7.851466600936653e-02
ENSG00000106591.5	19	28	2.000000000000000e-04	3.728269202633504e-02
ENSG00000106683.16	19	28	2.000000000000000e-04	3.728269202633504e-02
ENSG00000107796.15	19	28	3.000000000000000e-04	5.194194863432531e-02
ENSG00000108639.9	19	28	5.999999999999999e-04	9.084748663101604e-02
ENSG00000111057.12	19	28	1.000000000000000e-04	2.059376111200905e-02
ENSG00000111145.9	19	28	5.000000000000000e-04	7.851466600936653e-02
ENSG00000131037.16	19	28	9.999000099990002e-05	2.059376111200905e-02
ENSG00000131931.9	19	28	5.999999999999999e-04	9.084748663101604e-02
ENSG00000137869.17	19	28	9.999000099990002e-05	2.059376111200905e-02
ENSG00000138669.12	19	28	4.000000000000000e-04	6.548302711036876e-02
ENSG00000146648.22	19	28	2.000000000000000e-04	3.728269202633504e-02
ENSG00000147166.12	19	28	3.000000000000000e-04	5.194194863432531e-02
ENSG00000147202.19	19	28	9.999000099990002e-05	2.059376111200905e-02
ENSG00000147649.11	19	28	2.000000000000000e-04	3.728269202633504e-02
ENSG00000149596.8	19	28	1.000000000000000e-04	2.059376111200905e-02
ENSG00000151012.13	19	28	5.999999999999999e-04	9.084748663101604e-02
ENSG00000154822.19	19	28	4.000000000000000e-04	6.548302711036876e-02
ENSG00000159579.15	19	28	5.000000000000000e-04	7.851466600936653e-02
ENSG00000160131.15	19	28	5.999999999999999e-04	9.084748663101604e-02
ENSG00000162618.16	19	28	9.999000099990002e-05	2.059376111200905e-02
ENSG00000163513.21	19	28	5.999999999999999e-04	9.084748663101604e-02
ENSG00000165322.19	19	28	9.999000099990002e-05	2.059376111200905e-02
ENSG00000167969.14	19	28	5.000000000000000e-04	7.851466600936653e-02
ENSG00000167972.15	19	28	5.999999999999999e-04	9.084748663101604e-02
ENSG00000168813.18	19	28	5.000000000000000e-04	7.851466600936653e-02
ENSG00000172403.11	19	28	3.000000000000000e-04	5.194194863432531e-02
ENSG00000181929.13	19	28	5.000000000000000e-04	7.851466600936653e-02
ENSG00000188428.21	19	28	2.000000000000000e-04	3.728269202633504e-02
ENSG00000198301.13	19	28	9.999000099990002e-05	2.059376111200905e-02
ENSG00000221955.12	19	28	9.999000099990002e-05	2.059376111200905e-02
ENSG00000229656.10	19	28	4.000000000000000e-04	6.548302711036876e-02
ENSG00000229944.3	19	28	9.999000099990002e-05	2.059376111200905e-02
ENSG00000236213.5	19	28	9.999000099990002e-05	2.059376111200905e-02
ENSG00000250722.6	19	28	1.000000000000000e-04	2.059376111200905e-02
ENSG00000258017.4	19	28	1.000000000000000e-04	2.059376111200905e-02
ENSG00000272540.1	19	28	9.999000099990002e-05	2.059376111200905e-02
ENSG00000277957.1	19	28	9.999000099990002e-05	2.059376111200905e-02
ENSG00000286177.1	19	28	1.000000000000000e-04	2.059376111200905e-02
ENSG00000309751.1	19	28	4.000000000000000e-04	6.548302711036876e-02
ENSG00000038532.18	20	29	5.000000000000000e-04	7.851466600936653e-02
ENSG00000054654.20	20	29	5.999999999999999e-04	9.084748663101604e-02
ENSG00000100100.15	20	29	3.000000000000000e-04	5.194194863432531e-02
ENSG00000151240.19	20	29	5.000000000000000e-04	7.851466600936653e-02
ENSG00000162645.14	20	29	5.000000000000000e-04	7.851466600936653e-02
ENSG00000197903.10	20	29	5.000000000000000e-04	7.851466600936653e-02
ENSG00000213398.8	20	29	5.999999999999999e-04	9.084748663101604e-02
ENSG00000229809.10	20	29	4.000000000000000e-04	6.548302711036876e-02
ENSG00000238207.3	20	29	4.000000000000000e-04	6.548302711036876e-02
ENSG00000257913.5	20	29	1.000000000000000e-04	2.059376111200905e-02
ENSG00000006282.23	21	30	4.000000000000000e-04	6.548302711036876e-02
ENSG00000103489.13	21	30	5.000000000000000e-04	7.851466600936653e-02
ENSG00000110911.18	21	30	5.000000000000000e-04	7.851466600936653e-02
ENSG00000128849.12	21	30	3.000000000000000e-04	5.194194863432531e-02
ENSG00000134369.18	21	30	3.000000000000000e-04	5.194194863432531e-02
ENSG00000142046.16	21	30	3.000000000000000e-04	5.194194863432531e-02
ENSG00000197969.14	21	30	3.000000000000000e-04	5.194194863432531e-02
ENSG00000233695.2	21	30	5.999999999999999e-04	9.084748663101604e-02
ENSG00000239569.6	21	30	5.000000000000000e-04	7.851466600936653e-02
ENSG00000254510.4	21	30	4.000000000000000e-04	6.548302711036876e-02
ENSG00000290951.2	21	30	5.000000000000000e-04	7.851466600936653e-02
ENSG00000291049.2	21	30	4.000000000000000e-04	6.548302711036876e-02
ENSG00000035403.19	22	31	5.999999999999999e-04	9.084748663101604e-02
ENSG00000136444.11	22	31	5.999999999999999e-04	9.084748663101604e-02
ENSG00000151470.14	22	31	9.999000099990002e-05	2.059376111200905e-02
ENSG00000162783.11	22	31	5.000000000000000e-04	7.851466600936653e-02
ENSG00000184923.12	22	31	3.000000000000000e-04	5.194194863432531e-02
ENSG00000197757.8	22	31	1.000000000000000e-04	2.059376111200905e-02
ENSG00000247137.10	22	31	5.999999999999999e-04	9.084748663101604e-02
ENSG00000249388.4	22	31	1.000000000000000e-04	2.059376111200905e-02
ENSG00000284934.3	22	31	1.000000000000000e-04	2.059376111200905e-02
ENSG00000018869.19	23	32	3.000000000000000e-04	5.194194863432531e-02
ENSG00000035403.19	23	32	5.999999999999999e-04	9.084748663101604e-02
ENSG00000054523.21	23	32	2.000000000000000e-04	3.728269202633504e-02
ENSG00000070366.15	23	32	5.999999999999999e-04	9.084748663101604e-02
ENSG00000151470.14	23	32	1.000000000000000e-04	2.059376111200905e-02
ENSG00000166592.14	23	32	4.000000000000000e-04	6.548302711036876e-02
ENSG00000169087.12	23	32	4.000000000000000e-04	6.548302711036876e-02
ENSG00000197208.7	23	32	9.999000099990002e-05	2.059376111200905e-02
ENSG00000197757.8	23	32	5.000000000000000e-04	7.851466600936653e-02
ENSG00000249388.4	23	32	9.999000099990002e-05	2.059376111200905e-02
ENSG00000279041.1	23	32	5.000000000000000e-04	7.851466600936653e-02
ENSG00000284934.3	23	32	9.999000099990002e-05	2.059376111200905e-02
ENSG00000135930.16	24	33	5.000000000000000e-04	7.851466600936653e-02
ENSG00000159579.15	24	33	4.000000000000000e-04	6.548302711036876e-02
ENSG00000166592.14	24	33	3.000000000000000e-04	5.194194863432531e-02
ENSG00000117114.22	25	34	5.000000000000000e-04	7.851466600936653e-02
ENSG00000147166.12	25	34	5.000000000000000e-04	7.851466600936653e-02
ENSG00000073150.14	26	35	5.000000000000000e-04	7.851466600936653e-02
ENSG00000088808.19	26	35	5.999999999999999e-04	9.084748663101604e-02
ENSG00000095397.19	26	35	5.000000000000000e-04	7.851466600936653e-02
ENSG00000106244.14	26	35	5.999999999999999e-04	9.084748663101604e-02
ENSG00000111696.13	26	35	4.000000000000000e-04	6.548302711036876e-02
ENSG00000112425.16	26	35	2.000000000000000e-04	3.728269202633504e-02
ENSG00000114544.18	26	35	3.000000000000000e-04	5.194194863432531e-02
ENSG00000131669.11	26	35	4.000000000000000e-04	6.548302711036876e-02
ENSG00000132824.15	26	35	4.000000000000000e-04	6.548302711036876e-02
ENSG00000133961.23	26	35	5.999999999999999e-04	9.084748663101604e-02
ENSG00000134597.18	26	35	4.000000000000000e-04	6.548302711036876e-02
ENSG00000134686.22	26	35	3.000000000000000e-04	5.194194863432531e-02
ENSG00000135314.15	26	35	5.000000000000000e-04	7.851466600936653e-02
ENSG00000137074.21	26	35	5.999999999999999e-04	9.084748663101604e-02
ENSG00000142046.16	26	35	3.000000000000000e-04	5.194194863432531e-02
ENSG00000146425.12	26	35	3.000000000000000e-04	5.194194863432531e-02
ENSG00000157837.17	26	35	5.999999999999999e-04	9.084748663101604e-02
ENSG00000160113.7	26	35	5.000000000000000e-04	7.851466600936653e-02
ENSG00000161526.16	26	35	4.000000000000000e-04	6.548302711036876e-02
ENSG00000170954.13	26	35	5.999999999999999e-04	9.084748663101604e-02
ENSG00000175183.11	26	35	4.000000000000000e-04	6.548302711036876e-02
ENSG00000185896.12	26	35	5.000000000000000e-04	7.851466600936653e-02
ENSG00000187193.10	26	35	4.000000000000000e-04	6.548302711036876e-02
ENSG00000197535.16	26	35	5.999999999999999e-04	9.084748663101604e-02
ENSG00000218336.10	26	35	5.999999999999999e-04	9.084748663101604e-02
ENSG00000240225.11	26	35	2.000000000000000e-04	3.728269202633504e-02
ENSG00000243056.2	26	35	5.999999999999999e-04	9.084748663101604e-02
ENSG00000244198.8	26	35	4.000000000000000e-04	6.548302711036876e-02
ENSG00000272540.1	26	35	4.000000000000000e-04	6.548302711036876e-02
ENSG00000277957.1	26	35	4.000000000000000e-04	6.548302711036876e-02
ENSG00000068697.8	28	37	5.999999999999999e-04	9.084748663101604e-02
ENSG00000100906.13	28	37	5.999999999999999e-04	9.084748663101604e-02
ENSG00000154814.15	28	37	5.000000000000000e-04	7.851466600936653e-02
ENSG00000172716.18	28	37	5.999999999999999e-04	9.084748663101604e-02
ENSG00000182628.14	28	37	5.000000000000000e-04	7.851466600936653e-02
ENSG00000134817.12	78	87	5.999999999999999e-04	9.084748663101604e-02
ENSG00000141052.19	78	87	4.000000000000000e-04	6.548302711036876e-02
ENSG00000150551.12	78	87	5.999999999999999e-04	9.084748663101604e-02
ENSG00000178919.9	78	87	5.000000000000000e-04	7.851466600936653e-02
ENSG00000000003.17	80	89	1.000000000000000e-04	2.059376111200905e-02
ENSG00000000419.15	80	89	3.000000000000000e-04	5.194194863432531e-02
ENSG00000000457.15	80	89	9.999000099990002e-05	2.059376111200905e-02
ENSG00000000460.18	80	89	9.999000099990002e-05	2.059376111200905e-02
ENSG00000000971.18	80	89	1.000000000000000e-04	2.059376111200905e-02
ENSG00000001167.16	80	89	9.999000099990002e-05	2.059376111200905e-02
ENSG00000001460.19	80	89	9.999000099990002e-05	2.059376111200905e-02
ENSG00000001461.20	80	89	1.000000000000000e-04	2.059376111200905e-02
ENSG00000001630.19	80	89	9.999000099990002e-05	2.059376111200905e-02
ENSG00000001631.18	80	89	5.999999999999999e-04	9.084748663101604e-02
ENSG00000002822.17	80	89	9.999000099990002e-05	2.059376111200905e-02
ENSG00000003393.17	80	89	2.000000000000000e-04	3.728269202633504e-02
ENSG00000003400.17	80	89	1.000000000000000e-04	2.059376111200905e-02
ENSG00000004059.12	80	89	4.000000000000000e-04	6.548302711036876e-02
ENSG00000004142.13	80	89	5.999999999999999e-04	9.084748663101604e-02
ENSG00000004399.14	80	89	9.999000099990002e-05	2.059376111200905e-02
ENSG00000004534.16	80	89	5.999999999999999e-04	9.084748663101604e-02
ENSG00000004660.16	80	89	9.999000099990002e-05	2.059376111200905e-02
ENSG00000004799.9	80	89	9.999000099990002e-05	2.059376111200905e-02
ENSG00000004897.13	80	89	9.999000099990002e-05	2.059376111200905e-02
ENSG00000005022.7	80	89	9.999000099990002e-05	2.059376111200905e-02
ENSG00000005075.17	80	89	9.999000099990002e-05	2.059376111200905e-02
ENSG00000005100.13	80	89	9.999000099990002e-05	2.059376111200905e-02
ENSG00000005189.21	80	89	4.000000000000000e-04	6.548302711036876e-02
ENSG00000005206.18	80	89	9.999000099990002e-05	2.059376111200905e-02
ENSG00000005436.15	80	89	3.000000000000000e-04	5.194194863432531e-02
ENSG00000005469.13	80	89	9.999000099990002e-05	2.059376111200905e-02
ENSG00000005471.20	80	89	9.999000099990002e-05	2.059376111200905e-02
ENSG00000005810.21	80	89	9.999000099990002e-05	2.059376111200905e-02
ENSG00000005893.18	80	89	9.999000099990002e-05	2.059376111200905e-02
ENSG00000006007.13	80	89	9.999000099990002e-05	2.059376111200905e-02
ENSG00000006015.19	80	89	1.000000000000000e-04	2.059376111200905e-02
ENSG00000006042.13	80	89	9.999000099990002e-05	2.059376111200905e-02
ENSG00000006194.12	80	89	4.000000000000000e-04	6.548302711036876e-02
ENSG00000006327.15	80	89	9.999000099990002e-05	2.059376111200905e-02
ENSG00000006606.9	80	89	9.999000099990002e-05	2.059376111200905e-02
ENSG00000006634.9	80	89	3.000000000000000e-04	5.194194863432531e-02
ENSG00000006638.14	80	89	1.000000000000000e-04	2.059376111200905e-02
ENSG00000006652.15	80	89	1.000000000000000e-04	2.059376111200905e-02
ENSG00000006712.16	80	89	9.999000099990002e-05	2.059376111200905e-02
ENSG00000006837.12	80	89	2.000000000000000e-04	3.728269202633504e-02
ENSG00000007080.12	80	89	9.999000099990002e-05	2.059376111200905e-02
ENSG00000007255.11	80	89	3.000000000000000e-04	5.194194863432531e-02
ENSG00000007376.9	80	89	9.999000099990002e-05	2.059376111200905e-02
ENSG00000007392.18	80	89	2.000000000000000e-04	3.728269202633504e-02
ENSG00000007520.5	80	89	9.999000099990002e-05	2.059376111200905e-02
ENSG00000007944.16	80	89	9.999000099990002e-05	2.059376111200905e-02
ENSG00000007968.8	80	89	1.000000000000000e-04	2.059376111200905e-02
ENSG00000008130.16	80	89	4.000000000000000e-04	6.548302711036876e-02
ENSG00000008311.17	80	89	9.999000099990002e-05	2.059376111200905e-02
ENSG00000008710.20	80	89	9.999000099990002e-05	2.059376111200905e-02
ENSG00000008869.13	80	89	1.000000000000000e-04	2.059376111200905e-02
ENSG00000009307.18	80	89	2.000000000000000e-04	3.728269202633504e-02
ENSG00000009413.17	80	89	9.999000099990002e-05	2.059376111200905e-02
ENSG00000010017.14	80	89	4.000000000000000e-04	6.548302711036876e-02
ENSG00000010292.14	80	89	2.000000000000000e-04	3.728269202633504e-02
ENSG00000010322.17	80	89	9.999000099990002e-05	2.059376111200905e-02
ENSG00000010404.19	80	89	2.000000000000000e-04	3.728269202633504e-02
ENSG00000010704.20	80	89	2.000000000000000e-04	3.728269202633504e-02
ENSG00000011007.14	80	89	3.000000000000000e-04	5.194194863432531e-02
ENSG00000011009.13	80	89	5.999999999999999e-04	9.084748663101604e-02
ENSG00000011105.15	80	89	9.999000099990002e-05	2.059376111200905e-02
ENSG00000011258.17	80	89	9.999000099990002e-05	2.059376111200905e-02
ENSG00000011295.17	80	89	9.999000099990002e-05	2.059376111200905e-02
ENSG00000011304.23	80	89	9.999000099990002e-05	2.059376111200905e-02
ENSG00000011332.23	80	89	1.000000000000000e-04	2.059376111200905e-02
ENSG00000011422.13	80	89	9.999000099990002e-05	2.059376111200905e-02
ENSG00000011426.12	80	89	9.999000099990002e-05	2.059376111200905e-02
ENSG00000011451.22	80	89	9.999000099990002e-05	2.059376111200905e-02
ENSG00000011454.19	80	89	9.999000099990002e-05	2.059376111200905e-02
ENSG00000011465.19	80	89	9.999000099990002e-05	2.059376111200905e-02
ENSG00000012048.27	80	89	9.999000099990002e-05	2.059376111200905e-02
ENSG00000012061.18	80	89	2.000000000000000e-04	3.728269202633504e-02
ENSG00000012822.17	80	89	9.999000099990002e-05	2.059376111200905e-02
ENSG00000013275.9	80	89	9.999000099990002e-05	2.059376111200905e-02
ENSG00000013306.17	80	89	9.999000099990002e-05	2.059376111200905e-02
ENSG00000013392.9	80	89	9.999000099990002e-05	2.059376111200905e-02
ENSG00000013441.18	80	89	9.999000099990002e-05	2.059376111200905e-02
ENSG00000013523.13	80	89	9.999000099990002e-05	2.059376111200905e-02
ENSG00000013573.18	80	89	9.999000099990002e-05	2.059376111200905e-02
ENSG00000013810.22	80	89	9.999000099990002e-05	2.059376111200905e-02
ENSG00000014138.11	80	89	9.999000099990002e-05	2.059376111200905e-02
ENSG00000014164.8	80	89	9.999000099990002e-05	2.059376111200905e-02
ENSG00000015171.22	80	89	4.000000000000000e-04	6.548302711036876e-02
ENSG00000015532.11	80	89	9.999000099990002e-05	2.059376111200905e-02
ENSG00000015676.19	80	89	3.000000000000000e-04	5.194194863432531e-02
ENSG00000016391.12	80	89	1.000000000000000e-04	2.059376111200905e-02
ENSG00000016864.20	80	89	9.999000099990002e-05	2.059376111200905e-02
ENSG00000017483.17	80	89	4.000000000000000e-04	6.548302711036876e-02
ENSG00000019995.6	80	89	1.000000000000000e-04	2.059376111200905e-02
ENSG00000020922.14	80	89	5.000000000000000e-04	7.851466600936653e-02
ENSG00000021355.14	80	89	4.000000000000000e-04	6.548302711036876e-02
ENSG00000021762.21	80	89	1.000000000000000e-04	2.059376111200905e-02
ENSG00000022267.20	80	89	1.000000000000000e-04	2.059376111200905e-02
ENSG00000022277.14	80	89	9.999000099990002e-05	2.059376111200905e-02
ENSG00000023171.21	80	89	9.999000099990002e-05	2.059376111200905e-02
ENSG00000023191.18	80	89	9.999000099990002e-05	2.059376111200905e-02
ENSG00000023287.14	80	89	9.999000099990002e-05	2.059376111200905e-02
ENSG00000023330.16	80	89	4.000000000000000e-04	6.548302711036876e-02
ENSG00000024048.12	80	89	3.000000000000000e-04	5.194194863432531e-02
ENSG00000024422.13	80	89	9.999000099990002e-05	2.059376111200905e-02
ENSG00000024526.18	80	89	9.999000099990002e-05	2.059376111200905e-02
ENSG00000024862.19	80	89	9.999000099990002e-05	2.059376111200905e-02
ENSG00000025434.20	80	89	1.000000000000000e-04	2.059376111200905e-02
ENSG00000025770.20	80	89	9.999000099990002e-05	2.059376111200905e-02
ENSG00000025772.9	80	89	9.999000099990002e-05	2.059376111200905e-02
ENSG00000025796.15	80	89	1.000000000000000e-04	2.059376111200905e-02
ENSG00000026036.23	80	89	9.999000099990002e-05	2.059376111200905e-02
ENSG00000026297.18	80	89	3.000000000000000e-04	5.194194863432531e-02
ENSG00000026508.22	80	89	1.000000000000000e-04	2.059376111200905e-02
ENSG00000026559.15	80	89	9.999000099990002e-05	2.059376111200905e-02
ENSG00000026950.19	80	89	2.000000000000000e-04	3.728269202633504e-02
ENSG00000027847.15	80	89	1.000000000000000e-04	2.059376111200905e-02
ENSG00000029153.16	80	89	9.999000099990002e-05	2.059376111200905e-02
ENSG00000029993.16	80	89	9.999000099990002e-05	2.059376111200905e-02
ENSG00000030110.15	80	89	4.000000000000000e-04	6.548302711036876e-02
ENSG00000031823.15	80	89	9.999000099990002e-05	2.059376111200905e-02
ENSG00000033178.14	80	89	3.000000000000000e-04	5.194194863432531e-02
ENSG00000034510.7	80	89	2.000000000000000e-04	3.728269202633504e-02
ENSG00000034713.8	80	89	9.999000099990002e-05	2.059376111200905e-02
ENSG00000035115.23	80	89	9.999000099990002e-05	2.059376111200905e-02
ENSG00000035141.11	80	89	3.000000000000000e-04	5.194194863432531e-02
ENSG00000035499.14	80	89	9.999000099990002e-05	2.059376111200905e-02
ENSG00000035681.11	80	89	1.000000000000000e-04	2.059376111200905e-02
ENSG00000038274.19	80	89	9.999000099990002e-05	2.059376111200905e-02
ENSG00000038382.23	80	89	1.000000000000000e-04	2.059376111200905e-02
ENSG00000039523.21	80	89	9.999000099990002e-05	2.059376111200905e-02
ENSG00000040487.14	80	89	5.999999999999999e-04	9.084748663101604e-02
ENSG00000042088.15	80	89	2.000000000000000e-04	3.728269202633504e-02
ENSG00000043143.23	80	89	9.999000099990002e-05	2.059376111200905e-02
ENSG00000046889.20	80	89	5.999999999999999e-04	9.084748663101604e-02
ENSG00000047188.17	80	89	3.000000000000000e-04	5.194194863432531e-02
ENSG00000047346.14	80	89	9.999000099990002e-05	2.059376111200905e-02
ENSG00000048140.19	80	89	9.999000099990002e-05	2.059376111200905e-02
ENSG00000048162.23	80	89	9.999000099990002e-05	2.059376111200905e-02
ENSG00000048740.20	80	89	2.000000000000000e-04	3.728269202633504e-02
ENSG00000048828.19	80	89	9.999000099990002e-05	2.059376111200905e-02
ENSG00000049239.14	80	89	4.000000000000000e-04	6.548302711036876e-02
ENSG00000049541.12	80	89	9.999000099990002e-05	2.059376111200905e-02
ENSG00000050426.17	80	89	9.999000099990002e-05	2.059376111200905e-02
ENSG00000050438.18	80	89	9.999000099990002e-05	2.059376111200905e-02
ENSG00000050820.18	80	89	9.999000099990002e-05	2.059376111200905e-02
ENSG00000051180.18	80	89	9.999000099990002e-05	2.059376111200905e-02
ENSG00000051341.16	80	89	9.999000099990002e-05	2.059376111200905e-02
ENSG00000051523.13	80	89	4.000000000000000e-04	6.548302711036876e-02
ENSG00000051620.12	80	89	9.999000099990002e-05	2.059376111200905e-02
ENSG00000052802.14	80	89	9.999000099990002e-05	2.059376111200905e-02
ENSG00000052841.17	80	89	1.000000000000000e-04	2.059376111200905e-02
ENSG00000053328.10	80	89	9.999000099990002e-05	2.059376111200905e-02
ENSG00000053372.6	80	89	1.000000000000000e-04	2.059376111200905e-02
ENSG00000053770.13	80	89	9.999000099990002e-05	2.059376111200905e-02
ENSG00000054267.23	80	89	1.000000000000000e-04	2.059376111200905e-02
ENSG00000054392.14	80	89	1.000000000000000e-04	2.059376111200905e-02
ENSG00000054611.15	80	89	1.000000000000000e-04	2.059376111200905e-02
ENSG00000054967.14	80	89	9.999000099990002e-05	2.059376111200905e-02
ENSG00000055208.21	80	89	1.000000000000000e-04	2.059376111200905e-02
ENSG00000055211.15	80	89	9.999000099990002e-05	2.059376111200905e-02
ENSG00000056736.11	80	89	9.999000099990002e-05	2.059376111200905e-02
ENSG00000056998.22	80	89	1.000000000000000e-04	2.059376111200905e-02
ENSG00000057935.15	80	89	9.999000099990002e-05	2.059376111200905e-02
ENSG00000058272.20	80	89	9.999000099990002e-05	2.059376111200905e-02
ENSG00000058453.18	80	89	1.000000000000000e-04	2.059376111200905e-02
ENSG00000058673.17	80	89	5.000000000000000e-04	7.851466600936653e-02
ENSG00000058804.13	80	89	9.999000099990002e-05	2.059376111200905e-02
ENSG00000060069.19	80	89	9.999000099990002e-05	2.059376111200905e-02
ENSG00000060642.13	80	89	3.000000000000000e-04	5.194194863432531e-02
ENSG00000060982.16	80	89	1.000000000000000e-04	2.059376111200905e-02
ENSG00000061337.16	80	89	9.999000099990002e-05	2.059376111200905e-02
ENSG00000061938.22	80	89	3.000000000000000e-04	5.194194863432531e-02
ENSG00000061987.17	80	89	9.999000099990002e-05	2.059376111200905e-02
ENSG00000062194.17	80	89	9.999000099990002e-05	2.059376111200905e-02
ENSG00000062485.20	80	89	9.999000099990002e-05	2.059376111200905e-02
ENSG00000062582.15	80	89	9.999000099990002e-05	2.059376111200905e-02
ENSG00000062822.17	80	89	9.999000099990002e-05	2.059376111200905e-02
ENSG00000063169.13	80	89	9.999000099990002e-05	2.059376111200905e-02
ENSG00000063176.17	80	89	9.999000099990002e-05	2.059376111200905e-02
ENSG00000063244.15	80	89	9.999000099990002e-05	2.059376111200905e-02
ENSG00000063245.16	80	89	9.999000099990002e-05	2.059376111200905e-02
ENSG00000063660.10	80	89	9.999000099990002e-05	2.059376111200905e-02
ENSG00000063854.14	80	89	4.000000000000000e-04	6.548302711036876e-02
ENSG00000063978.18	80	89	1.000000000000000e-04	2.059376111200905e-02
ENSG00000064205.12	80	89	1.000000000000000e-04	2.059376111200905e-02
ENSG00000064309.17	80	89	9.999000099990002e-05	2.059376111200905e-02
ENSG00000064393.17	80	89	1.000000000000000e-04	2.059376111200905e-02
ENSG00000064419.15	80	89	9.999000099990002e-05	2.059376111200905e-02
ENSG00000064545.16	80	89	9.999000099990002e-05	2.059376111200905e-02
ENSG00000064601.22	80	89	1.000000000000000e-04	2.059376111200905e-02
ENSG00000064787.15	80	89	5.000000000000000e-04	7.851466600936653e-02
ENSG00000064932.17	80	89	2.000000000000000e-04	3.728269202633504e-02
ENSG00000064961.20	80	89	9.999000099990002e-05	2.059376111200905e-02
ENSG00000065000.21	80	89	1.000000000000000e-04	2.059376111200905e-02
ENSG00000065054.15	80	89	9.999000099990002e-05	2.059376111200905e-02
ENSG00000065057.10	80	89	9.999000099990002e-05	2.059376111200905e-02
ENSG00000065154.13	80	89	2.000000000000000e-04	3.728269202633504e-02
ENSG00000065268.12	80	89	9.999000099990002e-05	2.059376111200905e-02
ENSG00000065328.18	80	89	9.999000099990002e-05	2.059376111200905e-02
ENSG00000065491.9	80	89	9.999000099990002e-05	2.059376111200905e-02
ENSG00000065534.21	80	89	2.000000000000000e-04	3.728269202633504e-02
ENSG00000065615.15	80	89	4.000000000000000e-04	6.548302711036876e-02
ENSG00000065618.22	80	89	3.000000000000000e-04	5.194194863432531e-02
ENSG00000065802.13	80	89	9.999000099990002e-05	2.059376111200905e-02
ENSG00000065882.19	80	89	1.000000000000000e-04	2.059376111200905e-02
ENSG00000065883.19	80	89	9.999000099990002e-05	2.059376111200905e-02
ENSG00000065978.20	80	89	9.999000099990002e-05	2.059376111200905e-02
ENSG00000066027.13	80	89	9.999000099990002e-05	2.059376111200905e-02
ENSG00000066044.16	80	89	9.999000099990002e-05	2.059376111200905e-02
ENSG00000066230.12	80	89	9.999000099990002e-05	2.059376111200905e-02
ENSG00000066279.20	80	89	9.999000099990002e-05	2.059376111200905e-02
ENSG00000066322.16	80	89	2.000000000000000e-04	3.728269202633504e-02
ENSG00000066422.8	80	89	9.999000099990002e-05	2.059376111200905e-02
ENSG00000066455.14	80	89	9.999000099990002e-05	2.059376111200905e-02
ENSG00000066697.16	80	89	2.000000000000000e-04	3.728269202633504e-02
ENSG00000066777.10	80	89	9.999000099990002e-05	2.059376111200905e-02
ENSG00000066855.17	80	89	9.999000099990002e-05	2.059376111200905e-02
ENSG00000067057.20	80	89	4.000000000000000e-04	6.548302711036876e-02
ENSG00000067064.13	80	89	5.000000000000000e-04	7.851466600936653e-02
ENSG00000067066.18	80	89	9.999000099990002e-05	2.059376111200905e-02
ENSG00000067082.16	80	89	9.999000099990002e-05	2.059376111200905e-02
ENSG00000067113.18	80	89	9.999000099990002e-05	2.059376111200905e-02
ENSG00000067167.9	80	89	9.999000099990002e-05	2.059376111200905e-02
ENSG00000067182.10	80	89	9.999000099990002e-05	2.059376111200905e-02
ENSG00000067369.15	80	89	9.999000099990002e-05	2.059376111200905e-02
ENSG00000067560.15	80	89	9.999000099990002e-05	2.059376111200905e-02
ENSG00000067955.16	80	89	9.999000099990002e-05	2.059376111200905e-02
ENSG00000068001.15	80	89	9.999000099990002e-05	2.059376111200905e-02
ENSG00000068028.19	80	89	5.000000000000000e-04	7.851466600936653e-02
ENSG00000068305.20	80	89	1.000000000000000e-04	2.059376111200905e-02
ENSG00000068438.16	80	89	9.999000099990002e-05	2.059376111200905e-02
ENSG00000068489.13	80	89	9.999000099990002e-05	2.059376111200905e-02
ENSG00000068650.20	80	89	3.000000000000000e-04	5.194194863432531e-02
ENSG00000068697.8	80	89	9.999000099990002e-05	2.059376111200905e-02
ENSG00000069275.14	80	89	9.999000099990002e-05	2.059376111200905e-02
ENSG00000069345.13	80	89	9.999000099990002e-05	2.059376111200905e-02
ENSG00000069482.8	80	89	9.999000099990002e-05	2.059376111200905e-02
ENSG00000069943.11	80	89	9.999000099990002e-05	2.059376111200905e-02
ENSG00000070010.20	80	89	9.999000099990002e-05	2.059376111200905e-02
ENSG00000070047.14	80	89	2.000000000000000e-04	3.728269202633504e-02
ENSG00000070182.22	80	89	9.999000099990002e-05	2.059376111200905e-02
ENSG00000070214.18	80	89	9.999000099990002e-05	2.059376111200905e-02
ENSG00000070269.15	80	89	1.000000000000000e-04	2.059376111200905e-02
ENSG00000070423.19	80	89	9.999000099990002e-05	2.059376111200905e-02
ENSG00000070444.16	80	89	1.000000000000000e-04	2.059376111200905e-02
ENSG00000070476.16	80	89	9.999000099990002e-05	2.059376111200905e-02
ENSG00000070540.14	80	89	9.999000099990002e-05	2.059376111200905e-02
ENSG00000070814.23	80	89	9.999000099990002e-05	2.059376111200905e-02
ENSG00000070950.11	80	89	9.999000099990002e-05	2.059376111200905e-02
ENSG00000071082.12	80	89	9.999000099990002e-05	2.059376111200905e-02
ENSG00000071242.14	80	89	3.000000000000000e-04	5.194194863432531e-02
ENSG00000071282.13	80	89	9.999000099990002e-05	2.059376111200905e-02
ENSG00000071539.15	80	89	9.999000099990002e-05	2.059376111200905e-02
ENSG00000071564.20	80	89	9.999000099990002e-05	2.059376111200905e-02
ENSG00000071575.12	80	89	9.999000099990002e-05	2.059376111200905e-02
ENSG00000071626.18	80	89	9.999000099990002e-05	2.059376111200905e-02
ENSG00000071655.19	80	89	9.999000099990002e-05	2.059376111200905e-02
ENSG00000071889.18	80	89	9.999000099990002e-05	2.059376111200905e-02
ENSG00000071967.13	80	89	1.000000000000000e-04	2.059376111200905e-02
ENSG00000072135.14	80	89	5.999999999999999e-04	9.084748663101604e-02
ENSG00000072210.20	80	89	9.999000099990002e-05	2.059376111200905e-02
ENSG00000072401.16	80	89	9.999000099990002e-05	2.059376111200905e-02
ENSG00000072422.18	80	89	9.999000099990002e-05	2.059376111200905e-02
ENSG00000072501.20	80	89	9.999000099990002e-05	2.059376111200905e-02
ENSG00000072506.15	80	89	9.999000099990002e-05	2.059376111200905e-02
ENSG00000072571.21	80	89	9.999000099990002e-05	2.059376111200905e-02
ENSG00000072786.14	80	89	9.999000099990002e-05	2.059376111200905e-02
ENSG00000072803.19	80	89	1.000000000000000e-04	2.059376111200905e-02
ENSG00000072818.13	80	89	3.000000000000000e-04	5.194194863432531e-02
ENSG00000072958.10	80	89	9.999000099990002e-05	2.059376111200905e-02
ENSG00000073050.13	80	89	1.000000000000000e-04	2.059376111200905e-02
ENSG00000073111.16	80	89	9.999000099990002e-05	2.059376111200905e-02
ENSG00000073150.14	80	89	9.999000099990002e-05	2.059376111200905e-02
ENSG00000073169.15	80	89	9.999000099990002e-05	2.059376111200905e-02
ENSG00000073536.19	80	89	3.000000000000000e-04	5.194194863432531e-02
ENSG00000073605.20	80	89	5.000000000000000e-04	7.851466600936653e-02
ENSG00000074047.23	80	89	9.999000099990002e-05	2.059376111200905e-02
ENSG00000074071.16	80	89	9.999000099990002e-05	2.059376111200905e-02
ENSG00000074416.17	80	89	9.999000099990002e-05	2.059376111200905e-02
ENSG00000074582.16	80	89	2.000000000000000e-04	3.728269202633504e-02
ENSG00000074800.17	80	89	5.999999999999999e-04	9.084748663101604e-02
ENSG00000074842.9	80	89	1.000000000000000e-04	2.059376111200905e-02
ENSG00000074855.11	80	89	9.999000099990002e-05	2.059376111200905e-02
ENSG00000075089.11	80	89	1.000000000000000e-04	2.059376111200905e-02
ENSG00000075131.11	80	89	9.999000099990002e-05	2.059376111200905e-02
ENSG00000075218.20	80	89	9.999000099990002e-05	2.059376111200905e-02
ENSG00000075234.18	80	89	1.000000000000000e-04	2.059376111200905e-02
ENSG00000075292.21	80	89	9.999000099990002e-05	2.059376111200905e-02
ENSG00000075407.20	80	89	1.000000000000000e-04	2.059376111200905e-02
ENSG00000075413.20	80	89	3.000000000000000e-04	5.194194863432531e-02
ENSG00000075415.16	80	89	9.999000099990002e-05	2.059376111200905e-02
ENSG00000075618.19	80	89	9.999000099990002e-05	2.059376111200905e-02
ENSG00000075624.18	80	89	1.000000000000000e-04	2.059376111200905e-02
ENSG00000075651.18	80	89	9.999000099990002e-05	2.059376111200905e-02
ENSG00000075702.19	80	89	9.999000099990002e-05	2.059376111200905e-02
ENSG00000075785.15	80	89	5.000000000000000e-04	7.851466600936653e-02
ENSG00000075826.18	80	89	9.999000099990002e-05	2.059376111200905e-02
ENSG00000076003.6	80	89	4.000000000000000e-04	6.548302711036876e-02
ENSG00000076043.12	80	89	5.999999999999999e-04	9.084748663101604e-02
ENSG00000076053.13	80	89	1.000000000000000e-04	2.059376111200905e-02
ENSG00000076258.11	80	89	9.999000099990002e-05	2.059376111200905e-02
ENSG00000076356.8	80	89	9.999000099990002e-05	2.059376111200905e-02
ENSG00000076382.18	80	89	9.999000099990002e-05	2.059376111200905e-02
ENSG00000076685.20	80	89	9.999000099990002e-05	2.059376111200905e-02
ENSG00000076716.10	80	89	1.000000000000000e-04	2.059376111200905e-02
ENSG00000076924.13	80	89	9.999000099990002e-05	2.059376111200905e-02
ENSG00000076928.21	80	89	9.999000099990002e-05	2.059376111200905e-02
ENSG00000077097.18	80	89	2.000000000000000e-04	3.728269202633504e-02
ENSG00000077147.17	80	89	9.999000099990002e-05	2.059376111200905e-02
ENSG00000077152.13	80	89	9.999000099990002e-05	2.059376111200905e-02
ENSG00000077254.15	80	89	9.999000099990002e-05	2.059376111200905e-02
ENSG00000077348.11	80	89	9.999000099990002e-05	2.059376111200905e-02
ENSG00000077454.18	80	89	9.999000099990002e-05	2.059376111200905e-02
ENSG00000077463.16	80	89	9.999000099990002e-05	2.059376111200905e-02
ENSG00000077514.10	80	89	1.000000000000000e-04	2.059376111200905e-02
ENSG00000077585.15	80	89	9.999000099990002e-05	2.059376111200905e-02
ENSG00000077942.20	80	89	9.999000099990002e-05	2.059376111200905e-02
ENSG00000077943.9	80	89	9.999000099990002e-05	2.059376111200905e-02
ENSG00000078018.23	80	89	9.999000099990002e-05	2.059376111200905e-02
ENSG00000078070.15	80	89	5.000000000000000e-04	7.851466600936653e-02
ENSG00000078098.16	80	89	9.999000099990002e-05	2.059376111200905e-02
ENSG00000078140.15	80	89	9.999000099990002e-05	2.059376111200905e-02
ENSG00000078142.15	80	89	9.999000099990002e-05	2.059376111200905e-02
ENSG00000078269.15	80	89	9.999000099990002e-05	2.059376111200905e-02
ENSG00000078369.20	80	89	2.000000000000000e-04	3.728269202633504e-02
ENSG00000078399.19	80	89	9.999000099990002e-05	2.059376111200905e-02
ENSG00000078725.14	80	89	9.999000099990002e-05	2.059376111200905e-02
ENSG00000078902.17	80	89	1.000000000000000e-04	2.059376111200905e-02
ENSG00000079156.18	80	89	9.999000099990002e-05	2.059376111200905e-02
ENSG00000079215.16	80	89	5.000000000000000e-04	7.851466600936653e-02
ENSG00000079313.16	80	89	4.000000000000000e-04	6.548302711036876e-02
ENSG00000079435.11	80	89	9.999000099990002e-05	2.059376111200905e-02
ENSG00000079462.9	80	89	9.999000099990002e-05	2.059376111200905e-02
ENSG00000079616.15	80	89	9.999000099990002e-05	2.059376111200905e-02
ENSG00000079974.20	80	89	1.000000000000000e-04	2.059376111200905e-02
ENSG00000080493.20	80	89	9.999000099990002e-05	2.059376111200905e-02
ENSG00000080503.26	80	89	9.999000099990002e-05	2.059376111200905e-02
ENSG00000080546.15	80	89	9.999000099990002e-05	2.059376111200905e-02
ENSG00000080839.13	80	89	9.999000099990002e-05	2.059376111200905e-02
ENSG00000080845.20	80	89	9.999000099990002e-05	2.059376111200905e-02
ENSG00000080986.14	80	89	9.999000099990002e-05	2.059376111200905e-02
ENSG00000081051.8	80	89	1.000000000000000e-04	2.059376111200905e-02
ENSG00000081277.13	80	89	9.999000099990002e-05	2.059376111200905e-02
ENSG00000081377.18	80	89	9.999000099990002e-05	2.059376111200905e-02
ENSG00000081665.15	80	89	9.999000099990002e-05	2.059376111200905e-02
ENSG00000081692.14	80	89	2.000000000000000e-04	3.728269202633504e-02
ENSG00000082269.18	80	89	1.000000000000000e-04	2.059376111200905e-02
ENSG00000082482.15	80	89	4.000000000000000e-04	6.548302711036876e-02
ENSG00000082497.13	80	89	9.999000099990002e-05	2.059376111200905e-02
ENSG00000083123.16	80	89	5.000000000000000e-04	7.851466600936653e-02
ENSG00000083223.19	80	89	2.000000000000000e-04	3.728269202633504e-02
ENSG00000083454.24	80	89	3.000000000000000e-04	5.194194863432531e-02
ENSG00000083544.17	80	89	1.000000000000000e-04	2.059376111200905e-02
ENSG00000083720.14	80	89	9.999000099990002e-05	2.059376111200905e-02
ENSG00000083750.14	80	89	9.999000099990002e-05	2.059376111200905e-02
ENSG00000083812.14	80	89	9.999000099990002e-05	2.059376111200905e-02
ENSG00000083937.10	80	89	5.000000000000000e-04	7.851466600936653e-02
ENSG00000084073.11	80	89	5.000000000000000e-04	7.851466600936653e-02
ENSG00000084234.19	80	89	9.999000099990002e-05	2.059376111200905e-02
ENSG00000084444.15	80	89	9.999000099990002e-05	2.059376111200905e-02
ENSG00000084463.9	80	89	9.999000099990002e-05	2.059376111200905e-02
ENSG00000084710.15	80	89	9.999000099990002e-05	2.059376111200905e-02
ENSG00000084754.13	80	89	9.999000099990002e-05	2.059376111200905e-02
ENSG00000084774.15	80	89	1.000000000000000e-04	2.059376111200905e-02
ENSG00000085274.17	80	89	9.999000099990002e-05	2.059376111200905e-02
ENSG00000085382.13	80	89	3.000000000000000e-04	5.194194863432531e-02
ENSG00000085465.14	80	89	3.000000000000000e-04	5.194194863432531e-02
ENSG00000085644.15	80	89	9.999000099990002e-05	2.059376111200905e-02
ENSG00000085832.19	80	89	9.999000099990002e-05	2.059376111200905e-02
ENSG00000085840.14	80	89	9.999000099990002e-05	2.059376111200905e-02
ENSG00000085872.16	80	89	1.000000000000000e-04	2.059376111200905e-02
ENSG00000085999.14	80	89	9.999000099990002e-05	2.059376111200905e-02
ENSG00000086065.15	80	89	9.999000099990002e-05	2.059376111200905e-02
ENSG00000086758.18	80	89	1.000000000000000e-04	2.059376111200905e-02
ENSG00000086827.10	80	89	9.999000099990002e-05	2.059376111200905e-02
ENSG00000087245.13	80	89	9.999000099990002e-05	2.059376111200905e-02
ENSG00000087266.19	80	89	1.000000000000000e-04	2.059376111200905e-02
ENSG00000087269.17	80	89	9.999000099990002e-05	2.059376111200905e-02
ENSG00000087299.13	80	89	9.999000099990002e-05	2.059376111200905e-02
ENSG00000087495.18	80	89	9.999000099990002e-05	2.059376111200905e-02
ENSG00000087586.19	80	89	9.999000099990002e-05	2.059376111200905e-02
ENSG00000088247.19	80	89	9.999000099990002e-05	2.059376111200905e-02
ENSG00000088325.17	80	89	9.999000099990002e-05	2.059376111200905e-02
ENSG00000088448.15	80	89	4.000000000000000e-04	6.548302711036876e-02
ENSG00000088766.13	80	89	9.999000099990002e-05	2.059376111200905e-02
ENSG00000088812.19	80	89	5.999999999999999e-04	9.084748663101604e-02
ENSG00000088888.19	80	89	1.000000000000000e-04	2.059376111200905e-02
ENSG00000088930.9	80	89	1.000000000000000e-04	2.059376111200905e-02
ENSG00000088970.17	80	89	1.000000000000000e-04	2.059376111200905e-02
ENSG00000089060.13	80	89	9.999000099990002e-05	2.059376111200905e-02
ENSG00000089159.18	80	89	9.999000099990002e-05	2.059376111200905e-02
ENSG00000089289.17	80	89	9.999000099990002e-05	2.059376111200905e-02
ENSG00000089327.17	80	89	9.999000099990002e-05	2.059376111200905e-02
ENSG00000089335.23	80	89	9.999000099990002e-05	2.059376111200905e-02
ENSG00000089472.19	80	89	9.999000099990002e-05	2.059376111200905e-02
ENSG00000089505.18	80	89	9.999000099990002e-05	2.059376111200905e-02
ENSG00000089685.16	80	89	9.999000099990002e-05	2.059376111200905e-02
ENSG00000089737.20	80	89	1.000000000000000e-04	2.059376111200905e-02
ENSG00000089820.18	80	89	2.000000000000000e-04	3.728269202633504e-02
ENSG00000089876.13	80	89	9.999000099990002e-05	2.059376111200905e-02
ENSG00000090273.15	80	89	9.999000099990002e-05	2.059376111200905e-02
ENSG00000090316.17	80	89	9.999000099990002e-05	2.059376111200905e-02
ENSG00000090487.12	80	89	9.999000099990002e-05	2.059376111200905e-02
ENSG00000090889.13	80	89	9.999000099990002e-05	2.059376111200905e-02
ENSG00000091073.21	80	89	9.999000099990002e-05	2.059376111200905e-02
ENSG00000091409.18	80	89	9.999000099990002e-05	2.059376111200905e-02
ENSG00000091651.10	80	89	9.999000099990002e-05	2.059376111200905e-02
ENSG00000092020.12	80	89	4.000000000000000e-04	6.548302711036876e-02
ENSG00000092140.17	80	89	2.000000000000000e-04	3.728269202633504e-02
ENSG00000092148.15	80	89	5.999999999999999e-04	9.084748663101604e-02
ENSG00000092201.11	80	89	3.000000000000000e-04	5.194194863432531e-02
ENSG00000092330.20	80	89	9.999000099990002e-05	2.059376111200905e-02
ENSG00000092439.16	80	89	9.999000099990002e-05	2.059376111200905e-02
ENSG00000092445.13	80	89	4.000000000000000e-04	6.548302711036876e-02
ENSG00000092470.13	80	89	9.999000099990002e-05	2.059376111200905e-02
ENSG00000092607.15	80	89	9.999000099990002e-05	2.059376111200905e-02
ENSG00000092820.20	80	89	9.999000099990002e-05	2.059376111200905e-02
ENSG00000092853.15	80	89	9.999000099990002e-05	2.059376111200905e-02
ENSG00000092964.18	80	89	9.999000099990002e-05	2.059376111200905e-02
ENSG00000093000.20	80	89	9.999000099990002e-05	2.059376111200905e-02
ENSG00000093009.12	80	89	9.999000099990002e-05	2.059376111200905e-02
ENSG00000093217.12	80	89	9.999000099990002e-05	2.059376111200905e-02
ENSG00000094804.13	80	89	9.999000099990002e-05	2.059376111200905e-02
ENSG00000094916.17	80	89	9.999000099990002e-05	2.059376111200905e-02
ENSG00000095002.17	80	89	3.000000000000000e-04	5.194194863432531e-02
ENSG00000095015.7	80	89	4.000000000000000e-04	6.548302711036876e-02
ENSG00000095319.15	80	89	1.000000000000000e-04	2.059376111200905e-02
ENSG00000095321.19	80	89	9.999000099990002e-05	2.059376111200905e-02
ENSG00000095380.12	80	89	9.999000099990002e-05	2.059376111200905e-02
ENSG00000095383.20	80	89	2.000000000000000e-04	3.728269202633504e-02
ENSG00000095397.19	80	89	1.000000000000000e-04	2.059376111200905e-02
ENSG00000095752.7	80	89	9.999000099990002e-05	2.059376111200905e-02
ENSG00000095906.18	80	89	9.999000099990002e-05	2.059376111200905e-02
ENSG00000095951.19	80	89	1.000000000000000e-04	2.059376111200905e-02
ENSG00000096063.17	80	89	9.999000099990002e-05	2.059376111200905e-02
ENSG00000096717.13	80	89	2.000000000000000e-04	3.728269202633504e-02
ENSG00000096746.19	80	89	2.000000000000000e-04	3.728269202633504e-02
ENSG00000097021.22	80	89	9.999000099990002e-05	2.059376111200905e-02
ENSG00000097046.14	80	89	9.999000099990002e-05	2.059376111200905e-02
ENSG00000099139.15	80	89	9.999000099990002e-05	2.059376111200905e-02
ENSG00000099246.20	80	89	9.999000099990002e-05	2.059376111200905e-02
ENSG00000099290.18	80	89	9.999000099990002e-05	2.059376111200905e-02
ENSG00000099331.15	80	89	2.000000000000000e-04	3.728269202633504e-02
ENSG00000099364.18	80	89	9.999000099990002e-05	2.059376111200905e-02
ENSG00000099377.15	80	89	9.999000099990002e-05	2.059376111200905e-02
ENSG00000099381.20	80	89	9.999000099990002e-05	2.059376111200905e-02
ENSG00000099385.13	80	89	9.999000099990002e-05	2.059376111200905e-02
ENSG00000099624.9	80	89	9.999000099990002e-05	2.059376111200905e-02
ENSG00000099795.8	80	89	9.999000099990002e-05	2.059376111200905e-02
ENSG00000099800.9	80	89	9.999000099990002e-05	2.059376111200905e-02
ENSG00000099804.10	80	89	9.999000099990002e-05	2.059376111200905e-02
ENSG00000099814.18	80	89	9.999000099990002e-05	2.059376111200905e-02
ENSG00000099817.13	80	89	9.999000099990002e-05	2.059376111200905e-02
ENSG00000099901.19	80	89	9.999000099990002e-05	2.059376111200905e-02
ENSG00000099904.17	80	89	3.000000000000000e-04	5.194194863432531e-02
ENSG00000099917.18	80	89	9.999000099990002e-05	2.059376111200905e-02
ENSG00000099956.21	80	89	9.999000099990002e-05	2.059376111200905e-02
ENSG00000099995.20	80	89	1.000000000000000e-04	2.059376111200905e-02
ENSG00000100003.18	80	89	9.999000099990002e-05	2.059376111200905e-02
ENSG00000100030.16	80	89	9.999000099990002e-05	2.059376111200905e-02
ENSG00000100034.14	80	89	9.999000099990002e-05	2.059376111200905e-02
ENSG00000100036.13	80	89	9.999000099990002e-05	2.059376111200905e-02
ENSG00000100056.13	80	89	9.999000099990002e-05	2.059376111200905e-02
ENSG00000100075.11	80	89	9.999000099990002e-05	2.059376111200905e-02
ENSG00000100106.22	80	89	2.000000000000000e-04	3.728269202633504e-02
ENSG00000100124.16	80	89	9.999000099990002e-05	2.059376111200905e-02
ENSG00000100129.18	80	89	9.999000099990002e-05	2.059376111200905e-02
ENSG00000100138.15	80	89	9.999000099990002e-05	2.059376111200905e-02
ENSG00000100139.15	80	89	9.999000099990002e-05	2.059376111200905e-02
ENSG00000100147.16	80	89	9.999000099990002e-05	2.059376111200905e-02
ENSG00000100162.17	80	89	9.999000099990002e-05	2.059376111200905e-02
ENSG00000100201.23	80	89	9.999000099990002e-05	2.059376111200905e-02
ENSG00000100211.13	80	89	1.000000000000000e-04	2.059376111200905e-02
ENSG00000100239.17	80	89	9.999000099990002e-05	2.059376111200905e-02
ENSG00000100242.17	80	89	9.999000099990002e-05	2.059376111200905e-02
ENSG00000100258.19	80	89	9.999000099990002e-05	2.059376111200905e-02
ENSG00000100263.15	80	89	3.000000000000000e-04	5.194194863432531e-02
ENSG00000100266.20	80	89	1.000000000000000e-04	2.059376111200905e-02
ENSG00000100280.18	80	89	9.999000099990002e-05	2.059376111200905e-02
ENSG00000100288.21	80	89	9.999000099990002e-05	2.059376111200905e-02
ENSG00000100297.17	80	89	9.999000099990002e-05	2.059376111200905e-02
ENSG00000100299.19	80	89	9.999000099990002e-05	2.059376111200905e-02
ENSG00000100300.19	80	89	9.999000099990002e-05	2.059376111200905e-02
ENSG00000100302.8	80	89	9.999000099990002e-05	2.059376111200905e-02
ENSG00000100304.13	80	89	9.999000099990002e-05	2.059376111200905e-02
ENSG00000100335.16	80	89	9.999000099990002e-05	2.059376111200905e-02
ENSG00000100342.23	80	89	9.999000099990002e-05	2.059376111200905e-02
ENSG00000100359.22	80	89	5.000000000000000e-04	7.851466600936653e-02
ENSG00000100380.16	80	89	9.999000099990002e-05	2.059376111200905e-02
ENSG00000100387.10	80	89	1.000000000000000e-04	2.059376111200905e-02
ENSG00000100395.16	80	89	1.000000000000000e-04	2.059376111200905e-02
ENSG00000100401.22	80	89	9.999000099990002e-05	2.059376111200905e-02
ENSG00000100403.13	80	89	5.000000000000000e-04	7.851466600936653e-02
ENSG00000100413.18	80	89	9.999000099990002e-05	2.059376111200905e-02
ENSG00000100416.16	80	89	9.999000099990002e-05	2.059376111200905e-02
ENSG00000100418.9	80	89	9.999000099990002e-05	2.059376111200905e-02
ENSG00000100422.15	80	89	9.999000099990002e-05	2.059376111200905e-02
ENSG00000100425.21	80	89	2.000000000000000e-04	3.728269202633504e-02
ENSG00000100426.9	80	89	9.999000099990002e-05	2.059376111200905e-02
ENSG00000100478.18	80	89	4.000000000000000e-04	6.548302711036876e-02
ENSG00000100479.15	80	89	5.999999999999999e-04	9.084748663101604e-02
ENSG00000100485.13	80	89	5.999999999999999e-04	9.084748663101604e-02
ENSG00000100504.18	80	89	9.999000099990002e-05	2.059376111200905e-02
ENSG00000100526.22	80	89	9.999000099990002e-05	2.059376111200905e-02
ENSG00000100558.10	80	89	9.999000099990002e-05	2.059376111200905e-02
ENSG00000100578.18	80	89	9.999000099990002e-05	2.059376111200905e-02
ENSG00000100596.9	80	89	1.000000000000000e-04	2.059376111200905e-02
ENSG00000100614.19	80	89	9.999000099990002e-05	2.059376111200905e-02
ENSG00000100629.18	80	89	9.999000099990002e-05	2.059376111200905e-02
ENSG00000100632.12	80	89	4.000000000000000e-04	6.548302711036876e-02
ENSG00000100711.15	80	89	1.000000000000000e-04	2.059376111200905e-02
ENSG00000100714.19	80	89	9.999000099990002e-05	2.059376111200905e-02
ENSG00000100726.16	80	89	9.999000099990002e-05	2.059376111200905e-02
ENSG00000100739.12	80	89	4.000000000000000e-04	6.548302711036876e-02
ENSG00000100749.10	80	89	9.999000099990002e-05	2.059376111200905e-02
ENSG00000100764.15	80	89	9.999000099990002e-05	2.059376111200905e-02
ENSG00000100814.20	80	89	1.000000000000000e-04	2.059376111200905e-02
ENSG00000100867.16	80	89	5.999999999999999e-04	9.084748663101604e-02
ENSG00000100906.13	80	89	2.000000000000000e-04	3.728269202633504e-02
ENSG00000100908.15	80	89	2.000000000000000e-04	3.728269202633504e-02
ENSG00000100934.16	80	89	9.999000099990002e-05	2.059376111200905e-02
ENSG00000100968.14	80	89	9.999000099990002e-05	2.059376111200905e-02
ENSG00000100983.13	80	89	1.000000000000000e-04	2.059376111200905e-02
ENSG00000100994.13	80	89	9.999000099990002e-05	2.059376111200905e-02
ENSG00000101003.12	80	89	9.999000099990002e-05	2.059376111200905e-02
ENSG00000101052.14	80	89	9.999000099990002e-05	2.059376111200905e-02
ENSG00000101057.17	80	89	9.999000099990002e-05	2.059376111200905e-02
ENSG00000101152.13	80	89	9.999000099990002e-05	2.059376111200905e-02
ENSG00000101181.19	80	89	9.999000099990002e-05	2.059376111200905e-02
ENSG00000101189.8	80	89	9.999000099990002e-05	2.059376111200905e-02
ENSG00000101190.14	80	89	4.000000000000000e-04	6.548302711036876e-02
ENSG00000101194.19	80	89	9.999000099990002e-05	2.059376111200905e-02
ENSG00000101199.14	80	89	4.000000000000000e-04	6.548302711036876e-02
ENSG00000101216.12	80	89	9.999000099990002e-05	2.059376111200905e-02
ENSG00000101220.19	80	89	9.999000099990002e-05	2.059376111200905e-02
ENSG00000101224.19	80	89	1.000000000000000e-04	2.059376111200905e-02
ENSG00000101246.21	80	89	9.999000099990002e-05	2.059376111200905e-02
ENSG00000101265.17	80	89	9.999000099990002e-05	2.059376111200905e-02
ENSG00000101298.16	80	89	1.000000000000000e-04	2.059376111200905e-02
ENSG00000101311.18	80	89	9.999000099990002e-05	2.059376111200905e-02
ENSG00000101337.17	80	89	3.000000000000000e-04	5.194194863432531e-02
ENSG00000101361.18	80	89	9.999000099990002e-05	2.059376111200905e-02
ENSG00000101367.10	80	89	9.999000099990002e-05	2.059376111200905e-02
ENSG00000101407.14	80	89	1.000000000000000e-04	2.059376111200905e-02
ENSG00000101412.14	80	89	9.999000099990002e-05	2.059376111200905e-02
ENSG00000101417.13	80	89	5.000000000000000e-04	7.851466600936653e-02
ENSG00000101444.13	80	89	9.999000099990002e-05	2.059376111200905e-02
ENSG00000101447.15	80	89	9.999000099990002e-05	2.059376111200905e-02
ENSG00000101546.13	80	89	2.000000000000000e-04	3.728269202633504e-02
ENSG00000101654.19	80	89	1.000000000000000e-04	2.059376111200905e-02
ENSG00000101751.12	80	89	1.000000000000000e-04	2.059376111200905e-02
ENSG00000101811.16	80	89	9.999000099990002e-05	2.059376111200905e-02
ENSG00000101825.8	80	89	1.000000000000000e-04	2.059376111200905e-02
ENSG00000101856.11	80	89	9.999000099990002e-05	2.059376111200905e-02
ENSG00000101868.14	80	89	9.999000099990002e-05	2.059376111200905e-02
ENSG00000101911.14	80	89	9.999000099990002e-05	2.059376111200905e-02
ENSG00000101945.18	80	89	9.999000099990002e-05	2.059376111200905e-02
ENSG00000101997.14	80	89	9.999000099990002e-05	2.059376111200905e-02
ENSG00000102007.12	80	89	1.000000000000000e-04	2.059376111200905e-02
ENSG00000102030.17	80	89	9.999000099990002e-05	2.059376111200905e-02
ENSG00000102034.19	80	89	9.999000099990002e-05	2.059376111200905e-02
ENSG00000102038.17	80	89	9.999000099990002e-05	2.059376111200905e-02
ENSG00000102096.10	80	89	2.000000000000000e-04	3.728269202633504e-02
ENSG00000102103.19	80	89	5.000000000000000e-04	7.851466600936653e-02
ENSG00000102119.13	80	89	3.000000000000000e-04	5.194194863432531e-02
ENSG00000102158.23	80	89	1.000000000000000e-04	2.059376111200905e-02
ENSG00000102172.17	80	89	9.999000099990002e-05	2.059376111200905e-02
ENSG00000102178.13	80	89	1.000000000000000e-04	2.059376111200905e-02
ENSG00000102189.18	80	89	9.999000099990002e-05	2.059376111200905e-02
ENSG00000102225.18	80	89	9.999000099990002e-05	2.059376111200905e-02
ENSG00000102287.19	80	89	9.999000099990002e-05	2.059376111200905e-02
ENSG00000102384.15	80	89	9.999000099990002e-05	2.059376111200905e-02
ENSG00000102393.15	80	89	9.999000099990002e-05	2.059376111200905e-02
ENSG00000102678.7	80	89	9.999000099990002e-05	2.059376111200905e-02
ENSG00000102760.14	80	89	9.999000099990002e-05	2.059376111200905e-02
ENSG00000102781.15	80	89	9.999000099990002e-05	2.059376111200905e-02
ENSG00000102796.13	80	89	9.999000099990002e-05	2.059376111200905e-02
ENSG00000102804.17	80	89	9.999000099990002e-05	2.059376111200905e-02
ENSG00000102805.16	80	89	9.999000099990002e-05	2.059376111200905e-02
ENSG00000102870.7	80	89	1.000000000000000e-04	2.059376111200905e-02
ENSG00000102871.17	80	89	3.000000000000000e-04	5.194194863432531e-02
ENSG00000102879.18	80	89	2.000000000000000e-04	3.728269202633504e-02
ENSG00000102893.19	80	89	9.999000099990002e-05	2.059376111200905e-02
ENSG00000102897.11	80	89	9.999000099990002e-05	2.059376111200905e-02
ENSG00000102898.14	80	89	9.999000099990002e-05	2.059376111200905e-02
ENSG00000102900.14	80	89	1.000000000000000e-04	2.059376111200905e-02
ENSG00000102901.14	80	89	9.999000099990002e-05	2.059376111200905e-02
ENSG00000102967.13	80	89	1.000000000000000e-04	2.059376111200905e-02
ENSG00000102974.17	80	89	9.999000099990002e-05	2.059376111200905e-02
ENSG00000103018.19	80	89	1.000000000000000e-04	2.059376111200905e-02
ENSG00000103024.9	80	89	1.000000000000000e-04	2.059376111200905e-02
ENSG00000103035.12	80	89	2.000000000000000e-04	3.728269202633504e-02
ENSG00000103111.15	80	89	3.000000000000000e-04	5.194194863432531e-02
ENSG00000103121.10	80	89	9.999000099990002e-05	2.059376111200905e-02
ENSG00000103126.16	80	89	9.999000099990002e-05	2.059376111200905e-02
ENSG00000103152.12	80	89	4.000000000000000e-04	6.548302711036876e-02
ENSG00000103168.18	80	89	9.999000099990002e-05	2.059376111200905e-02
ENSG00000103187.8	80	89	1.000000000000000e-04	2.059376111200905e-02
ENSG00000103249.20	80	89	9.999000099990002e-05	2.059376111200905e-02
ENSG00000103254.11	80	89	9.999000099990002e-05	2.059376111200905e-02
ENSG00000103257.11	80	89	1.000000000000000e-04	2.059376111200905e-02
ENSG00000103260.10	80	89	9.999000099990002e-05	2.059376111200905e-02
ENSG00000103266.12	80	89	5.000000000000000e-04	7.851466600936653e-02
ENSG00000103274.12	80	89	4.000000000000000e-04	6.548302711036876e-02
ENSG00000103326.13	80	89	5.999999999999999e-04	9.084748663101604e-02
ENSG00000103335.23	80	89	1.000000000000000e-04	2.059376111200905e-02
ENSG00000103342.14	80	89	9.999000099990002e-05	2.059376111200905e-02
ENSG00000103363.17	80	89	9.999000099990002e-05	2.059376111200905e-02
ENSG00000103404.16	80	89	9.999000099990002e-05	2.059376111200905e-02
ENSG00000103449.14	80	89	9.999000099990002e-05	2.059376111200905e-02
ENSG00000103479.18	80	89	9.999000099990002e-05	2.059376111200905e-02
ENSG00000103489.13	80	89	9.999000099990002e-05	2.059376111200905e-02
ENSG00000103495.15	80	89	9.999000099990002e-05	2.059376111200905e-02
ENSG00000103507.15	80	89	2.000000000000000e-04	3.728269202633504e-02
ENSG00000103653.18	80	89	2.000000000000000e-04	3.728269202633504e-02
ENSG00000103671.11	80	89	9.999000099990002e-05	2.059376111200905e-02
ENSG00000103710.11	80	89	9.999000099990002e-05	2.059376111200905e-02
ENSG00000103888.18	80	89	9.999000099990002e-05	2.059376111200905e-02
ENSG00000103942.14	80	89	9.999000099990002e-05	2.059376111200905e-02
ENSG00000103966.12	80	89	9.999000099990002e-05	2.059376111200905e-02
ENSG00000103994.18	80	89	1.000000000000000e-04	2.059376111200905e-02
ENSG00000103995.14	80	89	9.999000099990002e-05	2.059376111200905e-02
ENSG00000104043.16	80	89	9.999000099990002e-05	2.059376111200905e-02
ENSG00000104047.16	80	89	9.999000099990002e-05	2.059376111200905e-02
ENSG00000104064.19	80	89	4.000000000000000e-04	6.548302711036876e-02
ENSG00000104147.10	80	89	9.999000099990002e-05	2.059376111200905e-02
ENSG00000104177.20	80	89	2.000000000000000e-04	3.728269202633504e-02
ENSG00000104213.14	80	89	9.999000099990002e-05	2.059376111200905e-02
ENSG00000104324.17	80	89	9.999000099990002e-05	2.059376111200905e-02
ENSG00000104343.22	80	89	3.000000000000000e-04	5.194194863432531e-02
ENSG00000104388.16	80	89	9.999000099990002e-05	2.059376111200905e-02
ENSG00000104412.9	80	89	2.000000000000000e-04	3.728269202633504e-02
ENSG00000104415.14	80	89	1.000000000000000e-04	2.059376111200905e-02
ENSG00000104427.14	80	89	1.000000000000000e-04	2.059376111200905e-02
ENSG00000104432.16	80	89	2.000000000000000e-04	3.728269202633504e-02
ENSG00000104549.13	80	89	9.999000099990002e-05	2.059376111200905e-02
ENSG00000104671.9	80	89	9.999000099990002e-05	2.059376111200905e-02
ENSG00000104738.20	80	89	9.999000099990002e-05	2.059376111200905e-02
ENSG00000104763.21	80	89	2.000000000000000e-04	3.728269202633504e-02
ENSG00000104765.17	80	89	4.000000000000000e-04	6.548302711036876e-02
ENSG00000104783.16	80	89	1.000000000000000e-04	2.059376111200905e-02
ENSG00000104805.18	80	89	1.000000000000000e-04	2.059376111200905e-02
ENSG00000104825.18	80	89	9.999000099990002e-05	2.059376111200905e-02
ENSG00000104826.15	80	89	1.000000000000000e-04	2.059376111200905e-02
ENSG00000104827.12	80	89	2.000000000000000e-04	3.728269202633504e-02
ENSG00000104870.14	80	89	2.000000000000000e-04	3.728269202633504e-02
ENSG00000104885.20	80	89	9.999000099990002e-05	2.059376111200905e-02
ENSG00000104886.13	80	89	9.999000099990002e-05	2.059376111200905e-02
ENSG00000104889.8	80	89	9.999000099990002e-05	2.059376111200905e-02
ENSG00000104897.11	80	89	9.999000099990002e-05	2.059376111200905e-02
ENSG00000104903.6	80	89	1.000000000000000e-04	2.059376111200905e-02
ENSG00000104969.12	80	89	9.999000099990002e-05	2.059376111200905e-02
ENSG00000104976.14	80	89	3.000000000000000e-04	5.194194863432531e-02
ENSG00000105011.10	80	89	9.999000099990002e-05	2.059376111200905e-02
ENSG00000105063.20	80	89	9.999000099990002e-05	2.059376111200905e-02
ENSG00000105085.11	80	89	9.999000099990002e-05	2.059376111200905e-02
ENSG00000105127.11	80	89	1.000000000000000e-04	2.059376111200905e-02
ENSG00000105135.17	80	89	9.999000099990002e-05	2.059376111200905e-02
ENSG00000105137.14	80	89	1.000000000000000e-04	2.059376111200905e-02
ENSG00000105185.13	80	89	1.000000000000000e-04	2.059376111200905e-02
ENSG00000105197.12	80	89	9.999000099990002e-05	2.059376111200905e-02
ENSG00000105220.18	80	89	9.999000099990002e-05	2.059376111200905e-02
ENSG00000105245.10	80	89	1.000000000000000e-04	2.059376111200905e-02
ENSG00000105248.17	80	89	9.999000099990002e-05	2.059376111200905e-02
ENSG00000105325.16	80	89	9.999000099990002e-05	2.059376111200905e-02
ENSG00000105329.12	80	89	9.999000099990002e-05	2.059376111200905e-02
ENSG00000105341.19	80	89	3.000000000000000e-04	5.194194863432531e-02
ENSG00000105355.10	80	89	9.999000099990002e-05	2.059376111200905e-02
ENSG00000105364.15	80	89	9.999000099990002e-05	2.059376111200905e-02
ENSG00000105373.20	80	89	9.999000099990002e-05	2.059376111200905e-02
ENSG00000105379.11	80	89	9.999000099990002e-05	2.059376111200905e-02
ENSG00000105401.11	80	89	9.999000099990002e-05	2.059376111200905e-02
ENSG00000105447.14	80	89	1.000000000000000e-04	2.059376111200905e-02
ENSG00000105472.15	80	89	9.999000099990002e-05	2.059376111200905e-02
ENSG00000105486.16	80	89	9.999000099990002e-05	2.059376111200905e-02
ENSG00000105576.17	80	89	9.999000099990002e-05	2.059376111200905e-02
ENSG00000105612.11	80	89	9.999000099990002e-05	2.059376111200905e-02
ENSG00000105656.14	80	89	5.000000000000000e-04	7.851466600936653e-02
ENSG00000105662.17	80	89	3.000000000000000e-04	5.194194863432531e-02
ENSG00000105669.15	80	89	9.999000099990002e-05	2.059376111200905e-02
ENSG00000105676.15	80	89	9.999000099990002e-05	2.059376111200905e-02
ENSG00000105677.13	80	89	9.999000099990002e-05	2.059376111200905e-02
ENSG00000105699.18	80	89	9.999000099990002e-05	2.059376111200905e-02
ENSG00000105700.12	80	89	1.000000000000000e-04	2.059376111200905e-02
ENSG00000105708.9	80	89	9.999000099990002e-05	2.059376111200905e-02
ENSG00000105722.12	80	89	9.999000099990002e-05	2.059376111200905e-02
ENSG00000105726.18	80	89	5.999999999999999e-04	9.084748663101604e-02
ENSG00000105732.14	80	89	9.999000099990002e-05	2.059376111200905e-02
ENSG00000105771.15	80	89	1.000000000000000e-04	2.059376111200905e-02
ENSG00000105792.20	80	89	9.999000099990002e-05	2.059376111200905e-02
ENSG00000105825.15	80	89	9.999000099990002e-05	2.059376111200905e-02
ENSG00000105829.13	80	89	9.999000099990002e-05	2.059376111200905e-02
ENSG00000105855.11	80	89	9.999000099990002e-05	2.059376111200905e-02
ENSG00000105856.15	80	89	2.000000000000000e-04	3.728269202633504e-02
ENSG00000105976.17	80	89	9.999000099990002e-05	2.059376111200905e-02
ENSG00000106003.14	80	89	9.999000099990002e-05	2.059376111200905e-02
ENSG00000106009.17	80	89	9.999000099990002e-05	2.059376111200905e-02
ENSG00000106049.10	80	89	9.999000099990002e-05	2.059376111200905e-02
ENSG00000106052.15	80	89	9.999000099990002e-05	2.059376111200905e-02
ENSG00000106069.27	80	89	1.000000000000000e-04	2.059376111200905e-02
ENSG00000106077.20	80	89	9.999000099990002e-05	2.059376111200905e-02
ENSG00000106089.13	80	89	9.999000099990002e-05	2.059376111200905e-02
ENSG00000106125.15	80	89	9.999000099990002e-05	2.059376111200905e-02
ENSG00000106144.21	80	89	9.999000099990002e-05	2.059376111200905e-02
ENSG00000106153.15	80	89	9.999000099990002e-05	2.059376111200905e-02
ENSG00000106211.11	80	89	9.999000099990002e-05	2.059376111200905e-02
ENSG00000106244.14	80	89	9.999000099990002e-05	2.059376111200905e-02
ENSG00000106266.12	80	89	9.999000099990002e-05	2.059376111200905e-02
ENSG00000106268.17	80	89	9.999000099990002e-05	2.059376111200905e-02
ENSG00000106299.9	80	89	9.999000099990002e-05	2.059376111200905e-02
ENSG00000106305.11	80	89	4.000000000000000e-04	6.548302711036876e-02
ENSG00000106348.20	80	89	9.999000099990002e-05	2.059376111200905e-02
ENSG00000106351.14	80	89	4.000000000000000e-04	6.548302711036876e-02
ENSG00000106366.10	80	89	9.999000099990002e-05	2.059376111200905e-02
ENSG00000106397.13	80	89	2.000000000000000e-04	3.728269202633504e-02
ENSG00000106443.18	80	89	9.999000099990002e-05	2.059376111200905e-02
ENSG00000106462.13	80	89	9.999000099990002e-05	2.059376111200905e-02
ENSG00000106477.21	80	89	3.000000000000000e-04	5.194194863432531e-02
ENSG00000106537.9	80	89	9.999000099990002e-05	2.059376111200905e-02
ENSG00000106571.16	80	89	9.999000099990002e-05	2.059376111200905e-02
ENSG00000106628.14	80	89	9.999000099990002e-05	2.059376111200905e-02
ENSG00000106635.9	80	89	4.000000000000000e-04	6.548302711036876e-02
ENSG00000106636.10	80	89	9.999000099990002e-05	2.059376111200905e-02
ENSG00000106638.19	80	89	1.000000000000000e-04	2.059376111200905e-02
ENSG00000106682.16	80	89	2.000000000000000e-04	3.728269202633504e-02
ENSG00000106733.22	80	89	2.000000000000000e-04	3.728269202633504e-02
ENSG00000106823.14	80	89	9.999000099990002e-05	2.059376111200905e-02
ENSG00000106991.16	80	89	3.000000000000000e-04	5.194194863432531e-02
ENSG00000107020.11	80	89	9.999000099990002e-05	2.059376111200905e-02
ENSG00000107036.13	80	89	4.000000000000000e-04	6.548302711036876e-02
ENSG00000107175.13	80	89	5.000000000000000e-04	7.851466600936653e-02
ENSG00000107186.18	80	89	9.999000099990002e-05	2.059376111200905e-02
ENSG00000107201.13	80	89	9.999000099990002e-05	2.059376111200905e-02
ENSG00000107281.11	80	89	9.999000099990002e-05	2.059376111200905e-02
ENSG00000107338.11	80	89	5.999999999999999e-04	9.084748663101604e-02
ENSG00000107362.15	80	89	3.000000000000000e-04	5.194194863432531e-02
ENSG00000107371.15	80	89	1.000000000000000e-04	2.059376111200905e-02
ENSG00000107372.14	80	89	1.000000000000000e-04	2.059376111200905e-02
ENSG00000107404.22	80	89	9.999000099990002e-05	2.059376111200905e-02
ENSG00000107521.22	80	89	5.000000000000000e-04	7.851466600936653e-02
ENSG00000107566.15	80	89	1.000000000000000e-04	2.059376111200905e-02
ENSG00000107643.18	80	89	2.000000000000000e-04	3.728269202633504e-02
ENSG00000107758.17	80	89	9.999000099990002e-05	2.059376111200905e-02
ENSG00000107779.17	80	89	9.999000099990002e-05	2.059376111200905e-02
ENSG00000107829.16	80	89	9.999000099990002e-05	2.059376111200905e-02
ENSG00000107863.21	80	89	1.000000000000000e-04	2.059376111200905e-02
ENSG00000107872.15	80	89	9.999000099990002e-05	2.059376111200905e-02
ENSG00000107929.17	80	89	9.999000099990002e-05	2.059376111200905e-02
ENSG00000107938.19	80	89	2.000000000000000e-04	3.728269202633504e-02
ENSG00000107957.17	80	89	4.000000000000000e-04	6.548302711036876e-02
ENSG00000107968.11	80	89	1.000000000000000e-04	2.059376111200905e-02
ENSG00000108010.13	80	89	4.000000000000000e-04	6.548302711036876e-02
ENSG00000108106.15	80	89	9.999000099990002e-05	2.059376111200905e-02
ENSG00000108179.15	80	89	1.000000000000000e-04	2.059376111200905e-02
ENSG00000108239.10	80	89	9.999000099990002e-05	2.059376111200905e-02
ENSG00000108262.17	80	89	9.999000099990002e-05	2.059376111200905e-02
ENSG00000108344.16	80	89	9.999000099990002e-05	2.059376111200905e-02
ENSG00000108381.12	80	89	1.000000000000000e-04	2.059376111200905e-02
ENSG00000108406.11	80	89	9.999000099990002e-05	2.059376111200905e-02
ENSG00000108474.17	80	89	2.000000000000000e-04	3.728269202633504e-02
ENSG00000108479.14	80	89	9.999000099990002e-05	2.059376111200905e-02
ENSG00000108518.9	80	89	9.999000099990002e-05	2.059376111200905e-02
ENSG00000108528.15	80	89	9.999000099990002e-05	2.059376111200905e-02
ENSG00000108551.6	80	89	9.999000099990002e-05	2.059376111200905e-02
ENSG00000108557.21	80	89	9.999000099990002e-05	2.059376111200905e-02
ENSG00000108561.8	80	89	5.000000000000000e-04	7.851466600936653e-02
ENSG00000108641.20	80	89	5.000000000000000e-04	7.851466600936653e-02
ENSG00000108671.12	80	89	9.999000099990002e-05	2.059376111200905e-02
ENSG00000108691.10	80	89	2.000000000000000e-04	3.728269202633504e-02
ENSG00000108798.10	80	89	9.999000099990002e-05	2.059376111200905e-02
ENSG00000108829.11	80	89	9.999000099990002e-05	2.059376111200905e-02
ENSG00000108846.17	80	89	1.000000000000000e-04	2.059376111200905e-02
ENSG00000108854.17	80	89	9.999000099990002e-05	2.059376111200905e-02
ENSG00000108984.17	80	89	9.999000099990002e-05	2.059376111200905e-02
ENSG00000109046.16	80	89	4.000000000000000e-04	6.548302711036876e-02
ENSG00000109089.8	80	89	9.999000099990002e-05	2.059376111200905e-02
ENSG00000109099.17	80	89	9.999000099990002e-05	2.059376111200905e-02
ENSG00000109107.15	80	89	9.999000099990002e-05	2.059376111200905e-02
ENSG00000109113.21	80	89	9.999000099990002e-05	2.059376111200905e-02
ENSG00000109171.16	80	89	4.000000000000000e-04	6.548302711036876e-02
ENSG00000109180.16	80	89	9.999000099990002e-05	2.059376111200905e-02
ENSG00000109270.14	80	89	9.999000099990002e-05	2.059376111200905e-02
ENSG00000109339.25	80	89	3.000000000000000e-04	5.194194863432531e-02
ENSG00000109458.11	80	89	4.000000000000000e-04	6.548302711036876e-02
ENSG00000109472.15	80	89	9.999000099990002e-05	2.059376111200905e-02
ENSG00000109475.19	80	89	9.999000099990002e-05	2.059376111200905e-02
ENSG00000109519.15	80	89	9.999000099990002e-05	2.059376111200905e-02
ENSG00000109654.17	80	89	9.999000099990002e-05	2.059376111200905e-02
ENSG00000109670.18	80	89	1.000000000000000e-04	2.059376111200905e-02
ENSG00000109674.5	80	89	9.999000099990002e-05	2.059376111200905e-02
ENSG00000109685.20	80	89	1.000000000000000e-04	2.059376111200905e-02
ENSG00000109689.20	80	89	9.999000099990002e-05	2.059376111200905e-02
ENSG00000109736.16	80	89	9.999000099990002e-05	2.059376111200905e-02
ENSG00000109743.13	80	89	9.999000099990002e-05	2.059376111200905e-02
ENSG00000109805.11	80	89	9.999000099990002e-05	2.059376111200905e-02
ENSG00000109819.11	80	89	5.999999999999999e-04	9.084748663101604e-02
ENSG00000110002.17	80	89	4.000000000000000e-04	6.548302711036876e-02
ENSG00000110011.15	80	89	3.000000000000000e-04	5.194194863432531e-02
ENSG00000110013.14	80	89	9.999000099990002e-05	2.059376111200905e-02
ENSG00000110046.15	80	89	9.999000099990002e-05	2.059376111200905e-02
ENSG00000110063.11	80	89	9.999000099990002e-05	2.059376111200905e-02
ENSG00000110080.21	80	89	9.999000099990002e-05	2.059376111200905e-02
ENSG00000110092.5	80	89	9.999000099990002e-05	2.059376111200905e-02
ENSG00000110104.13	80	89	9.999000099990002e-05	2.059376111200905e-02
ENSG00000110171.21	80	89	9.999000099990002e-05	2.059376111200905e-02
ENSG00000110200.10	80	89	9.999000099990002e-05	2.059376111200905e-02
ENSG00000110274.17	80	89	3.000000000000000e-04	5.194194863432531e-02
ENSG00000110315.8	80	89	9.999000099990002e-05	2.059376111200905e-02
ENSG00000110318.16	80	89	9.999000099990002e-05	2.059376111200905e-02
ENSG00000110330.11	80	89	2.000000000000000e-04	3.728269202633504e-02
ENSG00000110344.11	80	89	3.000000000000000e-04	5.194194863432531e-02
ENSG00000110400.11	80	89	9.999000099990002e-05	2.059376111200905e-02
ENSG00000110427.18	80	89	1.000000000000000e-04	2.059376111200905e-02
ENSG00000110497.16	80	89	3.000000000000000e-04	5.194194863432531e-02
ENSG00000110697.15	80	89	3.000000000000000e-04	5.194194863432531e-02
ENSG00000110700.8	80	89	9.999000099990002e-05	2.059376111200905e-02
ENSG00000110717.14	80	89	1.000000000000000e-04	2.059376111200905e-02
ENSG00000110723.12	80	89	9.999000099990002e-05	2.059376111200905e-02
ENSG00000110768.13	80	89	9.999000099990002e-05	2.059376111200905e-02
ENSG00000110801.15	80	89	3.000000000000000e-04	5.194194863432531e-02
ENSG00000110880.12	80	89	9.999000099990002e-05	2.059376111200905e-02
ENSG00000111144.11	80	89	3.000000000000000e-04	5.194194863432531e-02
ENSG00000111186.14	80	89	9.999000099990002e-05	2.059376111200905e-02
ENSG00000111206.14	80	89	9.999000099990002e-05	2.059376111200905e-02
ENSG00000111224.15	80	89	4.000000000000000e-04	6.548302711036876e-02
ENSG00000111247.16	80	89	9.999000099990002e-05	2.059376111200905e-02
ENSG00000111252.12	80	89	9.999000099990002e-05	2.059376111200905e-02
ENSG00000111261.15	80	89	9.999000099990002e-05	2.059376111200905e-02
ENSG00000111269.4	80	89	9.999000099990002e-05	2.059376111200905e-02
ENSG00000111276.13	80	89	3.000000000000000e-04	5.194194863432531e-02
ENSG00000111300.11	80	89	2.000000000000000e-04	3.728269202633504e-02
ENSG00000111424.13	80	89	1.000000000000000e-04	2.059376111200905e-02
ENSG00000111445.15	80	89	9.999000099990002e-05	2.059376111200905e-02
ENSG00000111452.14	80	89	2.000000000000000e-04	3.728269202633504e-02
ENSG00000111481.11	80	89	5.000000000000000e-04	7.851466600936653e-02
ENSG00000111540.17	80	89	3.000000000000000e-04	5.194194863432531e-02
ENSG00000111596.15	80	89	9.999000099990002e-05	2.059376111200905e-02
ENSG00000111602.13	80	89	9.999000099990002e-05	2.059376111200905e-02
ENSG00000111653.21	80	89	1.000000000000000e-04	2.059376111200905e-02
ENSG00000111665.13	80	89	9.999000099990002e-05	2.059376111200905e-02
ENSG00000111667.15	80	89	9.999000099990002e-05	2.059376111200905e-02
ENSG00000111671.11	80	89	9.999000099990002e-05	2.059376111200905e-02
ENSG00000111676.16	80	89	9.999000099990002e-05	2.059376111200905e-02
ENSG00000111684.12	80	89	1.000000000000000e-04	2.059376111200905e-02
ENSG00000111725.11	80	89	9.999000099990002e-05	2.059376111200905e-02
ENSG00000111737.13	80	89	2.000000000000000e-04	3.728269202633504e-02
ENSG00000111780.8	80	89	9.999000099990002e-05	2.059376111200905e-02
ENSG00000111788.10	80	89	9.999000099990002e-05	2.059376111200905e-02
ENSG00000111799.23	80	89	9.999000099990002e-05	2.059376111200905e-02
ENSG00000111801.17	80	89	9.999000099990002e-05	2.059376111200905e-02
ENSG00000111817.20	80	89	9.999000099990002e-05	2.059376111200905e-02
ENSG00000111832.13	80	89	5.999999999999999e-04	9.084748663101604e-02
ENSG00000111859.18	80	89	9.999000099990002e-05	2.059376111200905e-02
ENSG00000111897.8	80	89	9.999000099990002e-05	2.059376111200905e-02
ENSG00000111911.8	80	89	9.999000099990002e-05	2.059376111200905e-02
ENSG00000111913.21	80	89	3.000000000000000e-04	5.194194863432531e-02
ENSG00000112029.10	80	89	9.999000099990002e-05	2.059376111200905e-02
ENSG00000112033.15	80	89	9.999000099990002e-05	2.059376111200905e-02
ENSG00000112039.7	80	89	9.999000099990002e-05	2.059376111200905e-02
ENSG00000112078.15	80	89	2.000000000000000e-04	3.728269202633504e-02
ENSG00000112110.11	80	89	5.999999999999999e-04	9.084748663101604e-02
ENSG00000112118.21	80	89	9.999000099990002e-05	2.059376111200905e-02
ENSG00000112144.16	80	89	1.000000000000000e-04	2.059376111200905e-02
ENSG00000112208.12	80	89	9.999000099990002e-05	2.059376111200905e-02
ENSG00000112282.19	80	89	9.999000099990002e-05	2.059376111200905e-02
ENSG00000112290.14	80	89	2.000000000000000e-04	3.728269202633504e-02
ENSG00000112305.16	80	89	3.000000000000000e-04	5.194194863432531e-02
ENSG00000112312.11	80	89	9.999000099990002e-05	2.059376111200905e-02
ENSG00000112335.16	80	89	9.999000099990002e-05	2.059376111200905e-02
ENSG00000112343.12	80	89	9.999000099990002e-05	2.059376111200905e-02
ENSG00000112367.13	80	89	9.999000099990002e-05	2.059376111200905e-02
ENSG00000112406.6	80	89	9.999000099990002e-05	2.059376111200905e-02
ENSG00000112576.13	80	89	1.000000000000000e-04	2.059376111200905e-02
ENSG00000112578.12	80	89	9.999000099990002e-05	2.059376111200905e-02
ENSG00000112624.15	80	89	3.000000000000000e-04	5.194194863432531e-02
ENSG00000112667.14	80	89	9.999000099990002e-05	2.059376111200905e-02
ENSG00000112699.12	80	89	3.000000000000000e-04	5.194194863432531e-02
ENSG00000112701.19	80	89	9.999000099990002e-05	2.059376111200905e-02
ENSG00000112742.11	80	89	9.999000099990002e-05	2.059376111200905e-02
ENSG00000112769.21	80	89	9.999000099990002e-05	2.059376111200905e-02
ENSG00000112796.11	80	89	2.000000000000000e-04	3.728269202633504e-02
ENSG00000112877.9	80	89	9.999000099990002e-05	2.059376111200905e-02
ENSG00000112902.13	80	89	9.999000099990002e-05	2.059376111200905e-02
ENSG00000112941.15	80	89	9.999000099990002e-05	2.059376111200905e-02
ENSG00000112964.15	80	89	9.999000099990002e-05	2.059376111200905e-02
ENSG00000112972.16	80	89	9.999000099990002e-05	2.059376111200905e-02
ENSG00000112984.13	80	89	9.999000099990002e-05	2.059376111200905e-02
ENSG00000113163.20	80	89	3.000000000000000e-04	5.194194863432531e-02
ENSG00000113240.15	80	89	9.999000099990002e-05	2.059376111200905e-02
ENSG00000113269.15	80	89	9.999000099990002e-05	2.059376111200905e-02
ENSG00000113328.22	80	89	9.999000099990002e-05	2.059376111200905e-02
ENSG00000113368.13	80	89	9.999000099990002e-05	2.059376111200905e-02
ENSG00000113369.9	80	89	9.999000099990002e-05	2.059376111200905e-02
ENSG00000113384.15	80	89	9.999000099990002e-05	2.059376111200905e-02
ENSG00000113391.20	80	89	2.000000000000000e-04	3.728269202633504e-02
ENSG00000113456.21	80	89	1.000000000000000e-04	2.059376111200905e-02
ENSG00000113552.17	80	89	3.000000000000000e-04	5.194194863432531e-02
ENSG00000113558.20	80	89	9.999000099990002e-05	2.059376111200905e-02
ENSG00000113569.18	80	89	3.000000000000000e-04	5.194194863432531e-02
ENSG00000113593.13	80	89	9.999000099990002e-05	2.059376111200905e-02
ENSG00000113648.18	80	89	9.999000099990002e-05	2.059376111200905e-02
ENSG00000113719.18	80	89	9.999000099990002e-05	2.059376111200905e-02
ENSG00000113721.15	80	89	9.999000099990002e-05	2.059376111200905e-02
ENSG00000113758.15	80	89	9.999000099990002e-05	2.059376111200905e-02
ENSG00000113805.10	80	89	9.999000099990002e-05	2.059376111200905e-02
ENSG00000113851.17	80	89	1.000000000000000e-04	2.059376111200905e-02
ENSG00000113971.22	80	89	9.999000099990002e-05	2.059376111200905e-02
ENSG00000114026.22	80	89	2.000000000000000e-04	3.728269202633504e-02
ENSG00000114120.15	80	89	1.000000000000000e-04	2.059376111200905e-02
ENSG00000114302.18	80	89	2.000000000000000e-04	3.728269202633504e-02
ENSG00000114316.14	80	89	9.999000099990002e-05	2.059376111200905e-02
ENSG00000114346.15	80	89	9.999000099990002e-05	2.059376111200905e-02
ENSG00000114353.18	80	89	9.999000099990002e-05	2.059376111200905e-02
ENSG00000114354.16	80	89	3.000000000000000e-04	5.194194863432531e-02
ENSG00000114395.12	80	89	1.000000000000000e-04	2.059376111200905e-02
ENSG00000114416.20	80	89	9.999000099990002e-05	2.059376111200905e-02
ENSG00000114446.6	80	89	9.999000099990002e-05	2.059376111200905e-02
ENSG00000114473.15	80	89	5.999999999999999e-04	9.084748663101604e-02
ENSG00000114491.15	80	89	3.000000000000000e-04	5.194194863432531e-02
ENSG00000114529.14	80	89	9.999000099990002e-05	2.059376111200905e-02
ENSG00000114648.13	80	89	9.999000099990002e-05	2.059376111200905e-02
ENSG00000114698.16	80	89	9.999000099990002e-05	2.059376111200905e-02
ENSG00000114738.12	80	89	2.000000000000000e-04	3.728269202633504e-02
ENSG00000114767.8	80	89	9.999000099990002e-05	2.059376111200905e-02
ENSG00000114784.4	80	89	9.999000099990002e-05	2.059376111200905e-02
ENSG00000114796.17	80	89	9.999000099990002e-05	2.059376111200905e-02
ENSG00000114850.8	80	89	3.000000000000000e-04	5.194194863432531e-02
ENSG00000114902.15	80	89	3.000000000000000e-04	5.194194863432531e-02
ENSG00000114999.9	80	89	9.999000099990002e-05	2.059376111200905e-02
ENSG00000115084.16	80	89	9.999000099990002e-05	2.059376111200905e-02
ENSG00000115128.8	80	89	9.999000099990002e-05	2.059376111200905e-02
ENSG00000115159.18	80	89	9.999000099990002e-05	2.059376111200905e-02
ENSG00000115163.16	80	89	9.999000099990002e-05	2.059376111200905e-02
ENSG00000115170.17	80	89	9.999000099990002e-05	2.059376111200905e-02
ENSG00000115204.16	80	89	1.000000000000000e-04	2.059376111200905e-02
ENSG00000115233.13	80	89	9.999000099990002e-05	2.059376111200905e-02
ENSG00000115241.12	80	89	9.999000099990002e-05	2.059376111200905e-02
ENSG00000115252.20	80	89	2.000000000000000e-04	3.728269202633504e-02
ENSG00000115266.12	80	89	3.000000000000000e-04	5.194194863432531e-02
ENSG00000115267.10	80	89	9.999000099990002e-05	2.059376111200905e-02
ENSG00000115286.22	80	89	9.999000099990002e-05	2.059376111200905e-02
ENSG00000115295.22	80	89	9.999000099990002e-05	2.059376111200905e-02
ENSG00000115339.16	80	89	9.999000099990002e-05	2.059376111200905e-02
ENSG00000115355.19	80	89	1.000000000000000e-04	2.059376111200905e-02
ENSG00000115363.15	80	89	9.999000099990002e-05	2.059376111200905e-02
ENSG00000115380.21	80	89	5.999999999999999e-04	9.084748663101604e-02
ENSG00000115415.22	80	89	9.999000099990002e-05	2.059376111200905e-02
ENSG00000115446.13	80	89	9.999000099990002e-05	2.059376111200905e-02
ENSG00000115464.15	80	89	9.999000099990002e-05	2.059376111200905e-02
ENSG00000115504.16	80	89	9.999000099990002e-05	2.059376111200905e-02
ENSG00000115524.18	80	89	9.999000099990002e-05	2.059376111200905e-02
ENSG00000115525.19	80	89	1.000000000000000e-04	2.059376111200905e-02
ENSG00000115540.16	80	89	9.999000099990002e-05	2.059376111200905e-02
ENSG00000115568.17	80	89	9.999000099990002e-05	2.059376111200905e-02
ENSG00000115594.13	80	89	9.999000099990002e-05	2.059376111200905e-02
ENSG00000115677.19	80	89	5.999999999999999e-04	9.084748663101604e-02
ENSG00000115687.15	80	89	1.000000000000000e-04	2.059376111200905e-02
ENSG00000115756.14	80	89	9.999000099990002e-05	2.059376111200905e-02
ENSG00000115760.16	80	89	9.999000099990002e-05	2.059376111200905e-02
ENSG00000115762.18	80	89	2.000000000000000e-04	3.728269202633504e-02
ENSG00000115828.18	80	89	3.000000000000000e-04	5.194194863432531e-02
ENSG00000115839.21	80	89	9.999000099990002e-05	2.059376111200905e-02
ENSG00000115841.22	80	89	9.999000099990002e-05	2.059376111200905e-02
ENSG00000115844.11	80	89	9.999000099990002e-05	2.059376111200905e-02
ENSG00000115884.12	80	89	9.999000099990002e-05	2.059376111200905e-02
ENSG00000115944.16	80	89	9.999000099990002e-05	2.059376111200905e-02
ENSG00000115977.22	80	89	9.999000099990002e-05	2.059376111200905e-02
ENSG00000116017.12	80	89	9.999000099990002e-05	2.059376111200905e-02
ENSG00000116044.18	80	89	9.999000099990002e-05	2.059376111200905e-02
ENSG00000116117.20	80	89	9.999000099990002e-05	2.059376111200905e-02
ENSG00000116120.12	80	89	9.999000099990002e-05	2.059376111200905e-02
ENSG00000116161.19	80	89	1.000000000000000e-04	2.059376111200905e-02
ENSG00000116171.20	80	89	9.999000099990002e-05	2.059376111200905e-02
ENSG00000116194.14	80	89	9.999000099990002e-05	2.059376111200905e-02
ENSG00000116205.15	80	89	1.000000000000000e-04	2.059376111200905e-02
ENSG00000116209.13	80	89	9.999000099990002e-05	2.059376111200905e-02
ENSG00000116221.16	80	89	1.000000000000000e-04	2.059376111200905e-02
ENSG00000116237.17	80	89	9.999000099990002e-05	2.059376111200905e-02
ENSG00000116251.12	80	89	1.000000000000000e-04	2.059376111200905e-02
ENSG00000116266.12	80	89	9.999000099990002e-05	2.059376111200905e-02
ENSG00000116396.15	80	89	9.999000099990002e-05	2.059376111200905e-02
ENSG00000116455.14	80	89	1.000000000000000e-04	2.059376111200905e-02
ENSG00000116473.16	80	89	9.999000099990002e-05	2.059376111200905e-02
ENSG00000116514.18	80	89	9.999000099990002e-05	2.059376111200905e-02
ENSG00000116521.13	80	89	3.000000000000000e-04	5.194194863432531e-02
ENSG00000116539.14	80	89	9.999000099990002e-05	2.059376111200905e-02
ENSG00000116649.11	80	89	9.999000099990002e-05	2.059376111200905e-02
ENSG00000116670.18	80	89	9.999000099990002e-05	2.059376111200905e-02
ENSG00000116678.20	80	89	2.000000000000000e-04	3.728269202633504e-02
ENSG00000116685.18	80	89	9.999000099990002e-05	2.059376111200905e-02
ENSG00000116691.12	80	89	9.999000099990002e-05	2.059376111200905e-02
ENSG00000116731.23	80	89	9.999000099990002e-05	2.059376111200905e-02
ENSG00000116754.15	80	89	3.000000000000000e-04	5.194194863432531e-02
ENSG00000116771.7	80	89	3.000000000000000e-04	5.194194863432531e-02
ENSG00000116774.13	80	89	9.999000099990002e-05	2.059376111200905e-02
ENSG00000116793.17	80	89	1.000000000000000e-04	2.059376111200905e-02
ENSG00000116809.13	80	89	2.000000000000000e-04	3.728269202633504e-02
ENSG00000116830.13	80	89	9.999000099990002e-05	2.059376111200905e-02
ENSG00000116871.17	80	89	9.999000099990002e-05	2.059376111200905e-02
ENSG00000116885.19	80	89	9.999000099990002e-05	2.059376111200905e-02
ENSG00000117000.9	80	89	5.000000000000000e-04	7.851466600936653e-02
ENSG00000117143.15	80	89	9.999000099990002e-05	2.059376111200905e-02
ENSG00000117151.14	80	89	9.999000099990002e-05	2.059376111200905e-02
ENSG00000117155.18	80	89	9.999000099990002e-05	2.059376111200905e-02
ENSG00000117174.12	80	89	9.999000099990002e-05	2.059376111200905e-02
ENSG00000117305.16	80	89	1.000000000000000e-04	2.059376111200905e-02
ENSG00000117308.16	80	89	9.999000099990002e-05	2.059376111200905e-02
ENSG00000117318.10	80	89	1.000000000000000e-04	2.059376111200905e-02
ENSG00000117335.22	80	89	9.999000099990002e-05	2.059376111200905e-02
ENSG00000117362.14	80	89	1.000000000000000e-04	2.059376111200905e-02
ENSG00000117394.25	80	89	1.000000000000000e-04	2.059376111200905e-02
ENSG00000117395.14	80	89	9.999000099990002e-05	2.059376111200905e-02
ENSG00000117399.15	80	89	9.999000099990002e-05	2.059376111200905e-02
ENSG00000117407.18	80	89	9.999000099990002e-05	2.059376111200905e-02
ENSG00000117419.17	80	89	4.000000000000000e-04	6.548302711036876e-02
ENSG00000117533.16	80	89	2.000000000000000e-04	3.728269202633504e-02
ENSG00000117593.13	80	89	9.999000099990002e-05	2.059376111200905e-02
ENSG00000117602.14	80	89	9.999000099990002e-05	2.059376111200905e-02
ENSG00000117614.11	80	89	2.000000000000000e-04	3.728269202633504e-02
ENSG00000117616.19	80	89	9.999000099990002e-05	2.059376111200905e-02
ENSG00000117620.16	80	89	1.000000000000000e-04	2.059376111200905e-02
ENSG00000117632.24	80	89	9.999000099990002e-05	2.059376111200905e-02
ENSG00000117640.19	80	89	4.000000000000000e-04	6.548302711036876e-02
ENSG00000117643.17	80	89	9.999000099990002e-05	2.059376111200905e-02
ENSG00000117650.14	80	89	9.999000099990002e-05	2.059376111200905e-02
ENSG00000117691.11	80	89	9.999000099990002e-05	2.059376111200905e-02
ENSG00000117713.22	80	89	4.000000000000000e-04	6.548302711036876e-02
ENSG00000117724.16	80	89	9.999000099990002e-05	2.059376111200905e-02
ENSG00000117748.11	80	89	9.999000099990002e-05	2.059376111200905e-02
ENSG00000117751.19	80	89	4.000000000000000e-04	6.548302711036876e-02
ENSG00000117877.11	80	89	1.000000000000000e-04	2.059376111200905e-02
ENSG00000118046.19	80	89	9.999000099990002e-05	2.059376111200905e-02
ENSG00000118193.13	80	89	9.999000099990002e-05	2.059376111200905e-02
ENSG00000118292.10	80	89	5.000000000000000e-04	7.851466600936653e-02
ENSG00000118412.13	80	89	9.999000099990002e-05	2.059376111200905e-02
ENSG00000118496.6	80	89	4.000000000000000e-04	6.548302711036876e-02
ENSG00000118518.18	80	89	9.999000099990002e-05	2.059376111200905e-02
ENSG00000118655.9	80	89	9.999000099990002e-05	2.059376111200905e-02
ENSG00000118680.15	80	89	9.999000099990002e-05	2.059376111200905e-02
ENSG00000118785.16	80	89	9.999000099990002e-05	2.059376111200905e-02
ENSG00000118894.16	80	89	9.999000099990002e-05	2.059376111200905e-02
ENSG00000118898.17	80	89	1.000000000000000e-04	2.059376111200905e-02
ENSG00000118965.17	80	89	9.999000099990002e-05	2.059376111200905e-02
ENSG00000119004.18	80	89	1.000000000000000e-04	2.059376111200905e-02
ENSG00000119048.10	80	89	9.999000099990002e-05	2.059376111200905e-02
ENSG00000119138.5	80	89	9.999000099990002e-05	2.059376111200905e-02
ENSG00000119185.14	80	89	5.999999999999999e-04	9.084748663101604e-02
ENSG00000119318.14	80	89	1.000000000000000e-04	2.059376111200905e-02
ENSG00000119328.13	80	89	4.000000000000000e-04	6.548302711036876e-02
ENSG00000119333.13	80	89	9.999000099990002e-05	2.059376111200905e-02
ENSG00000119383.22	80	89	9.999000099990002e-05	2.059376111200905e-02
ENSG00000119401.12	80	89	2.000000000000000e-04	3.728269202633504e-02
ENSG00000119403.16	80	89	9.999000099990002e-05	2.059376111200905e-02
ENSG00000119414.13	80	89	2.000000000000000e-04	3.728269202633504e-02
ENSG00000119487.18	80	89	9.999000099990002e-05	2.059376111200905e-02
ENSG00000119523.11	80	89	9.999000099990002e-05	2.059376111200905e-02
ENSG00000119559.18	80	89	1.000000000000000e-04	2.059376111200905e-02
ENSG00000119574.14	80	89	9.999000099990002e-05	2.059376111200905e-02
ENSG00000119632.5	80	89	9.999000099990002e-05	2.059376111200905e-02
ENSG00000119636.17	80	89	3.000000000000000e-04	5.194194863432531e-02
ENSG00000119638.15	80	89	9.999000099990002e-05	2.059376111200905e-02
ENSG00000119650.14	80	89	9.999000099990002e-05	2.059376111200905e-02
ENSG00000119681.13	80	89	5.999999999999999e-04	9.084748663101604e-02
ENSG00000119684.17	80	89	1.000000000000000e-04	2.059376111200905e-02
ENSG00000119699.9	80	89	9.999000099990002e-05	2.059376111200905e-02
ENSG00000119711.14	80	89	1.000000000000000e-04	2.059376111200905e-02
ENSG00000119729.13	80	89	9.999000099990002e-05	2.059376111200905e-02
ENSG00000119760.17	80	89	9.999000099990002e-05	2.059376111200905e-02
ENSG00000119778.16	80	89	2.000000000000000e-04	3.728269202633504e-02
ENSG00000119820.12	80	89	9.999000099990002e-05	2.059376111200905e-02
ENSG00000119844.18	80	89	9.999000099990002e-05	2.059376111200905e-02
ENSG00000119878.8	80	89	9.999000099990002e-05	2.059376111200905e-02
ENSG00000119899.14	80	89	9.999000099990002e-05	2.059376111200905e-02
ENSG00000119922.11	80	89	9.999000099990002e-05	2.059376111200905e-02
ENSG00000119943.14	80	89	9.999000099990002e-05	2.059376111200905e-02
ENSG00000119950.21	80	89	9.999000099990002e-05	2.059376111200905e-02
ENSG00000119969.17	80	89	9.999000099990002e-05	2.059376111200905e-02
ENSG00000119979.19	80	89	9.999000099990002e-05	2.059376111200905e-02
ENSG00000120053.13	80	89	1.000000000000000e-04	2.059376111200905e-02
ENSG00000120217.14	80	89	9.999000099990002e-05	2.059376111200905e-02
ENSG00000120262.11	80	89	9.999000099990002e-05	2.059376111200905e-02
ENSG00000120265.22	80	89	9.999000099990002e-05	2.059376111200905e-02
ENSG00000120314.19	80	89	2.000000000000000e-04	3.728269202633504e-02
ENSG00000120334.17	80	89	9.999000099990002e-05	2.059376111200905e-02
ENSG00000120438.13	80	89	9.999000099990002e-05	2.059376111200905e-02
ENSG00000120539.16	80	89	9.999000099990002e-05	2.059376111200905e-02
ENSG00000120594.18	80	89	1.000000000000000e-04	2.059376111200905e-02
ENSG00000120616.16	80	89	3.000000000000000e-04	5.194194863432531e-02
ENSG00000120656.15	80	89	9.999000099990002e-05	2.059376111200905e-02
ENSG00000120658.15	80	89	9.999000099990002e-05	2.059376111200905e-02
ENSG00000120696.9	80	89	9.999000099990002e-05	2.059376111200905e-02
ENSG00000120699.15	80	89	9.999000099990002e-05	2.059376111200905e-02
ENSG00000120709.12	80	89	1.000000000000000e-04	2.059376111200905e-02
ENSG00000120727.14	80	89	1.000000000000000e-04	2.059376111200905e-02
ENSG00000120798.18	80	89	2.000000000000000e-04	3.728269202633504e-02
ENSG00000120802.16	80	89	1.000000000000000e-04	2.059376111200905e-02
ENSG00000120820.14	80	89	9.999000099990002e-05	2.059376111200905e-02
ENSG00000120833.15	80	89	1.000000000000000e-04	2.059376111200905e-02
ENSG00000120837.9	80	89	9.999000099990002e-05	2.059376111200905e-02
ENSG00000120860.12	80	89	9.999000099990002e-05	2.059376111200905e-02
ENSG00000120889.14	80	89	3.000000000000000e-04	5.194194863432531e-02
ENSG00000120925.17	80	89	4.000000000000000e-04	6.548302711036876e-02
ENSG00000120942.14	80	89	9.999000099990002e-05	2.059376111200905e-02
ENSG00000121058.6	80	89	9.999000099990002e-05	2.059376111200905e-02
ENSG00000121064.14	80	89	9.999000099990002e-05	2.059376111200905e-02
ENSG00000121068.15	80	89	2.000000000000000e-04	3.728269202633504e-02
ENSG00000121152.11	80	89	9.999000099990002e-05	2.059376111200905e-02
ENSG00000121210.17	80	89	9.999000099990002e-05	2.059376111200905e-02
ENSG00000121236.22	80	89	3.000000000000000e-04	5.194194863432531e-02
ENSG00000121281.13	80	89	9.999000099990002e-05	2.059376111200905e-02
ENSG00000121289.19	80	89	2.000000000000000e-04	3.728269202633504e-02
ENSG00000121310.18	80	89	5.000000000000000e-04	7.851466600936653e-02
ENSG00000121410.13	80	89	9.999000099990002e-05	2.059376111200905e-02
ENSG00000121417.15	80	89	1.000000000000000e-04	2.059376111200905e-02
ENSG00000121440.15	80	89	9.999000099990002e-05	2.059376111200905e-02
ENSG00000121579.15	80	89	9.999000099990002e-05	2.059376111200905e-02
ENSG00000121621.8	80	89	9.999000099990002e-05	2.059376111200905e-02
ENSG00000121644.20	80	89	9.999000099990002e-05	2.059376111200905e-02
ENSG00000121741.18	80	89	9.999000099990002e-05	2.059376111200905e-02
ENSG00000121749.17	80	89	4.000000000000000e-04	6.548302711036876e-02
ENSG00000121769.9	80	89	5.000000000000000e-04	7.851466600936653e-02
ENSG00000121851.14	80	89	9.999000099990002e-05	2.059376111200905e-02
ENSG00000121864.11	80	89	2.000000000000000e-04	3.728269202633504e-02
ENSG00000121879.7	80	89	3.000000000000000e-04	5.194194863432531e-02
ENSG00000121964.16	80	89	1.000000000000000e-04	2.059376111200905e-02
ENSG00000121989.16	80	89	9.999000099990002e-05	2.059376111200905e-02
ENSG00000122026.13	80	89	5.999999999999999e-04	9.084748663101604e-02
ENSG00000122042.10	80	89	5.000000000000000e-04	7.851466600936653e-02
ENSG00000122121.13	80	89	9.999000099990002e-05	2.059376111200905e-02
ENSG00000122140.14	80	89	9.999000099990002e-05	2.059376111200905e-02
ENSG00000122176.13	80	89	9.999000099990002e-05	2.059376111200905e-02
ENSG00000122257.21	80	89	9.999000099990002e-05	2.059376111200905e-02
ENSG00000122335.18	80	89	9.999000099990002e-05	2.059376111200905e-02
ENSG00000122386.12	80	89	5.000000000000000e-04	7.851466600936653e-02
ENSG00000122481.18	80	89	9.999000099990002e-05	2.059376111200905e-02
ENSG00000122483.19	80	89	9.999000099990002e-05	2.059376111200905e-02
ENSG00000122484.10	80	89	9.999000099990002e-05	2.059376111200905e-02
ENSG00000122507.22	80	89	9.999000099990002e-05	2.059376111200905e-02
ENSG00000122547.13	80	89	1.000000000000000e-04	2.059376111200905e-02
ENSG00000122642.12	80	89	9.999000099990002e-05	2.059376111200905e-02
ENSG00000122692.10	80	89	9.999000099990002e-05	2.059376111200905e-02
ENSG00000122707.13	80	89	9.999000099990002e-05	2.059376111200905e-02
ENSG00000122729.20	80	89	9.999000099990002e-05	2.059376111200905e-02
ENSG00000122779.19	80	89	1.000000000000000e-04	2.059376111200905e-02
ENSG00000122863.7	80	89	9.999000099990002e-05	2.059376111200905e-02
ENSG00000122870.12	80	89	9.999000099990002e-05	2.059376111200905e-02
ENSG00000122882.12	80	89	3.000000000000000e-04	5.194194863432531e-02
ENSG00000122884.14	80	89	3.000000000000000e-04	5.194194863432531e-02
ENSG00000122952.18	80	89	9.999000099990002e-05	2.059376111200905e-02
ENSG00000122966.19	80	89	9.999000099990002e-05	2.059376111200905e-02
ENSG00000122970.17	80	89	9.999000099990002e-05	2.059376111200905e-02
ENSG00000123064.14	80	89	9.999000099990002e-05	2.059376111200905e-02
ENSG00000123091.6	80	89	4.000000000000000e-04	6.548302711036876e-02
ENSG00000123096.13	80	89	1.000000000000000e-04	2.059376111200905e-02
ENSG00000123136.16	80	89	9.999000099990002e-05	2.059376111200905e-02
ENSG00000123144.11	80	89	4.000000000000000e-04	6.548302711036876e-02
ENSG00000123146.21	80	89	9.999000099990002e-05	2.059376111200905e-02
ENSG00000123154.13	80	89	2.000000000000000e-04	3.728269202633504e-02
ENSG00000123159.17	80	89	9.999000099990002e-05	2.059376111200905e-02
ENSG00000123213.24	80	89	5.000000000000000e-04	7.851466600936653e-02
ENSG00000123219.14	80	89	9.999000099990002e-05	2.059376111200905e-02
ENSG00000123240.18	80	89	2.000000000000000e-04	3.728269202633504e-02
ENSG00000123243.16	80	89	2.000000000000000e-04	3.728269202633504e-02
ENSG00000123349.16	80	89	9.999000099990002e-05	2.059376111200905e-02
ENSG00000123374.11	80	89	9.999000099990002e-05	2.059376111200905e-02
ENSG00000123416.16	80	89	9.999000099990002e-05	2.059376111200905e-02
ENSG00000123427.17	80	89	9.999000099990002e-05	2.059376111200905e-02
ENSG00000123444.15	80	89	9.999000099990002e-05	2.059376111200905e-02
ENSG00000123472.14	80	89	9.999000099990002e-05	2.059376111200905e-02
ENSG00000123473.18	80	89	9.999000099990002e-05	2.059376111200905e-02
ENSG00000123485.12	80	89	9.999000099990002e-05	2.059376111200905e-02
ENSG00000123505.21	80	89	9.999000099990002e-05	2.059376111200905e-02
ENSG00000123607.17	80	89	9.999000099990002e-05	2.059376111200905e-02
ENSG00000123689.7	80	89	2.000000000000000e-04	3.728269202633504e-02
ENSG00000123700.6	80	89	1.000000000000000e-04	2.059376111200905e-02
ENSG00000123975.6	80	89	9.999000099990002e-05	2.059376111200905e-02
ENSG00000123989.16	80	89	2.000000000000000e-04	3.728269202633504e-02
ENSG00000124074.13	80	89	3.000000000000000e-04	5.194194863432531e-02
ENSG00000124098.10	80	89	9.999000099990002e-05	2.059376111200905e-02
ENSG00000124155.20	80	89	4.000000000000000e-04	6.548302711036876e-02
ENSG00000124207.18	80	89	3.000000000000000e-04	5.194194863432531e-02
ENSG00000124214.22	80	89	9.999000099990002e-05	2.059376111200905e-02
ENSG00000124243.20	80	89	2.000000000000000e-04	3.728269202633504e-02
ENSG00000124356.18	80	89	2.000000000000000e-04	3.728269202633504e-02
ENSG00000124357.14	80	89	1.000000000000000e-04	2.059376111200905e-02
ENSG00000124370.12	80	89	9.999000099990002e-05	2.059376111200905e-02
ENSG00000124444.17	80	89	9.999000099990002e-05	2.059376111200905e-02
ENSG00000124486.16	80	89	4.000000000000000e-04	6.548302711036876e-02
ENSG00000124541.8	80	89	1.000000000000000e-04	2.059376111200905e-02
ENSG00000124562.11	80	89	9.999000099990002e-05	2.059376111200905e-02
ENSG00000124570.22	80	89	3.000000000000000e-04	5.194194863432531e-02
ENSG00000124608.6	80	89	9.999000099990002e-05	2.059376111200905e-02
ENSG00000124749.18	80	89	5.999999999999999e-04	9.084748663101604e-02
ENSG00000124783.15	80	89	3.000000000000000e-04	5.194194863432531e-02
ENSG00000124786.14	80	89	9.999000099990002e-05	2.059376111200905e-02
ENSG00000124788.19	80	89	4.000000000000000e-04	6.548302711036876e-02
ENSG00000124802.13	80	89	5.999999999999999e-04	9.084748663101604e-02
ENSG00000125124.15	80	89	9.999000099990002e-05	2.059376111200905e-02
ENSG00000125148.8	80	89	9.999000099990002e-05	2.059376111200905e-02
ENSG00000125166.14	80	89	9.999000099990002e-05	2.059376111200905e-02
ENSG00000125319.16	80	89	9.999000099990002e-05	2.059376111200905e-02
ENSG00000125434.12	80	89	5.999999999999999e-04	9.084748663101604e-02
ENSG00000125450.12	80	89	9.999000099990002e-05	2.059376111200905e-02
ENSG00000125459.19	80	89	9.999000099990002e-05	2.059376111200905e-02
ENSG00000125503.14	80	89	9.999000099990002e-05	2.059376111200905e-02
ENSG00000125505.18	80	89	5.000000000000000e-04	7.851466600936653e-02
ENSG00000125520.15	80	89	2.000000000000000e-04	3.728269202633504e-02
ENSG00000125534.12	80	89	9.999000099990002e-05	2.059376111200905e-02
ENSG00000125637.17	80	89	1.000000000000000e-04	2.059376111200905e-02
ENSG00000125648.16	80	89	4.000000000000000e-04	6.548302711036876e-02
ENSG00000125650.5	80	89	2.000000000000000e-04	3.728269202633504e-02
ENSG00000125651.15	80	89	1.000000000000000e-04	2.059376111200905e-02
ENSG00000125656.13	80	89	9.999000099990002e-05	2.059376111200905e-02
ENSG00000125691.16	80	89	1.000000000000000e-04	2.059376111200905e-02
ENSG00000125730.19	80	89	2.000000000000000e-04	3.728269202633504e-02
ENSG00000125741.6	80	89	3.000000000000000e-04	5.194194863432531e-02
ENSG00000125744.13	80	89	9.999000099990002e-05	2.059376111200905e-02
ENSG00000125817.8	80	89	9.999000099990002e-05	2.059376111200905e-02
ENSG00000125821.14	80	89	9.999000099990002e-05	2.059376111200905e-02
ENSG00000125827.10	80	89	1.000000000000000e-04	2.059376111200905e-02
ENSG00000125834.14	80	89	2.000000000000000e-04	3.728269202633504e-02
ENSG00000125835.21	80	89	9.999000099990002e-05	2.059376111200905e-02
ENSG00000125843.13	80	89	9.999000099990002e-05	2.059376111200905e-02
ENSG00000125844.18	80	89	9.999000099990002e-05	2.059376111200905e-02
ENSG00000125863.20	80	89	9.999000099990002e-05	2.059376111200905e-02
ENSG00000125868.17	80	89	1.000000000000000e-04	2.059376111200905e-02
ENSG00000125875.16	80	89	9.999000099990002e-05	2.059376111200905e-02
ENSG00000125885.14	80	89	9.999000099990002e-05	2.059376111200905e-02
ENSG00000125898.14	80	89	9.999000099990002e-05	2.059376111200905e-02
ENSG00000125901.7	80	89	9.999000099990002e-05	2.059376111200905e-02
ENSG00000125912.12	80	89	9.999000099990002e-05	2.059376111200905e-02
ENSG00000125945.16	80	89	9.999000099990002e-05	2.059376111200905e-02
ENSG00000125962.17	80	89	1.000000000000000e-04	2.059376111200905e-02
ENSG00000125967.18	80	89	1.000000000000000e-04	2.059376111200905e-02
ENSG00000125968.11	80	89	9.999000099990002e-05	2.059376111200905e-02
ENSG00000125970.13	80	89	9.999000099990002e-05	2.059376111200905e-02
ENSG00000126067.13	80	89	9.999000099990002e-05	2.059376111200905e-02
ENSG00000126215.15	80	89	9.999000099990002e-05	2.059376111200905e-02
ENSG00000126216.16	80	89	9.999000099990002e-05	2.059376111200905e-02
ENSG00000126243.9	80	89	2.000000000000000e-04	3.728269202633504e-02
ENSG00000126254.13	80	89	9.999000099990002e-05	2.059376111200905e-02
ENSG00000126261.13	80	89	9.999000099990002e-05	2.059376111200905e-02
ENSG00000126368.6	80	89	1.000000000000000e-04	2.059376111200905e-02
ENSG00000126391.15	80	89	9.999000099990002e-05	2.059376111200905e-02
ENSG00000126453.12	80	89	9.999000099990002e-05	2.059376111200905e-02
ENSG00000126461.16	80	89	9.999000099990002e-05	2.059376111200905e-02
ENSG00000126464.15	80	89	9.999000099990002e-05	2.059376111200905e-02
ENSG00000126561.19	80	89	9.999000099990002e-05	2.059376111200905e-02
ENSG00000126602.12	80	89	9.999000099990002e-05	2.059376111200905e-02
ENSG00000126705.16	80	89	1.000000000000000e-04	2.059376111200905e-02
ENSG00000126756.13	80	89	9.999000099990002e-05	2.059376111200905e-02
ENSG00000126775.9	80	89	9.999000099990002e-05	2.059376111200905e-02
ENSG00000126787.14	80	89	9.999000099990002e-05	2.059376111200905e-02
ENSG00000126790.13	80	89	9.999000099990002e-05	2.059376111200905e-02
ENSG00000126804.15	80	89	9.999000099990002e-05	2.059376111200905e-02
ENSG00000126821.9	80	89	1.000000000000000e-04	2.059376111200905e-02
ENSG00000126822.19	80	89	9.999000099990002e-05	2.059376111200905e-02
ENSG00000126903.17	80	89	1.000000000000000e-04	2.059376111200905e-02
ENSG00000126945.10	80	89	9.999000099990002e-05	2.059376111200905e-02
ENSG00000126947.14	80	89	9.999000099990002e-05	2.059376111200905e-02
ENSG00000127083.9	80	89	9.999000099990002e-05	2.059376111200905e-02
ENSG00000127124.16	80	89	3.000000000000000e-04	5.194194863432531e-02
ENSG00000127125.10	80	89	9.999000099990002e-05	2.059376111200905e-02
ENSG00000127184.14	80	89	9.999000099990002e-05	2.059376111200905e-02
ENSG00000127191.20	80	89	9.999000099990002e-05	2.059376111200905e-02
ENSG00000127418.16	80	89	1.000000000000000e-04	2.059376111200905e-02
ENSG00000127423.11	80	89	9.999000099990002e-05	2.059376111200905e-02
ENSG00000127445.15	80	89	9.999000099990002e-05	2.059376111200905e-02
ENSG00000127528.6	80	89	9.999000099990002e-05	2.059376111200905e-02
ENSG00000127564.18	80	89	9.999000099990002e-05	2.059376111200905e-02
ENSG00000127580.18	80	89	9.999000099990002e-05	2.059376111200905e-02
ENSG00000127586.18	80	89	9.999000099990002e-05	2.059376111200905e-02
ENSG00000127616.23	80	89	1.000000000000000e-04	2.059376111200905e-02
ENSG00000127666.12	80	89	1.000000000000000e-04	2.059376111200905e-02
ENSG00000127720.9	80	89	5.999999999999999e-04	9.084748663101604e-02
ENSG00000127774.8	80	89	9.999000099990002e-05	2.059376111200905e-02
ENSG00000127914.20	80	89	9.999000099990002e-05	2.059376111200905e-02
ENSG00000127946.18	80	89	2.000000000000000e-04	3.728269202633504e-02
ENSG00000127948.18	80	89	2.000000000000000e-04	3.728269202633504e-02
ENSG00000127954.14	80	89	1.000000000000000e-04	2.059376111200905e-02
ENSG00000127980.17	80	89	9.999000099990002e-05	2.059376111200905e-02
ENSG00000127990.20	80	89	1.000000000000000e-04	2.059376111200905e-02
ENSG00000127993.16	80	89	9.999000099990002e-05	2.059376111200905e-02
ENSG00000127995.18	80	89	9.999000099990002e-05	2.059376111200905e-02
ENSG00000128050.10	80	89	4.000000000000000e-04	6.548302711036876e-02
ENSG00000128185.11	80	89	9.999000099990002e-05	2.059376111200905e-02
ENSG00000128191.18	80	89	9.999000099990002e-05	2.059376111200905e-02
ENSG00000128228.6	80	89	1.000000000000000e-04	2.059376111200905e-02
ENSG00000128245.16	80	89	9.999000099990002e-05	2.059376111200905e-02
ENSG00000128272.20	80	89	4.000000000000000e-04	6.548302711036876e-02
ENSG00000128274.18	80	89	9.999000099990002e-05	2.059376111200905e-02
ENSG00000128283.8	80	89	1.000000000000000e-04	2.059376111200905e-02
ENSG00000128284.22	80	89	3.000000000000000e-04	5.194194863432531e-02
ENSG00000128298.19	80	89	9.999000099990002e-05	2.059376111200905e-02
ENSG00000128309.19	80	89	9.999000099990002e-05	2.059376111200905e-02
ENSG00000128311.15	80	89	3.000000000000000e-04	5.194194863432531e-02
ENSG00000128340.17	80	89	9.999000099990002e-05	2.059376111200905e-02
ENSG00000128408.9	80	89	9.999000099990002e-05	2.059376111200905e-02
ENSG00000128564.9	80	89	5.000000000000000e-04	7.851466600936653e-02
ENSG00000128567.18	80	89	9.999000099990002e-05	2.059376111200905e-02
ENSG00000128578.11	80	89	1.000000000000000e-04	2.059376111200905e-02
ENSG00000128591.18	80	89	9.999000099990002e-05	2.059376111200905e-02
ENSG00000128594.9	80	89	1.000000000000000e-04	2.059376111200905e-02
ENSG00000128626.13	80	89	9.999000099990002e-05	2.059376111200905e-02
ENSG00000128641.20	80	89	9.999000099990002e-05	2.059376111200905e-02
ENSG00000128694.13	80	89	1.000000000000000e-04	2.059376111200905e-02
ENSG00000128699.16	80	89	9.999000099990002e-05	2.059376111200905e-02
ENSG00000128708.14	80	89	9.999000099990002e-05	2.059376111200905e-02
ENSG00000128789.23	80	89	2.000000000000000e-04	3.728269202633504e-02
ENSG00000128805.16	80	89	9.999000099990002e-05	2.059376111200905e-02
ENSG00000128872.11	80	89	1.000000000000000e-04	2.059376111200905e-02
ENSG00000128944.14	80	89	9.999000099990002e-05	2.059376111200905e-02
ENSG00000128973.14	80	89	2.000000000000000e-04	3.728269202633504e-02
ENSG00000129003.19	80	89	9.999000099990002e-05	2.059376111200905e-02
ENSG00000129048.8	80	89	9.999000099990002e-05	2.059376111200905e-02
ENSG00000129116.21	80	89	4.000000000000000e-04	6.548302711036876e-02
ENSG00000129173.14	80	89	9.999000099990002e-05	2.059376111200905e-02
ENSG00000129195.17	80	89	9.999000099990002e-05	2.059376111200905e-02
ENSG00000129255.17	80	89	5.999999999999999e-04	9.084748663101604e-02
ENSG00000129295.11	80	89	5.000000000000000e-04	7.851466600936653e-02
ENSG00000129351.19	80	89	2.000000000000000e-04	3.728269202633504e-02
ENSG00000129355.7	80	89	9.999000099990002e-05	2.059376111200905e-02
ENSG00000129422.16	80	89	3.000000000000000e-04	5.194194863432531e-02
ENSG00000129484.15	80	89	9.999000099990002e-05	2.059376111200905e-02
ENSG00000129515.21	80	89	5.999999999999999e-04	9.084748663101604e-02
ENSG00000129518.11	80	89	9.999000099990002e-05	2.059376111200905e-02
ENSG00000129534.15	80	89	1.000000000000000e-04	2.059376111200905e-02
ENSG00000129646.16	80	89	5.999999999999999e-04	9.084748663101604e-02
ENSG00000129657.17	80	89	9.999000099990002e-05	2.059376111200905e-02
ENSG00000129675.17	80	89	9.999000099990002e-05	2.059376111200905e-02
ENSG00000129810.16	80	89	9.999000099990002e-05	2.059376111200905e-02
ENSG00000129824.16	80	89	4.000000000000000e-04	6.548302711036876e-02
ENSG00000129911.9	80	89	9.999000099990002e-05	2.059376111200905e-02
ENSG00000129932.11	80	89	9.999000099990002e-05	2.059376111200905e-02
ENSG00000129968.18	80	89	9.999000099990002e-05	2.059376111200905e-02
ENSG00000130024.16	80	89	9.999000099990002e-05	2.059376111200905e-02
ENSG00000130052.14	80	89	9.999000099990002e-05	2.059376111200905e-02
ENSG00000130175.11	80	89	9.999000099990002e-05	2.059376111200905e-02
ENSG00000130177.17	80	89	9.999000099990002e-05	2.059376111200905e-02
ENSG00000130193.9	80	89	9.999000099990002e-05	2.059376111200905e-02
ENSG00000130204.14	80	89	9.999000099990002e-05	2.059376111200905e-02
ENSG00000130299.18	80	89	9.999000099990002e-05	2.059376111200905e-02
ENSG00000130305.18	80	89	9.999000099990002e-05	2.059376111200905e-02
ENSG00000130312.7	80	89	9.999000099990002e-05	2.059376111200905e-02
ENSG00000130313.8	80	89	4.000000000000000e-04	6.548302711036876e-02
ENSG00000130332.16	80	89	9.999000099990002e-05	2.059376111200905e-02
ENSG00000130402.15	80	89	5.000000000000000e-04	7.851466600936653e-02
ENSG00000130479.12	80	89	9.999000099990002e-05	2.059376111200905e-02
ENSG00000130511.17	80	89	9.999000099990002e-05	2.059376111200905e-02
ENSG00000130518.19	80	89	9.999000099990002e-05	2.059376111200905e-02
ENSG00000130520.12	80	89	9.999000099990002e-05	2.059376111200905e-02
ENSG00000130522.6	80	89	4.000000000000000e-04	6.548302711036876e-02
ENSG00000130640.16	80	89	1.000000000000000e-04	2.059376111200905e-02
ENSG00000130669.18	80	89	1.000000000000000e-04	2.059376111200905e-02
ENSG00000130684.15	80	89	9.999000099990002e-05	2.059376111200905e-02
ENSG00000130695.17	80	89	9.999000099990002e-05	2.059376111200905e-02
ENSG00000130699.20	80	89	9.999000099990002e-05	2.059376111200905e-02
ENSG00000130706.14	80	89	9.999000099990002e-05	2.059376111200905e-02
ENSG00000130707.19	80	89	9.999000099990002e-05	2.059376111200905e-02
ENSG00000130713.18	80	89	9.999000099990002e-05	2.059376111200905e-02
ENSG00000130720.14	80	89	3.000000000000000e-04	5.194194863432531e-02
ENSG00000130725.9	80	89	9.999000099990002e-05	2.059376111200905e-02
ENSG00000130726.13	80	89	9.999000099990002e-05	2.059376111200905e-02
ENSG00000130734.11	80	89	1.000000000000000e-04	2.059376111200905e-02
ENSG00000130748.7	80	89	9.999000099990002e-05	2.059376111200905e-02
ENSG00000130810.21	80	89	9.999000099990002e-05	2.059376111200905e-02
ENSG00000130816.18	80	89	4.000000000000000e-04	6.548302711036876e-02
ENSG00000130826.20	80	89	9.999000099990002e-05	2.059376111200905e-02
ENSG00000130881.14	80	89	3.000000000000000e-04	5.194194863432531e-02
ENSG00000130940.15	80	89	2.000000000000000e-04	3.728269202633504e-02
ENSG00000130985.18	80	89	9.999000099990002e-05	2.059376111200905e-02
ENSG00000130988.14	80	89	9.999000099990002e-05	2.059376111200905e-02
ENSG00000131013.5	80	89	1.000000000000000e-04	2.059376111200905e-02
ENSG00000131019.12	80	89	9.999000099990002e-05	2.059376111200905e-02
ENSG00000131051.25	80	89	9.999000099990002e-05	2.059376111200905e-02
ENSG00000131080.16	80	89	9.999000099990002e-05	2.059376111200905e-02
ENSG00000131116.13	80	89	9.999000099990002e-05	2.059376111200905e-02
ENSG00000131148.10	80	89	9.999000099990002e-05	2.059376111200905e-02
ENSG00000131149.20	80	89	3.000000000000000e-04	5.194194863432531e-02
ENSG00000131153.10	80	89	9.999000099990002e-05	2.059376111200905e-02
ENSG00000131165.17	80	89	5.999999999999999e-04	9.084748663101604e-02
ENSG00000131171.14	80	89	9.999000099990002e-05	2.059376111200905e-02
ENSG00000131188.13	80	89	9.999000099990002e-05	2.059376111200905e-02
ENSG00000131236.19	80	89	9.999000099990002e-05	2.059376111200905e-02
ENSG00000131351.16	80	89	9.999000099990002e-05	2.059376111200905e-02
ENSG00000131368.10	80	89	4.000000000000000e-04	6.548302711036876e-02
ENSG00000131373.16	80	89	1.000000000000000e-04	2.059376111200905e-02
ENSG00000131435.14	80	89	5.999999999999999e-04	9.084748663101604e-02
ENSG00000131462.10	80	89	9.999000099990002e-05	2.059376111200905e-02
ENSG00000131467.13	80	89	9.999000099990002e-05	2.059376111200905e-02
ENSG00000131469.16	80	89	4.000000000000000e-04	6.548302711036876e-02
ENSG00000131470.15	80	89	9.999000099990002e-05	2.059376111200905e-02
ENSG00000131503.22	80	89	2.000000000000000e-04	3.728269202633504e-02
ENSG00000131504.18	80	89	9.999000099990002e-05	2.059376111200905e-02
ENSG00000131507.12	80	89	9.999000099990002e-05	2.059376111200905e-02
ENSG00000131584.20	80	89	9.999000099990002e-05	2.059376111200905e-02
ENSG00000131591.19	80	89	9.999000099990002e-05	2.059376111200905e-02
ENSG00000131697.19	80	89	9.999000099990002e-05	2.059376111200905e-02
ENSG00000131732.13	80	89	9.999000099990002e-05	2.059376111200905e-02
ENSG00000131737.7	80	89	4.000000000000000e-04	6.548302711036876e-02
ENSG00000131747.16	80	89	9.999000099990002e-05	2.059376111200905e-02
ENSG00000131779.12	80	89	9.999000099990002e-05	2.059376111200905e-02
ENSG00000131845.15	80	89	2.000000000000000e-04	3.728269202633504e-02
ENSG00000131849.15	80	89	4.000000000000000e-04	6.548302711036876e-02
ENSG00000131899.14	80	89	9.999000099990002e-05	2.059376111200905e-02
ENSG00000131966.15	80	89	4.000000000000000e-04	6.548302711036876e-02
ENSG00000132004.14	80	89	5.000000000000000e-04	7.851466600936653e-02
ENSG00000132005.10	80	89	9.999000099990002e-05	2.059376111200905e-02
ENSG00000132017.12	80	89	9.999000099990002e-05	2.059376111200905e-02
ENSG00000132185.19	80	89	9.999000099990002e-05	2.059376111200905e-02
ENSG00000132256.21	80	89	9.999000099990002e-05	2.059376111200905e-02
ENSG00000132274.18	80	89	9.999000099990002e-05	2.059376111200905e-02
ENSG00000132300.20	80	89	5.999999999999999e-04	9.084748663101604e-02
ENSG00000132341.13	80	89	9.999000099990002e-05	2.059376111200905e-02
ENSG00000132359.18	80	89	9.999000099990002e-05	2.059376111200905e-02
ENSG00000132361.19	80	89	9.999000099990002e-05	2.059376111200905e-02
ENSG00000132382.16	80	89	9.999000099990002e-05	2.059376111200905e-02
ENSG00000132406.13	80	89	9.999000099990002e-05	2.059376111200905e-02
ENSG00000132423.13	80	89	4.000000000000000e-04	6.548302711036876e-02
ENSG00000132424.18	80	89	9.999000099990002e-05	2.059376111200905e-02
ENSG00000132432.15	80	89	4.000000000000000e-04	6.548302711036876e-02
ENSG00000132436.14	80	89	9.999000099990002e-05	2.059376111200905e-02
ENSG00000132465.13	80	89	9.999000099990002e-05	2.059376111200905e-02
ENSG00000132471.12	80	89	9.999000099990002e-05	2.059376111200905e-02
ENSG00000132475.11	80	89	9.999000099990002e-05	2.059376111200905e-02
ENSG00000132507.19	80	89	9.999000099990002e-05	2.059376111200905e-02
ENSG00000132530.18	80	89	2.000000000000000e-04	3.728269202633504e-02
ENSG00000132541.12	80	89	1.000000000000000e-04	2.059376111200905e-02
ENSG00000132549.20	80	89	9.999000099990002e-05	2.059376111200905e-02
ENSG00000132646.12	80	89	9.999000099990002e-05	2.059376111200905e-02
ENSG00000132661.5	80	89	1.000000000000000e-04	2.059376111200905e-02
ENSG00000132718.10	80	89	9.999000099990002e-05	2.059376111200905e-02
ENSG00000132763.16	80	89	2.000000000000000e-04	3.728269202633504e-02
ENSG00000132768.15	80	89	9.999000099990002e-05	2.059376111200905e-02
ENSG00000132773.13	80	89	9.999000099990002e-05	2.059376111200905e-02
ENSG00000132780.18	80	89	9.999000099990002e-05	2.059376111200905e-02
ENSG00000132801.8	80	89	3.000000000000000e-04	5.194194863432531e-02
ENSG00000132819.17	80	89	1.000000000000000e-04	2.059376111200905e-02
ENSG00000132823.12	80	89	9.999000099990002e-05	2.059376111200905e-02
ENSG00000132825.7	80	89	9.999000099990002e-05	2.059376111200905e-02
ENSG00000132837.16	80	89	9.999000099990002e-05	2.059376111200905e-02
ENSG00000132950.20	80	89	9.999000099990002e-05	2.059376111200905e-02
ENSG00000133027.19	80	89	9.999000099990002e-05	2.059376111200905e-02
ENSG00000133048.14	80	89	4.000000000000000e-04	6.548302711036876e-02
ENSG00000133104.15	80	89	9.999000099990002e-05	2.059376111200905e-02
ENSG00000133111.4	80	89	2.000000000000000e-04	3.728269202633504e-02
ENSG00000133112.18	80	89	9.999000099990002e-05	2.059376111200905e-02
ENSG00000133119.14	80	89	9.999000099990002e-05	2.059376111200905e-02
ENSG00000133138.21	80	89	4.000000000000000e-04	6.548302711036876e-02
ENSG00000133216.17	80	89	1.000000000000000e-04	2.059376111200905e-02
ENSG00000133250.14	80	89	9.999000099990002e-05	2.059376111200905e-02
ENSG00000133265.12	80	89	1.000000000000000e-04	2.059376111200905e-02
ENSG00000133302.14	80	89	9.999000099990002e-05	2.059376111200905e-02
ENSG00000133315.13	80	89	9.999000099990002e-05	2.059376111200905e-02
ENSG00000133606.12	80	89	9.999000099990002e-05	2.059376111200905e-02
ENSG00000133687.17	80	89	9.999000099990002e-05	2.059376111200905e-02
ENSG00000133703.15	80	89	5.999999999999999e-04	9.084748663101604e-02
ENSG00000133789.16	80	89	9.999000099990002e-05	2.059376111200905e-02
ENSG00000133812.19	80	89	5.999999999999999e-04	9.084748663101604e-02
ENSG00000133858.17	80	89	9.999000099990002e-05	2.059376111200905e-02
ENSG00000133872.15	80	89	9.999000099990002e-05	2.059376111200905e-02
ENSG00000134013.17	80	89	3.000000000000000e-04	5.194194863432531e-02
ENSG00000134049.7	80	89	1.000000000000000e-04	2.059376111200905e-02
ENSG00000134057.16	80	89	9.999000099990002e-05	2.059376111200905e-02
ENSG00000134072.12	80	89	9.999000099990002e-05	2.059376111200905e-02
ENSG00000134086.11	80	89	9.999000099990002e-05	2.059376111200905e-02
ENSG00000134186.13	80	89	9.999000099990002e-05	2.059376111200905e-02
ENSG00000134202.13	80	89	1.000000000000000e-04	2.059376111200905e-02
ENSG00000134222.17	80	89	2.000000000000000e-04	3.728269202633504e-02
ENSG00000134248.15	80	89	1.000000000000000e-04	2.059376111200905e-02
ENSG00000134283.19	80	89	5.000000000000000e-04	7.851466600936653e-02
ENSG00000134308.15	80	89	9.999000099990002e-05	2.059376111200905e-02
ENSG00000134313.18	80	89	2.000000000000000e-04	3.728269202633504e-02
ENSG00000134330.19	80	89	9.999000099990002e-05	2.059376111200905e-02
ENSG00000134352.22	80	89	1.000000000000000e-04	2.059376111200905e-02
ENSG00000134363.13	80	89	9.999000099990002e-05	2.059376111200905e-02
ENSG00000134419.16	80	89	9.999000099990002e-05	2.059376111200905e-02
ENSG00000134574.13	80	89	9.999000099990002e-05	2.059376111200905e-02
ENSG00000134690.12	80	89	9.999000099990002e-05	2.059376111200905e-02
ENSG00000134717.19	80	89	2.000000000000000e-04	3.728269202633504e-02
ENSG00000134744.15	80	89	9.999000099990002e-05	2.059376111200905e-02
ENSG00000134780.11	80	89	9.999000099990002e-05	2.059376111200905e-02
ENSG00000134809.10	80	89	3.000000000000000e-04	5.194194863432531e-02
ENSG00000134815.21	80	89	9.999000099990002e-05	2.059376111200905e-02
ENSG00000134825.17	80	89	1.000000000000000e-04	2.059376111200905e-02
ENSG00000134851.14	80	89	2.000000000000000e-04	3.728269202633504e-02
ENSG00000134853.13	80	89	5.000000000000000e-04	7.851466600936653e-02
ENSG00000134882.17	80	89	9.999000099990002e-05	2.059376111200905e-02
ENSG00000134884.16	80	89	9.999000099990002e-05	2.059376111200905e-02
ENSG00000134897.15	80	89	9.999000099990002e-05	2.059376111200905e-02
ENSG00000134899.25	80	89	4.000000000000000e-04	6.548302711036876e-02
ENSG00000134900.14	80	89	1.000000000000000e-04	2.059376111200905e-02
ENSG00000134996.13	80	89	3.000000000000000e-04	5.194194863432531e-02
ENSG00000135045.7	80	89	2.000000000000000e-04	3.728269202633504e-02
ENSG00000135052.17	80	89	9.999000099990002e-05	2.059376111200905e-02
ENSG00000135074.17	80	89	9.999000099990002e-05	2.059376111200905e-02
ENSG00000135124.17	80	89	2.000000000000000e-04	3.728269202633504e-02
ENSG00000135148.13	80	89	2.000000000000000e-04	3.728269202633504e-02
ENSG00000135185.13	80	89	9.999000099990002e-05	2.059376111200905e-02
ENSG00000135205.16	80	89	9.999000099990002e-05	2.059376111200905e-02
ENSG00000135315.13	80	89	9.999000099990002e-05	2.059376111200905e-02
ENSG00000135317.15	80	89	2.000000000000000e-04	3.728269202633504e-02
ENSG00000135338.15	80	89	9.999000099990002e-05	2.059376111200905e-02
ENSG00000135341.20	80	89	9.999000099990002e-05	2.059376111200905e-02
ENSG00000135414.10	80	89	2.000000000000000e-04	3.728269202633504e-02
ENSG00000135451.14	80	89	9.999000099990002e-05	2.059376111200905e-02
ENSG00000135452.11	80	89	9.999000099990002e-05	2.059376111200905e-02
ENSG00000135476.13	80	89	9.999000099990002e-05	2.059376111200905e-02
ENSG00000135506.18	80	89	1.000000000000000e-04	2.059376111200905e-02
ENSG00000135617.5	80	89	9.999000099990002e-05	2.059376111200905e-02
ENSG00000135624.18	80	89	9.999000099990002e-05	2.059376111200905e-02
ENSG00000135678.13	80	89	9.999000099990002e-05	2.059376111200905e-02
ENSG00000135679.28	80	89	9.999000099990002e-05	2.059376111200905e-02
ENSG00000135763.11	80	89	1.000000000000000e-04	2.059376111200905e-02
ENSG00000135766.10	80	89	9.999000099990002e-05	2.059376111200905e-02
ENSG00000135775.15	80	89	3.000000000000000e-04	5.194194863432531e-02
ENSG00000135823.14	80	89	9.999000099990002e-05	2.059376111200905e-02
ENSG00000135828.12	80	89	9.999000099990002e-05	2.059376111200905e-02
ENSG00000135829.18	80	89	5.999999999999999e-04	9.084748663101604e-02
ENSG00000135845.11	80	89	3.000000000000000e-04	5.194194863432531e-02
ENSG00000135924.18	80	89	9.999000099990002e-05	2.059376111200905e-02
ENSG00000135929.10	80	89	9.999000099990002e-05	2.059376111200905e-02
ENSG00000135931.20	80	89	9.999000099990002e-05	2.059376111200905e-02
ENSG00000135945.11	80	89	1.000000000000000e-04	2.059376111200905e-02
ENSG00000135968.23	80	89	1.000000000000000e-04	2.059376111200905e-02
ENSG00000135974.12	80	89	5.000000000000000e-04	7.851466600936653e-02
ENSG00000135999.14	80	89	9.999000099990002e-05	2.059376111200905e-02
ENSG00000136003.17	80	89	9.999000099990002e-05	2.059376111200905e-02
ENSG00000136048.15	80	89	9.999000099990002e-05	2.059376111200905e-02
ENSG00000136108.16	80	89	9.999000099990002e-05	2.059376111200905e-02
ENSG00000136122.19	80	89	9.999000099990002e-05	2.059376111200905e-02
ENSG00000136146.16	80	89	1.000000000000000e-04	2.059376111200905e-02
ENSG00000136147.19	80	89	1.000000000000000e-04	2.059376111200905e-02
ENSG00000136156.16	80	89	5.999999999999999e-04	9.084748663101604e-02
ENSG00000136161.14	80	89	1.000000000000000e-04	2.059376111200905e-02
ENSG00000136167.16	80	89	5.999999999999999e-04	9.084748663101604e-02
ENSG00000136205.19	80	89	2.000000000000000e-04	3.728269202633504e-02
ENSG00000136213.11	80	89	9.999000099990002e-05	2.059376111200905e-02
ENSG00000136235.18	80	89	9.999000099990002e-05	2.059376111200905e-02
ENSG00000136244.13	80	89	9.999000099990002e-05	2.059376111200905e-02
ENSG00000136270.15	80	89	9.999000099990002e-05	2.059376111200905e-02
ENSG00000136279.22	80	89	9.999000099990002e-05	2.059376111200905e-02
ENSG00000136280.18	80	89	9.999000099990002e-05	2.059376111200905e-02
ENSG00000136436.17	80	89	5.999999999999999e-04	9.084748663101604e-02
ENSG00000136450.13	80	89	3.000000000000000e-04	5.194194863432531e-02
ENSG00000136485.16	80	89	9.999000099990002e-05	2.059376111200905e-02
ENSG00000136492.11	80	89	9.999000099990002e-05	2.059376111200905e-02
ENSG00000136518.18	80	89	5.000000000000000e-04	7.851466600936653e-02
ENSG00000136560.15	80	89	1.000000000000000e-04	2.059376111200905e-02
ENSG00000136643.13	80	89	9.999000099990002e-05	2.059376111200905e-02
ENSG00000136699.21	80	89	9.999000099990002e-05	2.059376111200905e-02
ENSG00000136710.11	80	89	9.999000099990002e-05	2.059376111200905e-02
ENSG00000136715.20	80	89	9.999000099990002e-05	2.059376111200905e-02
ENSG00000136718.11	80	89	9.999000099990002e-05	2.059376111200905e-02
ENSG00000136783.11	80	89	2.000000000000000e-04	3.728269202633504e-02
ENSG00000136811.17	80	89	9.999000099990002e-05	2.059376111200905e-02
ENSG00000136824.20	80	89	9.999000099990002e-05	2.059376111200905e-02
ENSG00000136830.13	80	89	9.999000099990002e-05	2.059376111200905e-02
ENSG00000136856.19	80	89	9.999000099990002e-05	2.059376111200905e-02
ENSG00000136869.16	80	89	4.000000000000000e-04	6.548302711036876e-02
ENSG00000136870.11	80	89	9.999000099990002e-05	2.059376111200905e-02
ENSG00000136874.12	80	89	9.999000099990002e-05	2.059376111200905e-02
ENSG00000136875.14	80	89	9.999000099990002e-05	2.059376111200905e-02
ENSG00000136897.8	80	89	4.000000000000000e-04	6.548302711036876e-02
ENSG00000136908.19	80	89	1.000000000000000e-04	2.059376111200905e-02
ENSG00000136930.14	80	89	4.000000000000000e-04	6.548302711036876e-02
ENSG00000136936.12	80	89	4.000000000000000e-04	6.548302711036876e-02
ENSG00000136940.15	80	89	2.000000000000000e-04	3.728269202633504e-02
ENSG00000136942.16	80	89	9.999000099990002e-05	2.059376111200905e-02
ENSG00000136950.14	80	89	9.999000099990002e-05	2.059376111200905e-02
ENSG00000136960.14	80	89	1.000000000000000e-04	2.059376111200905e-02
ENSG00000136982.7	80	89	4.000000000000000e-04	6.548302711036876e-02
ENSG00000136999.6	80	89	9.999000099990002e-05	2.059376111200905e-02
ENSG00000137038.9	80	89	1.000000000000000e-04	2.059376111200905e-02
ENSG00000137054.17	80	89	1.000000000000000e-04	2.059376111200905e-02
ENSG00000137073.25	80	89	9.999000099990002e-05	2.059376111200905e-02
ENSG00000137100.17	80	89	2.000000000000000e-04	3.728269202633504e-02
ENSG00000137135.19	80	89	9.999000099990002e-05	2.059376111200905e-02
ENSG00000137145.22	80	89	9.999000099990002e-05	2.059376111200905e-02
ENSG00000137166.19	80	89	9.999000099990002e-05	2.059376111200905e-02
ENSG00000137198.11	80	89	9.999000099990002e-05	2.059376111200905e-02
ENSG00000137267.8	80	89	9.999000099990002e-05	2.059376111200905e-02
ENSG00000137309.22	80	89	9.999000099990002e-05	2.059376111200905e-02
ENSG00000137310.14	80	89	9.999000099990002e-05	2.059376111200905e-02
ENSG00000137338.7	80	89	9.999000099990002e-05	2.059376111200905e-02
ENSG00000137393.11	80	89	2.000000000000000e-04	3.728269202633504e-02
ENSG00000137404.16	80	89	9.999000099990002e-05	2.059376111200905e-02
ENSG00000137414.8	80	89	9.999000099990002e-05	2.059376111200905e-02
ENSG00000137463.6	80	89	1.000000000000000e-04	2.059376111200905e-02
ENSG00000137494.15	80	89	4.000000000000000e-04	6.548302711036876e-02
ENSG00000137504.16	80	89	9.999000099990002e-05	2.059376111200905e-02
ENSG00000137507.12	80	89	5.000000000000000e-04	7.851466600936653e-02
ENSG00000137509.13	80	89	9.999000099990002e-05	2.059376111200905e-02
ENSG00000137547.10	80	89	5.000000000000000e-04	7.851466600936653e-02
ENSG00000137691.14	80	89	9.999000099990002e-05	2.059376111200905e-02
ENSG00000137692.13	80	89	3.000000000000000e-04	5.194194863432531e-02
ENSG00000137710.18	80	89	2.000000000000000e-04	3.728269202633504e-02
ENSG00000137720.8	80	89	9.999000099990002e-05	2.059376111200905e-02
ENSG00000137764.21	80	89	1.000000000000000e-04	2.059376111200905e-02
ENSG00000137801.12	80	89	9.999000099990002e-05	2.059376111200905e-02
ENSG00000137804.15	80	89	9.999000099990002e-05	2.059376111200905e-02
ENSG00000137807.17	80	89	9.999000099990002e-05	2.059376111200905e-02
ENSG00000137809.18	80	89	9.999000099990002e-05	2.059376111200905e-02
ENSG00000137812.21	80	89	1.000000000000000e-04	2.059376111200905e-02
ENSG00000137822.14	80	89	9.999000099990002e-05	2.059376111200905e-02
ENSG00000137834.16	80	89	9.999000099990002e-05	2.059376111200905e-02
ENSG00000137868.20	80	89	9.999000099990002e-05	2.059376111200905e-02
ENSG00000137871.22	80	89	9.999000099990002e-05	2.059376111200905e-02
ENSG00000137876.12	80	89	9.999000099990002e-05	2.059376111200905e-02
ENSG00000137877.10	80	89	5.000000000000000e-04	7.851466600936653e-02
ENSG00000137936.19	80	89	5.999999999999999e-04	9.084748663101604e-02
ENSG00000137944.18	80	89	1.000000000000000e-04	2.059376111200905e-02
ENSG00000137975.8	80	89	1.000000000000000e-04	2.059376111200905e-02
ENSG00000138029.15	80	89	1.000000000000000e-04	2.059376111200905e-02
ENSG00000138036.19	80	89	9.999000099990002e-05	2.059376111200905e-02
ENSG00000138061.14	80	89	9.999000099990002e-05	2.059376111200905e-02
ENSG00000138069.19	80	89	9.999000099990002e-05	2.059376111200905e-02
ENSG00000138078.17	80	89	2.000000000000000e-04	3.728269202633504e-02
ENSG00000138080.15	80	89	1.000000000000000e-04	2.059376111200905e-02
ENSG00000138081.23	80	89	9.999000099990002e-05	2.059376111200905e-02
ENSG00000138085.19	80	89	9.999000099990002e-05	2.059376111200905e-02
ENSG00000138092.12	80	89	9.999000099990002e-05	2.059376111200905e-02
ENSG00000138095.21	80	89	1.000000000000000e-04	2.059376111200905e-02
ENSG00000138107.14	80	89	9.999000099990002e-05	2.059376111200905e-02
ENSG00000138131.5	80	89	9.999000099990002e-05	2.059376111200905e-02
ENSG00000138160.8	80	89	9.999000099990002e-05	2.059376111200905e-02
ENSG00000138166.7	80	89	9.999000099990002e-05	2.059376111200905e-02
ENSG00000138180.17	80	89	9.999000099990002e-05	2.059376111200905e-02
ENSG00000138182.16	80	89	9.999000099990002e-05	2.059376111200905e-02
ENSG00000138246.17	80	89	1.000000000000000e-04	2.059376111200905e-02
ENSG00000138286.16	80	89	9.999000099990002e-05	2.059376111200905e-02
ENSG00000138303.20	80	89	4.000000000000000e-04	6.548302711036876e-02
ENSG00000138347.17	80	89	1.000000000000000e-04	2.059376111200905e-02
ENSG00000138356.15	80	89	9.999000099990002e-05	2.059376111200905e-02
ENSG00000138376.12	80	89	9.999000099990002e-05	2.059376111200905e-02
ENSG00000138378.21	80	89	9.999000099990002e-05	2.059376111200905e-02
ENSG00000138385.17	80	89	9.999000099990002e-05	2.059376111200905e-02
ENSG00000138399.19	80	89	2.000000000000000e-04	3.728269202633504e-02
ENSG00000138433.17	80	89	9.999000099990002e-05	2.059376111200905e-02
ENSG00000138434.17	80	89	4.000000000000000e-04	6.548302711036876e-02
ENSG00000138439.12	80	89	1.000000000000000e-04	2.059376111200905e-02
ENSG00000138449.12	80	89	9.999000099990002e-05	2.059376111200905e-02
ENSG00000138463.10	80	89	4.000000000000000e-04	6.548302711036876e-02
ENSG00000138496.18	80	89	9.999000099990002e-05	2.059376111200905e-02
ENSG00000138594.15	80	89	2.000000000000000e-04	3.728269202633504e-02
ENSG00000138600.12	80	89	3.000000000000000e-04	5.194194863432531e-02
ENSG00000138623.10	80	89	9.999000099990002e-05	2.059376111200905e-02
ENSG00000138629.17	80	89	9.999000099990002e-05	2.059376111200905e-02
ENSG00000138639.18	80	89	3.000000000000000e-04	5.194194863432531e-02
ENSG00000138640.16	80	89	9.999000099990002e-05	2.059376111200905e-02
ENSG00000138641.20	80	89	1.000000000000000e-04	2.059376111200905e-02
ENSG00000138674.18	80	89	9.999000099990002e-05	2.059376111200905e-02
ENSG00000138675.17	80	89	9.999000099990002e-05	2.059376111200905e-02
ENSG00000138688.17	80	89	9.999000099990002e-05	2.059376111200905e-02
ENSG00000138738.12	80	89	5.999999999999999e-04	9.084748663101604e-02
ENSG00000138756.20	80	89	9.999000099990002e-05	2.059376111200905e-02
ENSG00000138758.13	80	89	9.999000099990002e-05	2.059376111200905e-02
ENSG00000138764.16	80	89	9.999000099990002e-05	2.059376111200905e-02
ENSG00000138780.16	80	89	9.999000099990002e-05	2.059376111200905e-02
ENSG00000138942.18	80	89	9.999000099990002e-05	2.059376111200905e-02
ENSG00000139132.16	80	89	3.000000000000000e-04	5.194194863432531e-02
ENSG00000139174.13	80	89	5.000000000000000e-04	7.851466600936653e-02
ENSG00000139178.13	80	89	9.999000099990002e-05	2.059376111200905e-02
ENSG00000139209.17	80	89	9.999000099990002e-05	2.059376111200905e-02
ENSG00000139263.13	80	89	1.000000000000000e-04	2.059376111200905e-02
ENSG00000139304.16	80	89	2.000000000000000e-04	3.728269202633504e-02
ENSG00000139329.6	80	89	9.999000099990002e-05	2.059376111200905e-02
ENSG00000139343.12	80	89	3.000000000000000e-04	5.194194863432531e-02
ENSG00000139354.12	80	89	9.999000099990002e-05	2.059376111200905e-02
ENSG00000139405.17	80	89	9.999000099990002e-05	2.059376111200905e-02
ENSG00000139437.19	80	89	9.999000099990002e-05	2.059376111200905e-02
ENSG00000139438.7	80	89	9.999000099990002e-05	2.059376111200905e-02
ENSG00000139508.16	80	89	9.999000099990002e-05	2.059376111200905e-02
ENSG00000139514.14	80	89	9.999000099990002e-05	2.059376111200905e-02
ENSG00000139546.12	80	89	5.999999999999999e-04	9.084748663101604e-02
ENSG00000139579.14	80	89	5.999999999999999e-04	9.084748663101604e-02
ENSG00000139597.19	80	89	9.999000099990002e-05	2.059376111200905e-02
ENSG00000139618.19	80	89	2.000000000000000e-04	3.728269202633504e-02
ENSG00000139625.14	80	89	9.999000099990002e-05	2.059376111200905e-02
ENSG00000139636.17	80	89	9.999000099990002e-05	2.059376111200905e-02
ENSG00000139644.14	80	89	9.999000099990002e-05	2.059376111200905e-02
ENSG00000139645.11	80	89	9.999000099990002e-05	2.059376111200905e-02
ENSG00000139668.10	80	89	9.999000099990002e-05	2.059376111200905e-02
ENSG00000139679.17	80	89	9.999000099990002e-05	2.059376111200905e-02
ENSG00000139718.12	80	89	9.999000099990002e-05	2.059376111200905e-02
ENSG00000139722.8	80	89	9.999000099990002e-05	2.059376111200905e-02
ENSG00000139734.19	80	89	5.999999999999999e-04	9.084748663101604e-02
ENSG00000139826.7	80	89	1.000000000000000e-04	2.059376111200905e-02
ENSG00000139874.7	80	89	9.999000099990002e-05	2.059376111200905e-02
ENSG00000139880.21	80	89	9.999000099990002e-05	2.059376111200905e-02
ENSG00000139946.11	80	89	9.999000099990002e-05	2.059376111200905e-02
ENSG00000139974.18	80	89	9.999000099990002e-05	2.059376111200905e-02
ENSG00000140043.13	80	89	3.000000000000000e-04	5.194194863432531e-02
ENSG00000140092.17	80	89	2.000000000000000e-04	3.728269202633504e-02
ENSG00000140259.8	80	89	9.999000099990002e-05	2.059376111200905e-02
ENSG00000140263.16	80	89	9.999000099990002e-05	2.059376111200905e-02
ENSG00000140265.15	80	89	4.000000000000000e-04	6.548302711036876e-02
ENSG00000140285.13	80	89	9.999000099990002e-05	2.059376111200905e-02
ENSG00000140319.12	80	89	5.000000000000000e-04	7.851466600936653e-02
ENSG00000140326.14	80	89	1.000000000000000e-04	2.059376111200905e-02
ENSG00000140332.19	80	89	1.000000000000000e-04	2.059376111200905e-02
ENSG00000140350.16	80	89	9.999000099990002e-05	2.059376111200905e-02
ENSG00000140365.17	80	89	2.000000000000000e-04	3.728269202633504e-02
ENSG00000140382.16	80	89	2.000000000000000e-04	3.728269202633504e-02
ENSG00000140406.4	80	89	9.999000099990002e-05	2.059376111200905e-02
ENSG00000140450.10	80	89	3.000000000000000e-04	5.194194863432531e-02
ENSG00000140451.14	80	89	1.000000000000000e-04	2.059376111200905e-02
ENSG00000140534.15	80	89	9.999000099990002e-05	2.059376111200905e-02
ENSG00000140553.19	80	89	9.999000099990002e-05	2.059376111200905e-02
ENSG00000140564.14	80	89	9.999000099990002e-05	2.059376111200905e-02
ENSG00000140691.19	80	89	5.000000000000000e-04	7.851466600936653e-02
ENSG00000140941.15	80	89	1.000000000000000e-04	2.059376111200905e-02
ENSG00000140943.18	80	89	9.999000099990002e-05	2.059376111200905e-02
ENSG00000140950.17	80	89	1.000000000000000e-04	2.059376111200905e-02
ENSG00000140961.15	80	89	9.999000099990002e-05	2.059376111200905e-02
ENSG00000140983.16	80	89	9.999000099990002e-05	2.059376111200905e-02
ENSG00000140987.23	80	89	9.999000099990002e-05	2.059376111200905e-02
ENSG00000140990.16	80	89	9.999000099990002e-05	2.059376111200905e-02
ENSG00000140995.18	80	89	9.999000099990002e-05	2.059376111200905e-02
ENSG00000141098.14	80	89	1.000000000000000e-04	2.059376111200905e-02
ENSG00000141298.19	80	89	9.999000099990002e-05	2.059376111200905e-02
ENSG00000141338.16	80	89	9.999000099990002e-05	2.059376111200905e-02
ENSG00000141367.15	80	89	2.000000000000000e-04	3.728269202633504e-02
ENSG00000141425.19	80	89	9.999000099990002e-05	2.059376111200905e-02
ENSG00000141446.13	80	89	2.000000000000000e-04	3.728269202633504e-02
ENSG00000141447.20	80	89	1.000000000000000e-04	2.059376111200905e-02
ENSG00000141456.17	80	89	9.999000099990002e-05	2.059376111200905e-02
ENSG00000141499.19	80	89	9.999000099990002e-05	2.059376111200905e-02
ENSG00000141504.13	80	89	5.000000000000000e-04	7.851466600936653e-02
ENSG00000141510.20	80	89	9.999000099990002e-05	2.059376111200905e-02
ENSG00000141522.14	80	89	3.000000000000000e-04	5.194194863432531e-02
ENSG00000141526.19	80	89	2.000000000000000e-04	3.728269202633504e-02
ENSG00000141552.19	80	89	9.999000099990002e-05	2.059376111200905e-02
ENSG00000141556.23	80	89	9.999000099990002e-05	2.059376111200905e-02
ENSG00000141560.16	80	89	9.999000099990002e-05	2.059376111200905e-02
ENSG00000141568.22	80	89	9.999000099990002e-05	2.059376111200905e-02
ENSG00000141569.13	80	89	2.000000000000000e-04	3.728269202633504e-02
ENSG00000141577.15	80	89	9.999000099990002e-05	2.059376111200905e-02
ENSG00000141682.13	80	89	9.999000099990002e-05	2.059376111200905e-02
ENSG00000141753.8	80	89	5.000000000000000e-04	7.851466600936653e-02
ENSG00000141858.12	80	89	9.999000099990002e-05	2.059376111200905e-02
ENSG00000141905.20	80	89	2.000000000000000e-04	3.728269202633504e-02
ENSG00000141933.9	80	89	9.999000099990002e-05	2.059376111200905e-02
ENSG00000141959.18	80	89	9.999000099990002e-05	2.059376111200905e-02
ENSG00000141965.5	80	89	9.999000099990002e-05	2.059376111200905e-02
ENSG00000141971.15	80	89	2.000000000000000e-04	3.728269202633504e-02
ENSG00000141985.10	80	89	9.999000099990002e-05	2.059376111200905e-02
ENSG00000141994.17	80	89	1.000000000000000e-04	2.059376111200905e-02
ENSG00000142065.15	80	89	9.999000099990002e-05	2.059376111200905e-02
ENSG00000142082.16	80	89	1.000000000000000e-04	2.059376111200905e-02
ENSG00000142149.10	80	89	9.999000099990002e-05	2.059376111200905e-02
ENSG00000142156.17	80	89	2.000000000000000e-04	3.728269202633504e-02
ENSG00000142192.23	80	89	9.999000099990002e-05	2.059376111200905e-02
ENSG00000142197.14	80	89	3.000000000000000e-04	5.194194863432531e-02
ENSG00000142207.8	80	89	9.999000099990002e-05	2.059376111200905e-02
ENSG00000142208.20	80	89	9.999000099990002e-05	2.059376111200905e-02
ENSG00000142230.14	80	89	9.999000099990002e-05	2.059376111200905e-02
ENSG00000142330.21	80	89	9.999000099990002e-05	2.059376111200905e-02
ENSG00000142396.12	80	89	3.000000000000000e-04	5.194194863432531e-02
ENSG00000142409.7	80	89	9.999000099990002e-05	2.059376111200905e-02
ENSG00000142453.13	80	89	1.000000000000000e-04	2.059376111200905e-02
ENSG00000142528.17	80	89	2.000000000000000e-04	3.728269202633504e-02
ENSG00000142534.8	80	89	9.999000099990002e-05	2.059376111200905e-02
ENSG00000142541.19	80	89	5.999999999999999e-04	9.084748663101604e-02
ENSG00000142544.8	80	89	9.999000099990002e-05	2.059376111200905e-02
ENSG00000142546.15	80	89	5.000000000000000e-04	7.851466600936653e-02
ENSG00000142552.9	80	89	2.000000000000000e-04	3.728269202633504e-02
ENSG00000142583.19	80	89	5.000000000000000e-04	7.851466600936653e-02
ENSG00000142634.14	80	89	9.999000099990002e-05	2.059376111200905e-02
ENSG00000142669.16	80	89	2.000000000000000e-04	3.728269202633504e-02
ENSG00000142676.15	80	89	1.000000000000000e-04	2.059376111200905e-02
ENSG00000142684.9	80	89	1.000000000000000e-04	2.059376111200905e-02
ENSG00000142687.20	80	89	9.999000099990002e-05	2.059376111200905e-02
ENSG00000142694.8	80	89	9.999000099990002e-05	2.059376111200905e-02
ENSG00000142731.12	80	89	9.999000099990002e-05	2.059376111200905e-02
ENSG00000142798.20	80	89	5.000000000000000e-04	7.851466600936653e-02
ENSG00000142864.16	80	89	9.999000099990002e-05	2.059376111200905e-02
ENSG00000142937.13	80	89	3.000000000000000e-04	5.194194863432531e-02
ENSG00000142945.14	80	89	9.999000099990002e-05	2.059376111200905e-02
ENSG00000142949.19	80	89	5.000000000000000e-04	7.851466600936653e-02
ENSG00000143028.10	80	89	4.000000000000000e-04	6.548302711036876e-02
ENSG00000143147.16	80	89	9.999000099990002e-05	2.059376111200905e-02
ENSG00000143162.10	80	89	9.999000099990002e-05	2.059376111200905e-02
ENSG00000143164.17	80	89	9.999000099990002e-05	2.059376111200905e-02
ENSG00000143178.13	80	89	1.000000000000000e-04	2.059376111200905e-02
ENSG00000143196.6	80	89	9.999000099990002e-05	2.059376111200905e-02
ENSG00000143198.14	80	89	5.999999999999999e-04	9.084748663101604e-02
ENSG00000143207.22	80	89	3.000000000000000e-04	5.194194863432531e-02
ENSG00000143222.13	80	89	9.999000099990002e-05	2.059376111200905e-02
ENSG00000143228.14	80	89	5.000000000000000e-04	7.851466600936653e-02
ENSG00000143256.6	80	89	9.999000099990002e-05	2.059376111200905e-02
ENSG00000143322.22	80	89	9.999000099990002e-05	2.059376111200905e-02
ENSG00000143344.17	80	89	9.999000099990002e-05	2.059376111200905e-02
ENSG00000143367.18	80	89	4.000000000000000e-04	6.548302711036876e-02
ENSG00000143368.11	80	89	9.999000099990002e-05	2.059376111200905e-02
ENSG00000143374.19	80	89	1.000000000000000e-04	2.059376111200905e-02
ENSG00000143387.15	80	89	3.000000000000000e-04	5.194194863432531e-02
ENSG00000143401.16	80	89	9.999000099990002e-05	2.059376111200905e-02
ENSG00000143416.22	80	89	9.999000099990002e-05	2.059376111200905e-02
ENSG00000143437.22	80	89	3.000000000000000e-04	5.194194863432531e-02
ENSG00000143457.12	80	89	9.999000099990002e-05	2.059376111200905e-02
ENSG00000143473.15	80	89	5.999999999999999e-04	9.084748663101604e-02
ENSG00000143476.19	80	89	9.999000099990002e-05	2.059376111200905e-02
ENSG00000143486.17	80	89	9.999000099990002e-05	2.059376111200905e-02
ENSG00000143502.17	80	89	1.000000000000000e-04	2.059376111200905e-02
ENSG00000143507.19	80	89	4.000000000000000e-04	6.548302711036876e-02
ENSG00000143537.15	80	89	4.000000000000000e-04	6.548302711036876e-02
ENSG00000143549.23	80	89	9.999000099990002e-05	2.059376111200905e-02
ENSG00000143554.15	80	89	9.999000099990002e-05	2.059376111200905e-02
ENSG00000143569.21	80	89	4.000000000000000e-04	6.548302711036876e-02
ENSG00000143621.18	80	89	9.999000099990002e-05	2.059376111200905e-02
ENSG00000143633.14	80	89	4.000000000000000e-04	6.548302711036876e-02
ENSG00000143669.16	80	89	9.999000099990002e-05	2.059376111200905e-02
ENSG00000143702.18	80	89	9.999000099990002e-05	2.059376111200905e-02
ENSG00000143753.15	80	89	2.000000000000000e-04	3.728269202633504e-02
ENSG00000143761.18	80	89	9.999000099990002e-05	2.059376111200905e-02
ENSG00000143774.19	80	89	9.999000099990002e-05	2.059376111200905e-02
ENSG00000143793.14	80	89	9.999000099990002e-05	2.059376111200905e-02
ENSG00000143811.21	80	89	9.999000099990002e-05	2.059376111200905e-02
ENSG00000143816.8	80	89	1.000000000000000e-04	2.059376111200905e-02
ENSG00000143819.14	80	89	9.999000099990002e-05	2.059376111200905e-02
ENSG00000143942.6	80	89	1.000000000000000e-04	2.059376111200905e-02
ENSG00000143952.21	80	89	9.999000099990002e-05	2.059376111200905e-02
ENSG00000143971.10	80	89	9.999000099990002e-05	2.059376111200905e-02
ENSG00000143977.15	80	89	4.000000000000000e-04	6.548302711036876e-02
ENSG00000144021.4	80	89	9.999000099990002e-05	2.059376111200905e-02
ENSG00000144048.13	80	89	4.000000000000000e-04	6.548302711036876e-02
ENSG00000144061.15	80	89	9.999000099990002e-05	2.059376111200905e-02
ENSG00000144063.5	80	89	9.999000099990002e-05	2.059376111200905e-02
ENSG00000144134.20	80	89	9.999000099990002e-05	2.059376111200905e-02
ENSG00000144136.12	80	89	9.999000099990002e-05	2.059376111200905e-02
ENSG00000144182.18	80	89	9.999000099990002e-05	2.059376111200905e-02
ENSG00000144218.21	80	89	9.999000099990002e-05	2.059376111200905e-02
ENSG00000144224.18	80	89	9.999000099990002e-05	2.059376111200905e-02
ENSG00000144231.12	80	89	9.999000099990002e-05	2.059376111200905e-02
ENSG00000144285.24	80	89	9.999000099990002e-05	2.059376111200905e-02
ENSG00000144320.15	80	89	1.000000000000000e-04	2.059376111200905e-02
ENSG00000144355.15	80	89	9.999000099990002e-05	2.059376111200905e-02
ENSG00000144369.15	80	89	3.000000000000000e-04	5.194194863432531e-02
ENSG00000144381.19	80	89	5.000000000000000e-04	7.851466600936653e-02
ENSG00000144395.18	80	89	1.000000000000000e-04	2.059376111200905e-02
ENSG00000144426.19	80	89	2.000000000000000e-04	3.728269202633504e-02
ENSG00000144445.18	80	89	2.000000000000000e-04	3.728269202633504e-02
ENSG00000144451.20	80	89	2.000000000000000e-04	3.728269202633504e-02
ENSG00000144455.15	80	89	9.999000099990002e-05	2.059376111200905e-02
ENSG00000144554.14	80	89	9.999000099990002e-05	2.059376111200905e-02
ENSG00000144566.12	80	89	9.999000099990002e-05	2.059376111200905e-02
ENSG00000144580.16	80	89	3.000000000000000e-04	5.194194863432531e-02
ENSG00000144583.5	80	89	3.000000000000000e-04	5.194194863432531e-02
ENSG00000144642.23	80	89	3.000000000000000e-04	5.194194863432531e-02
ENSG00000144677.16	80	89	5.000000000000000e-04	7.851466600936653e-02
ENSG00000144681.12	80	89	9.999000099990002e-05	2.059376111200905e-02
ENSG00000144711.17	80	89	4.000000000000000e-04	6.548302711036876e-02
ENSG00000144741.20	80	89	1.000000000000000e-04	2.059376111200905e-02
ENSG00000144744.19	80	89	9.999000099990002e-05	2.059376111200905e-02
ENSG00000144746.8	80	89	9.999000099990002e-05	2.059376111200905e-02
ENSG00000144802.11	80	89	9.999000099990002e-05	2.059376111200905e-02
ENSG00000144810.17	80	89	9.999000099990002e-05	2.059376111200905e-02
ENSG00000144834.15	80	89	9.999000099990002e-05	2.059376111200905e-02
ENSG00000144867.14	80	89	2.000000000000000e-04	3.728269202633504e-02
ENSG00000144895.13	80	89	5.999999999999999e-04	9.084748663101604e-02
ENSG00000144959.12	80	89	9.999000099990002e-05	2.059376111200905e-02
ENSG00000145016.18	80	89	4.000000000000000e-04	6.548302711036876e-02
ENSG00000145214.15	80	89	9.999000099990002e-05	2.059376111200905e-02
ENSG00000145220.15	80	89	9.999000099990002e-05	2.059376111200905e-02
ENSG00000145246.15	80	89	9.999000099990002e-05	2.059376111200905e-02
ENSG00000145348.18	80	89	9.999000099990002e-05	2.059376111200905e-02
ENSG00000145358.7	80	89	1.000000000000000e-04	2.059376111200905e-02
ENSG00000145362.22	80	89	5.000000000000000e-04	7.851466600936653e-02
ENSG00000145375.10	80	89	1.000000000000000e-04	2.059376111200905e-02
ENSG00000145386.12	80	89	9.999000099990002e-05	2.059376111200905e-02
ENSG00000145390.13	80	89	9.999000099990002e-05	2.059376111200905e-02
ENSG00000145494.13	80	89	9.999000099990002e-05	2.059376111200905e-02
ENSG00000145495.18	80	89	9.999000099990002e-05	2.059376111200905e-02
ENSG00000145555.15	80	89	9.999000099990002e-05	2.059376111200905e-02
ENSG00000145592.15	80	89	9.999000099990002e-05	2.059376111200905e-02
ENSG00000145623.14	80	89	3.000000000000000e-04	5.194194863432531e-02
ENSG00000145687.18	80	89	9.999000099990002e-05	2.059376111200905e-02
ENSG00000145730.22	80	89	9.999000099990002e-05	2.059376111200905e-02
ENSG00000145734.20	80	89	9.999000099990002e-05	2.059376111200905e-02
ENSG00000145740.21	80	89	9.999000099990002e-05	2.059376111200905e-02
ENSG00000145779.8	80	89	9.999000099990002e-05	2.059376111200905e-02
ENSG00000145817.18	80	89	5.000000000000000e-04	7.851466600936653e-02
ENSG00000145819.18	80	89	1.000000000000000e-04	2.059376111200905e-02
ENSG00000145833.17	80	89	2.000000000000000e-04	3.728269202633504e-02
ENSG00000145860.13	80	89	4.000000000000000e-04	6.548302711036876e-02
ENSG00000145861.10	80	89	1.000000000000000e-04	2.059376111200905e-02
ENSG00000145907.17	80	89	9.999000099990002e-05	2.059376111200905e-02
ENSG00000145912.11	80	89	9.999000099990002e-05	2.059376111200905e-02
ENSG00000145945.8	80	89	4.000000000000000e-04	6.548302711036876e-02
ENSG00000145949.13	80	89	9.999000099990002e-05	2.059376111200905e-02
ENSG00000146063.21	80	89	9.999000099990002e-05	2.059376111200905e-02
ENSG00000146085.9	80	89	9.999000099990002e-05	2.059376111200905e-02
ENSG00000146094.17	80	89	1.000000000000000e-04	2.059376111200905e-02
ENSG00000146122.18	80	89	2.000000000000000e-04	3.728269202633504e-02
ENSG00000146263.13	80	89	9.999000099990002e-05	2.059376111200905e-02
ENSG00000146278.11	80	89	9.999000099990002e-05	2.059376111200905e-02
ENSG00000146282.20	80	89	9.999000099990002e-05	2.059376111200905e-02
ENSG00000146374.15	80	89	9.999000099990002e-05	2.059376111200905e-02
ENSG00000146410.13	80	89	9.999000099990002e-05	2.059376111200905e-02
ENSG00000146457.17	80	89	9.999000099990002e-05	2.059376111200905e-02
ENSG00000146540.16	80	89	9.999000099990002e-05	2.059376111200905e-02
ENSG00000146587.19	80	89	5.999999999999999e-04	9.084748663101604e-02
ENSG00000146670.10	80	89	9.999000099990002e-05	2.059376111200905e-02
ENSG00000146700.10	80	89	4.000000000000000e-04	6.548302711036876e-02
ENSG00000146701.13	80	89	1.000000000000000e-04	2.059376111200905e-02
ENSG00000146802.14	80	89	9.999000099990002e-05	2.059376111200905e-02
ENSG00000146826.18	80	89	2.000000000000000e-04	3.728269202633504e-02
ENSG00000146859.7	80	89	3.000000000000000e-04	5.194194863432531e-02
ENSG00000146918.21	80	89	9.999000099990002e-05	2.059376111200905e-02
ENSG00000146963.19	80	89	1.000000000000000e-04	2.059376111200905e-02
ENSG00000147027.5	80	89	9.999000099990002e-05	2.059376111200905e-02
ENSG00000147065.19	80	89	9.999000099990002e-05	2.059376111200905e-02
ENSG00000147100.12	80	89	9.999000099990002e-05	2.059376111200905e-02
ENSG00000147119.5	80	89	9.999000099990002e-05	2.059376111200905e-02
ENSG00000147155.12	80	89	3.000000000000000e-04	5.194194863432531e-02
ENSG00000147234.11	80	89	9.999000099990002e-05	2.059376111200905e-02
ENSG00000147274.15	80	89	9.999000099990002e-05	2.059376111200905e-02
ENSG00000147364.18	80	89	9.999000099990002e-05	2.059376111200905e-02
ENSG00000147394.21	80	89	1.000000000000000e-04	2.059376111200905e-02
ENSG00000147400.11	80	89	9.999000099990002e-05	2.059376111200905e-02
ENSG00000147403.19	80	89	9.999000099990002e-05	2.059376111200905e-02
ENSG00000147416.13	80	89	9.999000099990002e-05	2.059376111200905e-02
ENSG00000147437.11	80	89	9.999000099990002e-05	2.059376111200905e-02
ENSG00000147459.18	80	89	9.999000099990002e-05	2.059376111200905e-02
ENSG00000147471.13	80	89	1.000000000000000e-04	2.059376111200905e-02
ENSG00000147533.19	80	89	9.999000099990002e-05	2.059376111200905e-02
ENSG00000147536.12	80	89	9.999000099990002e-05	2.059376111200905e-02
ENSG00000147576.18	80	89	9.999000099990002e-05	2.059376111200905e-02
ENSG00000147604.15	80	89	9.999000099990002e-05	2.059376111200905e-02
ENSG00000147677.13	80	89	9.999000099990002e-05	2.059376111200905e-02
ENSG00000147799.13	80	89	9.999000099990002e-05	2.059376111200905e-02
ENSG00000147813.17	80	89	1.000000000000000e-04	2.059376111200905e-02
ENSG00000147853.18	80	89	1.000000000000000e-04	2.059376111200905e-02
ENSG00000147874.12	80	89	2.000000000000000e-04	3.728269202633504e-02
ENSG00000147955.19	80	89	9.999000099990002e-05	2.059376111200905e-02
ENSG00000148057.17	80	89	9.999000099990002e-05	2.059376111200905e-02
ENSG00000148090.13	80	89	9.999000099990002e-05	2.059376111200905e-02
ENSG00000148154.11	80	89	9.999000099990002e-05	2.059376111200905e-02
ENSG00000148180.23	80	89	5.000000000000000e-04	7.851466600936653e-02
ENSG00000148225.18	80	89	1.000000000000000e-04	2.059376111200905e-02
ENSG00000148229.14	80	89	9.999000099990002e-05	2.059376111200905e-02
ENSG00000148291.11	80	89	9.999000099990002e-05	2.059376111200905e-02
ENSG00000148296.8	80	89	9.999000099990002e-05	2.059376111200905e-02
ENSG00000148297.17	80	89	9.999000099990002e-05	2.059376111200905e-02
ENSG00000148331.13	80	89	1.000000000000000e-04	2.059376111200905e-02
ENSG00000148335.16	80	89	9.999000099990002e-05	2.059376111200905e-02
ENSG00000148400.14	80	89	9.999000099990002e-05	2.059376111200905e-02
ENSG00000148426.14	80	89	9.999000099990002e-05	2.059376111200905e-02
ENSG00000148444.17	80	89	1.000000000000000e-04	2.059376111200905e-02
ENSG00000148450.14	80	89	9.999000099990002e-05	2.059376111200905e-02
ENSG00000148459.17	80	89	9.999000099990002e-05	2.059376111200905e-02
ENSG00000148468.18	80	89	9.999000099990002e-05	2.059376111200905e-02
ENSG00000148481.15	80	89	5.999999999999999e-04	9.084748663101604e-02
ENSG00000148572.17	80	89	9.999000099990002e-05	2.059376111200905e-02
ENSG00000148606.16	80	89	9.999000099990002e-05	2.059376111200905e-02
ENSG00000148660.23	80	89	9.999000099990002e-05	2.059376111200905e-02
ENSG00000148690.13	80	89	1.000000000000000e-04	2.059376111200905e-02
ENSG00000148730.8	80	89	3.000000000000000e-04	5.194194863432531e-02
ENSG00000148773.15	80	89	9.999000099990002e-05	2.059376111200905e-02
ENSG00000148814.19	80	89	2.000000000000000e-04	3.728269202633504e-02
ENSG00000148834.14	80	89	1.000000000000000e-04	2.059376111200905e-02
ENSG00000148841.18	80	89	9.999000099990002e-05	2.059376111200905e-02
ENSG00000148842.19	80	89	2.000000000000000e-04	3.728269202633504e-02
ENSG00000148843.16	80	89	9.999000099990002e-05	2.059376111200905e-02
ENSG00000148926.11	80	89	9.999000099990002e-05	2.059376111200905e-02
ENSG00000148943.12	80	89	9.999000099990002e-05	2.059376111200905e-02
ENSG00000149091.16	80	89	1.000000000000000e-04	2.059376111200905e-02
ENSG00000149131.18	80	89	9.999000099990002e-05	2.059376111200905e-02
ENSG00000149136.10	80	89	9.999000099990002e-05	2.059376111200905e-02
ENSG00000149182.16	80	89	9.999000099990002e-05	2.059376111200905e-02
ENSG00000149212.12	80	89	9.999000099990002e-05	2.059376111200905e-02
ENSG00000149260.19	80	89	9.999000099990002e-05	2.059376111200905e-02
ENSG00000149262.20	80	89	3.000000000000000e-04	5.194194863432531e-02
ENSG00000149269.11	80	89	9.999000099990002e-05	2.059376111200905e-02
ENSG00000149451.20	80	89	2.000000000000000e-04	3.728269202633504e-02
ENSG00000149489.9	80	89	4.000000000000000e-04	6.548302711036876e-02
ENSG00000149499.13	80	89	5.000000000000000e-04	7.851466600936653e-02
ENSG00000149503.15	80	89	9.999000099990002e-05	2.059376111200905e-02
ENSG00000149541.11	80	89	9.999000099990002e-05	2.059376111200905e-02
ENSG00000149548.16	80	89	1.000000000000000e-04	2.059376111200905e-02
ENSG00000149557.15	80	89	9.999000099990002e-05	2.059376111200905e-02
ENSG00000149577.18	80	89	4.000000000000000e-04	6.548302711036876e-02
ENSG00000149636.17	80	89	9.999000099990002e-05	2.059376111200905e-02
ENSG00000149639.16	80	89	9.999000099990002e-05	2.059376111200905e-02
ENSG00000149679.13	80	89	9.999000099990002e-05	2.059376111200905e-02
ENSG00000149782.14	80	89	9.999000099990002e-05	2.059376111200905e-02
ENSG00000149923.15	80	89	4.000000000000000e-04	6.548302711036876e-02
ENSG00000149925.22	80	89	9.999000099990002e-05	2.059376111200905e-02
ENSG00000149929.17	80	89	9.999000099990002e-05	2.059376111200905e-02
ENSG00000149930.19	80	89	9.999000099990002e-05	2.059376111200905e-02
ENSG00000150347.17	80	89	9.999000099990002e-05	2.059376111200905e-02
ENSG00000150456.12	80	89	4.000000000000000e-04	6.548302711036876e-02
ENSG00000150540.15	80	89	9.999000099990002e-05	2.059376111200905e-02
ENSG00000150593.19	80	89	9.999000099990002e-05	2.059376111200905e-02
ENSG00000150594.7	80	89	1.000000000000000e-04	2.059376111200905e-02
ENSG00000150636.18	80	89	1.000000000000000e-04	2.059376111200905e-02
ENSG00000150753.13	80	89	9.999000099990002e-05	2.059376111200905e-02
ENSG00000150907.11	80	89	1.000000000000000e-04	2.059376111200905e-02
ENSG00000150977.13	80	89	9.999000099990002e-05	2.059376111200905e-02
ENSG00000150990.10	80	89	9.999000099990002e-05	2.059376111200905e-02
ENSG00000150991.17	80	89	1.000000000000000e-04	2.059376111200905e-02
ENSG00000151006.8	80	89	9.999000099990002e-05	2.059376111200905e-02
ENSG00000151090.21	80	89	9.999000099990002e-05	2.059376111200905e-02
ENSG00000151135.11	80	89	2.000000000000000e-04	3.728269202633504e-02
ENSG00000151136.15	80	89	1.000000000000000e-04	2.059376111200905e-02
ENSG00000151151.7	80	89	3.000000000000000e-04	5.194194863432531e-02
ENSG00000151208.18	80	89	9.999000099990002e-05	2.059376111200905e-02
ENSG00000151240.19	80	89	9.999000099990002e-05	2.059376111200905e-02
ENSG00000151247.14	80	89	9.999000099990002e-05	2.059376111200905e-02
ENSG00000151287.18	80	89	1.000000000000000e-04	2.059376111200905e-02
ENSG00000151292.20	80	89	1.000000000000000e-04	2.059376111200905e-02
ENSG00000151322.20	80	89	9.999000099990002e-05	2.059376111200905e-02
ENSG00000151353.17	80	89	1.000000000000000e-04	2.059376111200905e-02
ENSG00000151366.14	80	89	4.000000000000000e-04	6.548302711036876e-02
ENSG00000151376.20	80	89	9.999000099990002e-05	2.059376111200905e-02
ENSG00000151388.11	80	89	1.000000000000000e-04	2.059376111200905e-02
ENSG00000151445.17	80	89	9.999000099990002e-05	2.059376111200905e-02
ENSG00000151466.13	80	89	3.000000000000000e-04	5.194194863432531e-02
ENSG00000151503.15	80	89	9.999000099990002e-05	2.059376111200905e-02
ENSG00000151552.14	80	89	2.000000000000000e-04	3.728269202633504e-02
ENSG00000151553.16	80	89	9.999000099990002e-05	2.059376111200905e-02
ENSG00000151575.16	80	89	9.999000099990002e-05	2.059376111200905e-02
ENSG00000151694.16	80	89	3.000000000000000e-04	5.194194863432531e-02
ENSG00000151725.13	80	89	9.999000099990002e-05	2.059376111200905e-02
ENSG00000151748.16	80	89	9.999000099990002e-05	2.059376111200905e-02
ENSG00000151773.14	80	89	1.000000000000000e-04	2.059376111200905e-02
ENSG00000151779.15	80	89	9.999000099990002e-05	2.059376111200905e-02
ENSG00000151849.17	80	89	1.000000000000000e-04	2.059376111200905e-02
ENSG00000151929.11	80	89	9.999000099990002e-05	2.059376111200905e-02
ENSG00000152049.7	80	89	1.000000000000000e-04	2.059376111200905e-02
ENSG00000152082.16	80	89	9.999000099990002e-05	2.059376111200905e-02
ENSG00000152219.7	80	89	4.000000000000000e-04	6.548302711036876e-02
ENSG00000152223.17	80	89	9.999000099990002e-05	2.059376111200905e-02
ENSG00000152242.12	80	89	3.000000000000000e-04	5.194194863432531e-02
ENSG00000152253.10	80	89	9.999000099990002e-05	2.059376111200905e-02
ENSG00000152380.11	80	89	5.000000000000000e-04	7.851466600936653e-02
ENSG00000152409.11	80	89	9.999000099990002e-05	2.059376111200905e-02
ENSG00000152455.17	80	89	9.999000099990002e-05	2.059376111200905e-02
ENSG00000152475.8	80	89	3.000000000000000e-04	5.194194863432531e-02
ENSG00000152518.9	80	89	1.000000000000000e-04	2.059376111200905e-02
ENSG00000152520.15	80	89	9.999000099990002e-05	2.059376111200905e-02
ENSG00000152527.15	80	89	9.999000099990002e-05	2.059376111200905e-02
ENSG00000152580.10	80	89	9.999000099990002e-05	2.059376111200905e-02
ENSG00000152661.10	80	89	9.999000099990002e-05	2.059376111200905e-02
ENSG00000152904.12	80	89	9.999000099990002e-05	2.059376111200905e-02
ENSG00000152926.18	80	89	9.999000099990002e-05	2.059376111200905e-02
ENSG00000153029.17	80	89	9.999000099990002e-05	2.059376111200905e-02
ENSG00000153044.11	80	89	9.999000099990002e-05	2.059376111200905e-02
ENSG00000153048.12	80	89	9.999000099990002e-05	2.059376111200905e-02
ENSG00000153071.16	80	89	9.999000099990002e-05	2.059376111200905e-02
ENSG00000153201.18	80	89	9.999000099990002e-05	2.059376111200905e-02
ENSG00000153214.12	80	89	9.999000099990002e-05	2.059376111200905e-02
ENSG00000153246.14	80	89	9.999000099990002e-05	2.059376111200905e-02
ENSG00000153250.22	80	89	9.999000099990002e-05	2.059376111200905e-02
ENSG00000153291.16	80	89	9.999000099990002e-05	2.059376111200905e-02
ENSG00000153339.16	80	89	5.999999999999999e-04	9.084748663101604e-02
ENSG00000153404.16	80	89	5.999999999999999e-04	9.084748663101604e-02
ENSG00000153487.14	80	89	9.999000099990002e-05	2.059376111200905e-02
ENSG00000153551.15	80	89	9.999000099990002e-05	2.059376111200905e-02
ENSG00000153714.6	80	89	9.999000099990002e-05	2.059376111200905e-02
ENSG00000153814.14	80	89	9.999000099990002e-05	2.059376111200905e-02
ENSG00000153904.22	80	89	1.000000000000000e-04	2.059376111200905e-02
ENSG00000153930.13	80	89	9.999000099990002e-05	2.059376111200905e-02
ENSG00000153976.3	80	89	9.999000099990002e-05	2.059376111200905e-02
ENSG00000153993.15	80	89	9.999000099990002e-05	2.059376111200905e-02
ENSG00000154096.15	80	89	9.999000099990002e-05	2.059376111200905e-02
ENSG00000154102.11	80	89	9.999000099990002e-05	2.059376111200905e-02
ENSG00000154114.14	80	89	9.999000099990002e-05	2.059376111200905e-02
ENSG00000154127.10	80	89	9.999000099990002e-05	2.059376111200905e-02
ENSG00000154144.14	80	89	9.999000099990002e-05	2.059376111200905e-02
ENSG00000154146.14	80	89	9.999000099990002e-05	2.059376111200905e-02
ENSG00000154217.16	80	89	9.999000099990002e-05	2.059376111200905e-02
ENSG00000154258.17	80	89	9.999000099990002e-05	2.059376111200905e-02
ENSG00000154262.14	80	89	9.999000099990002e-05	2.059376111200905e-02
ENSG00000154263.18	80	89	9.999000099990002e-05	2.059376111200905e-02
ENSG00000154265.17	80	89	9.999000099990002e-05	2.059376111200905e-02
ENSG00000154370.17	80	89	9.999000099990002e-05	2.059376111200905e-02
ENSG00000154447.16	80	89	5.000000000000000e-04	7.851466600936653e-02
ENSG00000154473.19	80	89	9.999000099990002e-05	2.059376111200905e-02
ENSG00000154511.13	80	89	9.999000099990002e-05	2.059376111200905e-02
ENSG00000154589.8	80	89	9.999000099990002e-05	2.059376111200905e-02
ENSG00000154721.16	80	89	9.999000099990002e-05	2.059376111200905e-02
ENSG00000154727.12	80	89	5.999999999999999e-04	9.084748663101604e-02
ENSG00000154736.7	80	89	9.999000099990002e-05	2.059376111200905e-02
ENSG00000154781.17	80	89	4.000000000000000e-04	6.548302711036876e-02
ENSG00000154832.17	80	89	5.000000000000000e-04	7.851466600936653e-02
ENSG00000154839.11	80	89	9.999000099990002e-05	2.059376111200905e-02
ENSG00000154920.16	80	89	9.999000099990002e-05	2.059376111200905e-02
ENSG00000154928.20	80	89	3.000000000000000e-04	5.194194863432531e-02
ENSG00000154930.16	80	89	9.999000099990002e-05	2.059376111200905e-02
ENSG00000155011.10	80	89	9.999000099990002e-05	2.059376111200905e-02
ENSG00000155016.19	80	89	9.999000099990002e-05	2.059376111200905e-02
ENSG00000155034.22	80	89	9.999000099990002e-05	2.059376111200905e-02
ENSG00000155115.8	80	89	9.999000099990002e-05	2.059376111200905e-02
ENSG00000155189.13	80	89	1.000000000000000e-04	2.059376111200905e-02
ENSG00000155366.18	80	89	9.999000099990002e-05	2.059376111200905e-02
ENSG00000155393.15	80	89	4.000000000000000e-04	6.548302711036876e-02
ENSG00000155508.15	80	89	9.999000099990002e-05	2.059376111200905e-02
ENSG00000155561.16	80	89	9.999000099990002e-05	2.059376111200905e-02
ENSG00000155636.17	80	89	3.000000000000000e-04	5.194194863432531e-02
ENSG00000155657.29	80	89	9.999000099990002e-05	2.059376111200905e-02
ENSG00000155729.14	80	89	1.000000000000000e-04	2.059376111200905e-02
ENSG00000155792.11	80	89	1.000000000000000e-04	2.059376111200905e-02
ENSG00000155957.19	80	89	9.999000099990002e-05	2.059376111200905e-02
ENSG00000155970.14	80	89	5.000000000000000e-04	7.851466600936653e-02
ENSG00000156042.19	80	89	2.000000000000000e-04	3.728269202633504e-02
ENSG00000156103.16	80	89	9.999000099990002e-05	2.059376111200905e-02
ENSG00000156136.11	80	89	9.999000099990002e-05	2.059376111200905e-02
ENSG00000156171.16	80	89	9.999000099990002e-05	2.059376111200905e-02
ENSG00000156172.7	80	89	1.000000000000000e-04	2.059376111200905e-02
ENSG00000156381.10	80	89	9.999000099990002e-05	2.059376111200905e-02
ENSG00000156467.11	80	89	9.999000099990002e-05	2.059376111200905e-02
ENSG00000156482.12	80	89	9.999000099990002e-05	2.059376111200905e-02
ENSG00000156504.18	80	89	9.999000099990002e-05	2.059376111200905e-02
ENSG00000156508.21	80	89	9.999000099990002e-05	2.059376111200905e-02
ENSG00000156509.14	80	89	9.999000099990002e-05	2.059376111200905e-02
ENSG00000156587.16	80	89	5.000000000000000e-04	7.851466600936653e-02
ENSG00000156603.21	80	89	5.000000000000000e-04	7.851466600936653e-02
ENSG00000156650.15	80	89	4.000000000000000e-04	6.548302711036876e-02
ENSG00000156671.16	80	89	2.000000000000000e-04	3.728269202633504e-02
ENSG00000156802.14	80	89	9.999000099990002e-05	2.059376111200905e-02
ENSG00000156860.16	80	89	9.999000099990002e-05	2.059376111200905e-02
ENSG00000156875.15	80	89	9.999000099990002e-05	2.059376111200905e-02
ENSG00000156931.18	80	89	9.999000099990002e-05	2.059376111200905e-02
ENSG00000156970.14	80	89	9.999000099990002e-05	2.059376111200905e-02
ENSG00000156976.18	80	89	9.999000099990002e-05	2.059376111200905e-02
ENSG00000156983.18	80	89	9.999000099990002e-05	2.059376111200905e-02
ENSG00000156990.15	80	89	5.999999999999999e-04	9.084748663101604e-02
ENSG00000157077.17	80	89	9.999000099990002e-05	2.059376111200905e-02
ENSG00000157110.17	80	89	1.000000000000000e-04	2.059376111200905e-02
ENSG00000157193.19	80	89	1.000000000000000e-04	2.059376111200905e-02
ENSG00000157214.15	80	89	3.000000000000000e-04	5.194194863432531e-02
ENSG00000157259.8	80	89	9.999000099990002e-05	2.059376111200905e-02
ENSG00000157306.15	80	89	1.000000000000000e-04	2.059376111200905e-02
ENSG00000157350.14	80	89	9.999000099990002e-05	2.059376111200905e-02
ENSG00000157404.18	80	89	9.999000099990002e-05	2.059376111200905e-02
ENSG00000157426.15	80	89	9.999000099990002e-05	2.059376111200905e-02
ENSG00000157456.9	80	89	9.999000099990002e-05	2.059376111200905e-02
ENSG00000157542.12	80	89	9.999000099990002e-05	2.059376111200905e-02
ENSG00000157557.14	80	89	3.000000000000000e-04	5.194194863432531e-02
ENSG00000157637.14	80	89	1.000000000000000e-04	2.059376111200905e-02
ENSG00000157693.16	80	89	5.999999999999999e-04	9.084748663101604e-02
ENSG00000157778.10	80	89	9.999000099990002e-05	2.059376111200905e-02
ENSG00000157796.19	80	89	9.999000099990002e-05	2.059376111200905e-02
ENSG00000157837.17	80	89	9.999000099990002e-05	2.059376111200905e-02
ENSG00000157895.12	80	89	9.999000099990002e-05	2.059376111200905e-02
ENSG00000157911.12	80	89	9.999000099990002e-05	2.059376111200905e-02
ENSG00000157985.20	80	89	9.999000099990002e-05	2.059376111200905e-02
ENSG00000158019.22	80	89	9.999000099990002e-05	2.059376111200905e-02
ENSG00000158042.10	80	89	9.999000099990002e-05	2.059376111200905e-02
ENSG00000158122.13	80	89	9.999000099990002e-05	2.059376111200905e-02
ENSG00000158156.9	80	89	9.999000099990002e-05	2.059376111200905e-02
ENSG00000158169.15	80	89	4.000000000000000e-04	6.548302711036876e-02
ENSG00000158201.11	80	89	4.000000000000000e-04	6.548302711036876e-02
ENSG00000158246.8	80	89	1.000000000000000e-04	2.059376111200905e-02
ENSG00000158286.14	80	89	9.999000099990002e-05	2.059376111200905e-02
ENSG00000158290.20	80	89	9.999000099990002e-05	2.059376111200905e-02
ENSG00000158301.21	80	89	1.000000000000000e-04	2.059376111200905e-02
ENSG00000158321.19	80	89	9.999000099990002e-05	2.059376111200905e-02
ENSG00000158402.22	80	89	9.999000099990002e-05	2.059376111200905e-02
ENSG00000158411.11	80	89	3.000000000000000e-04	5.194194863432531e-02
ENSG00000158470.6	80	89	3.000000000000000e-04	5.194194863432531e-02
ENSG00000158545.17	80	89	9.999000099990002e-05	2.059376111200905e-02
ENSG00000158710.16	80	89	9.999000099990002e-05	2.059376111200905e-02
ENSG00000158715.7	80	89	2.000000000000000e-04	3.728269202633504e-02
ENSG00000158792.17	80	89	5.000000000000000e-04	7.851466600936653e-02
ENSG00000158825.7	80	89	3.000000000000000e-04	5.194194863432531e-02
ENSG00000158828.9	80	89	2.000000000000000e-04	3.728269202633504e-02
ENSG00000159055.5	80	89	9.999000099990002e-05	2.059376111200905e-02
ENSG00000159069.15	80	89	9.999000099990002e-05	2.059376111200905e-02
ENSG00000159140.23	80	89	1.000000000000000e-04	2.059376111200905e-02
ENSG00000159147.19	80	89	3.000000000000000e-04	5.194194863432531e-02
ENSG00000159167.12	80	89	1.000000000000000e-04	2.059376111200905e-02
ENSG00000159216.21	80	89	9.999000099990002e-05	2.059376111200905e-02
ENSG00000159228.13	80	89	9.999000099990002e-05	2.059376111200905e-02
ENSG00000159231.7	80	89	9.999000099990002e-05	2.059376111200905e-02
ENSG00000159259.9	80	89	9.999000099990002e-05	2.059376111200905e-02
ENSG00000159322.19	80	89	9.999000099990002e-05	2.059376111200905e-02
ENSG00000159363.19	80	89	1.000000000000000e-04	2.059376111200905e-02
ENSG00000159403.19	80	89	9.999000099990002e-05	2.059376111200905e-02
ENSG00000159445.14	80	89	5.000000000000000e-04	7.851466600936653e-02
ENSG00000159685.12	80	89	9.999000099990002e-05	2.059376111200905e-02
ENSG00000159692.19	80	89	1.000000000000000e-04	2.059376111200905e-02
ENSG00000159733.14	80	89	4.000000000000000e-04	6.548302711036876e-02
ENSG00000159753.15	80	89	9.999000099990002e-05	2.059376111200905e-02
ENSG00000159840.17	80	89	3.000000000000000e-04	5.194194863432531e-02
ENSG00000159882.14	80	89	3.000000000000000e-04	5.194194863432531e-02
ENSG00000159899.17	80	89	1.000000000000000e-04	2.059376111200905e-02
ENSG00000159917.18	80	89	1.000000000000000e-04	2.059376111200905e-02
ENSG00000160049.13	80	89	1.000000000000000e-04	2.059376111200905e-02
ENSG00000160072.21	80	89	1.000000000000000e-04	2.059376111200905e-02
ENSG00000160113.7	80	89	9.999000099990002e-05	2.059376111200905e-02
ENSG00000160193.13	80	89	9.999000099990002e-05	2.059376111200905e-02
ENSG00000160208.13	80	89	9.999000099990002e-05	2.059376111200905e-02
ENSG00000160214.14	80	89	1.000000000000000e-04	2.059376111200905e-02
ENSG00000160221.19	80	89	1.000000000000000e-04	2.059376111200905e-02
ENSG00000160226.16	80	89	4.000000000000000e-04	6.548302711036876e-02
ENSG00000160233.9	80	89	9.999000099990002e-05	2.059376111200905e-02
ENSG00000160256.15	80	89	9.999000099990002e-05	2.059376111200905e-02
ENSG00000160293.18	80	89	1.000000000000000e-04	2.059376111200905e-02
ENSG00000160294.11	80	89	5.999999999999999e-04	9.084748663101604e-02
ENSG00000160298.19	80	89	9.999000099990002e-05	2.059376111200905e-02
ENSG00000160326.15	80	89	9.999000099990002e-05	2.059376111200905e-02
ENSG00000160336.18	80	89	2.000000000000000e-04	3.728269202633504e-02
ENSG00000160360.13	80	89	9.999000099990002e-05	2.059376111200905e-02
ENSG00000160392.15	80	89	9.999000099990002e-05	2.059376111200905e-02
ENSG00000160404.19	80	89	4.000000000000000e-04	6.548302711036876e-02
ENSG00000160446.20	80	89	9.999000099990002e-05	2.059376111200905e-02
ENSG00000160570.15	80	89	1.000000000000000e-04	2.059376111200905e-02
ENSG00000160613.16	80	89	9.999000099990002e-05	2.059376111200905e-02
ENSG00000160679.14	80	89	4.000000000000000e-04	6.548302711036876e-02
ENSG00000160695.17	80	89	9.999000099990002e-05	2.059376111200905e-02
ENSG00000160710.20	80	89	2.000000000000000e-04	3.728269202633504e-02
ENSG00000160753.18	80	89	9.999000099990002e-05	2.059376111200905e-02
ENSG00000160789.26	80	89	1.000000000000000e-04	2.059376111200905e-02
ENSG00000160803.9	80	89	9.999000099990002e-05	2.059376111200905e-02
ENSG00000160877.8	80	89	9.999000099990002e-05	2.059376111200905e-02
ENSG00000160888.9	80	89	9.999000099990002e-05	2.059376111200905e-02
ENSG00000160917.16	80	89	4.000000000000000e-04	6.548302711036876e-02
ENSG00000160949.19	80	89	9.999000099990002e-05	2.059376111200905e-02
ENSG00000160953.18	80	89	2.000000000000000e-04	3.728269202633504e-02
ENSG00000160957.16	80	89	9.999000099990002e-05	2.059376111200905e-02
ENSG00000160959.9	80	89	9.999000099990002e-05	2.059376111200905e-02
ENSG00000160961.13	80	89	4.000000000000000e-04	6.548302711036876e-02
ENSG00000160972.11	80	89	9.999000099990002e-05	2.059376111200905e-02
ENSG00000160991.18	80	89	9.999000099990002e-05	2.059376111200905e-02
ENSG00000160993.5	80	89	9.999000099990002e-05	2.059376111200905e-02
ENSG00000161036.14	80	89	9.999000099990002e-05	2.059376111200905e-02
ENSG00000161091.16	80	89	9.999000099990002e-05	2.059376111200905e-02
ENSG00000161179.15	80	89	9.999000099990002e-05	2.059376111200905e-02
ENSG00000161533.13	80	89	3.000000000000000e-04	5.194194863432531e-02
ENSG00000161618.11	80	89	9.999000099990002e-05	2.059376111200905e-02
ENSG00000161638.12	80	89	5.999999999999999e-04	9.084748663101604e-02
ENSG00000161653.12	80	89	9.999000099990002e-05	2.059376111200905e-02
ENSG00000161677.13	80	89	9.999000099990002e-05	2.059376111200905e-02
ENSG00000161681.18	80	89	9.999000099990002e-05	2.059376111200905e-02
ENSG00000161682.16	80	89	9.999000099990002e-05	2.059376111200905e-02
ENSG00000161692.18	80	89	9.999000099990002e-05	2.059376111200905e-02
ENSG00000161800.14	80	89	9.999000099990002e-05	2.059376111200905e-02
ENSG00000161847.16	80	89	9.999000099990002e-05	2.059376111200905e-02
ENSG00000161888.12	80	89	9.999000099990002e-05	2.059376111200905e-02
ENSG00000161939.19	80	89	9.999000099990002e-05	2.059376111200905e-02
ENSG00000161960.17	80	89	5.999999999999999e-04	9.084748663101604e-02
ENSG00000161970.16	80	89	1.000000000000000e-04	2.059376111200905e-02
ENSG00000161980.7	80	89	9.999000099990002e-05	2.059376111200905e-02
ENSG00000161981.11	80	89	2.000000000000000e-04	3.728269202633504e-02
ENSG00000161996.20	80	89	9.999000099990002e-05	2.059376111200905e-02
ENSG00000162062.16	80	89	9.999000099990002e-05	2.059376111200905e-02
ENSG00000162063.14	80	89	9.999000099990002e-05	2.059376111200905e-02
ENSG00000162065.16	80	89	9.999000099990002e-05	2.059376111200905e-02
ENSG00000162066.17	80	89	2.000000000000000e-04	3.728269202633504e-02
ENSG00000162073.15	80	89	9.999000099990002e-05	2.059376111200905e-02
ENSG00000162129.16	80	89	9.999000099990002e-05	2.059376111200905e-02
ENSG00000162139.11	80	89	9.999000099990002e-05	2.059376111200905e-02
ENSG00000162302.14	80	89	9.999000099990002e-05	2.059376111200905e-02
ENSG00000162341.19	80	89	4.000000000000000e-04	6.548302711036876e-02
ENSG00000162378.14	80	89	4.000000000000000e-04	6.548302711036876e-02
ENSG00000162384.15	80	89	9.999000099990002e-05	2.059376111200905e-02
ENSG00000162390.19	80	89	9.999000099990002e-05	2.059376111200905e-02
ENSG00000162407.10	80	89	9.999000099990002e-05	2.059376111200905e-02
ENSG00000162413.17	80	89	9.999000099990002e-05	2.059376111200905e-02
ENSG00000162434.15	80	89	3.000000000000000e-04	5.194194863432531e-02
ENSG00000162493.18	80	89	1.000000000000000e-04	2.059376111200905e-02
ENSG00000162496.11	80	89	1.000000000000000e-04	2.059376111200905e-02
ENSG00000162585.18	80	89	9.999000099990002e-05	2.059376111200905e-02
ENSG00000162595.9	80	89	9.999000099990002e-05	2.059376111200905e-02
ENSG00000162604.14	80	89	9.999000099990002e-05	2.059376111200905e-02
ENSG00000162616.10	80	89	9.999000099990002e-05	2.059376111200905e-02
ENSG00000162627.18	80	89	5.000000000000000e-04	7.851466600936653e-02
ENSG00000162630.7	80	89	9.999000099990002e-05	2.059376111200905e-02
ENSG00000162643.14	80	89	1.000000000000000e-04	2.059376111200905e-02
ENSG00000162688.18	80	89	3.000000000000000e-04	5.194194863432531e-02
ENSG00000162695.14	80	89	2.000000000000000e-04	3.728269202633504e-02
ENSG00000162746.15	80	89	9.999000099990002e-05	2.059376111200905e-02
ENSG00000162775.17	80	89	9.999000099990002e-05	2.059376111200905e-02
ENSG00000162825.18	80	89	9.999000099990002e-05	2.059376111200905e-02
ENSG00000162878.14	80	89	3.000000000000000e-04	5.194194863432531e-02
ENSG00000162910.20	80	89	9.999000099990002e-05	2.059376111200905e-02
ENSG00000162923.18	80	89	9.999000099990002e-05	2.059376111200905e-02
ENSG00000162944.12	80	89	1.000000000000000e-04	2.059376111200905e-02
ENSG00000162976.13	80	89	9.999000099990002e-05	2.059376111200905e-02
ENSG00000162980.18	80	89	9.999000099990002e-05	2.059376111200905e-02
ENSG00000163001.13	80	89	5.000000000000000e-04	7.851466600936653e-02
ENSG00000163002.14	80	89	5.999999999999999e-04	9.084748663101604e-02
ENSG00000163071.12	80	89	9.999000099990002e-05	2.059376111200905e-02
ENSG00000163162.10	80	89	9.999000099990002e-05	2.059376111200905e-02
ENSG00000163170.13	80	89	9.999000099990002e-05	2.059376111200905e-02
ENSG00000163171.9	80	89	3.000000000000000e-04	5.194194863432531e-02
ENSG00000163207.7	80	89	1.000000000000000e-04	2.059376111200905e-02
ENSG00000163378.14	80	89	1.000000000000000e-04	2.059376111200905e-02
ENSG00000163412.14	80	89	1.000000000000000e-04	2.059376111200905e-02
ENSG00000163430.14	80	89	9.999000099990002e-05	2.059376111200905e-02
ENSG00000163466.17	80	89	9.999000099990002e-05	2.059376111200905e-02
ENSG00000163468.16	80	89	9.999000099990002e-05	2.059376111200905e-02
ENSG00000163482.13	80	89	9.999000099990002e-05	2.059376111200905e-02
ENSG00000163507.16	80	89	9.999000099990002e-05	2.059376111200905e-02
ENSG00000163512.15	80	89	5.000000000000000e-04	7.851466600936653e-02
ENSG00000163517.16	80	89	2.000000000000000e-04	3.728269202633504e-02
ENSG00000163521.17	80	89	9.999000099990002e-05	2.059376111200905e-02
ENSG00000163535.19	80	89	9.999000099990002e-05	2.059376111200905e-02
ENSG00000163617.12	80	89	9.999000099990002e-05	2.059376111200905e-02
ENSG00000163629.14	80	89	9.999000099990002e-05	2.059376111200905e-02
ENSG00000163660.13	80	89	2.000000000000000e-04	3.728269202633504e-02
ENSG00000163661.5	80	89	9.999000099990002e-05	2.059376111200905e-02
ENSG00000163683.13	80	89	3.000000000000000e-04	5.194194863432531e-02
ENSG00000163689.22	80	89	3.000000000000000e-04	5.194194863432531e-02
ENSG00000163694.16	80	89	2.000000000000000e-04	3.728269202633504e-02
ENSG00000163728.12	80	89	9.999000099990002e-05	2.059376111200905e-02
ENSG00000163743.15	80	89	9.999000099990002e-05	2.059376111200905e-02
ENSG00000163785.15	80	89	9.999000099990002e-05	2.059376111200905e-02
ENSG00000163808.18	80	89	9.999000099990002e-05	2.059376111200905e-02
ENSG00000163814.9	80	89	9.999000099990002e-05	2.059376111200905e-02
ENSG00000163815.7	80	89	9.999000099990002e-05	2.059376111200905e-02
ENSG00000163818.21	80	89	9.999000099990002e-05	2.059376111200905e-02
ENSG00000163872.17	80	89	9.999000099990002e-05	2.059376111200905e-02
ENSG00000163877.11	80	89	2.000000000000000e-04	3.728269202633504e-02
ENSG00000163918.13	80	89	9.999000099990002e-05	2.059376111200905e-02
ENSG00000163930.10	80	89	3.000000000000000e-04	5.194194863432531e-02
ENSG00000163935.15	80	89	2.000000000000000e-04	3.728269202633504e-02
ENSG00000163939.20	80	89	9.999000099990002e-05	2.059376111200905e-02
ENSG00000163945.20	80	89	3.000000000000000e-04	5.194194863432531e-02
ENSG00000163946.15	80	89	1.000000000000000e-04	2.059376111200905e-02
ENSG00000163950.14	80	89	9.999000099990002e-05	2.059376111200905e-02
ENSG00000163961.4	80	89	9.999000099990002e-05	2.059376111200905e-02
ENSG00000163975.15	80	89	9.999000099990002e-05	2.059376111200905e-02
ENSG00000164002.13	80	89	2.000000000000000e-04	3.728269202633504e-02
ENSG00000164010.16	80	89	9.999000099990002e-05	2.059376111200905e-02
ENSG00000164022.19	80	89	9.999000099990002e-05	2.059376111200905e-02
ENSG00000164032.13	80	89	9.999000099990002e-05	2.059376111200905e-02
ENSG00000164038.17	80	89	3.000000000000000e-04	5.194194863432531e-02
ENSG00000164039.16	80	89	9.999000099990002e-05	2.059376111200905e-02
ENSG00000164040.18	80	89	9.999000099990002e-05	2.059376111200905e-02
ENSG00000164045.13	80	89	9.999000099990002e-05	2.059376111200905e-02
ENSG00000164053.23	80	89	9.999000099990002e-05	2.059376111200905e-02
ENSG00000164056.12	80	89	2.000000000000000e-04	3.728269202633504e-02
ENSG00000164074.18	80	89	3.000000000000000e-04	5.194194863432531e-02
ENSG00000164077.16	80	89	2.000000000000000e-04	3.728269202633504e-02
ENSG00000164086.10	80	89	1.000000000000000e-04	2.059376111200905e-02
ENSG00000164087.9	80	89	9.999000099990002e-05	2.059376111200905e-02
ENSG00000164088.19	80	89	9.999000099990002e-05	2.059376111200905e-02
ENSG00000164091.13	80	89	3.000000000000000e-04	5.194194863432531e-02
ENSG00000164096.14	80	89	9.999000099990002e-05	2.059376111200905e-02
ENSG00000164099.4	80	89	9.999000099990002e-05	2.059376111200905e-02
ENSG00000164104.13	80	89	1.000000000000000e-04	2.059376111200905e-02
ENSG00000164109.15	80	89	9.999000099990002e-05	2.059376111200905e-02
ENSG00000164111.16	80	89	9.999000099990002e-05	2.059376111200905e-02
ENSG00000164112.14	80	89	2.000000000000000e-04	3.728269202633504e-02
ENSG00000164117.15	80	89	9.999000099990002e-05	2.059376111200905e-02
ENSG00000164125.17	80	89	2.000000000000000e-04	3.728269202633504e-02
ENSG00000164169.14	80	89	2.000000000000000e-04	3.728269202633504e-02
ENSG00000164171.12	80	89	9.999000099990002e-05	2.059376111200905e-02
ENSG00000164172.21	80	89	9.999000099990002e-05	2.059376111200905e-02
ENSG00000164209.18	80	89	1.000000000000000e-04	2.059376111200905e-02
ENSG00000164236.12	80	89	1.000000000000000e-04	2.059376111200905e-02
ENSG00000164237.10	80	89	9.999000099990002e-05	2.059376111200905e-02
ENSG00000164252.14	80	89	4.000000000000000e-04	6.548302711036876e-02
ENSG00000164258.13	80	89	1.000000000000000e-04	2.059376111200905e-02
ENSG00000164283.13	80	89	9.999000099990002e-05	2.059376111200905e-02
ENSG00000164331.11	80	89	9.999000099990002e-05	2.059376111200905e-02
ENSG00000164332.9	80	89	9.999000099990002e-05	2.059376111200905e-02
ENSG00000164342.15	80	89	1.000000000000000e-04	2.059376111200905e-02
ENSG00000164414.20	80	89	4.000000000000000e-04	6.548302711036876e-02
ENSG00000164430.18	80	89	9.999000099990002e-05	2.059376111200905e-02
ENSG00000164463.13	80	89	2.000000000000000e-04	3.728269202633504e-02
ENSG00000164466.14	80	89	3.000000000000000e-04	5.194194863432531e-02
ENSG00000164484.13	80	89	2.000000000000000e-04	3.728269202633504e-02
ENSG00000164603.13	80	89	9.999000099990002e-05	2.059376111200905e-02
ENSG00000164609.11	80	89	2.000000000000000e-04	3.728269202633504e-02
ENSG00000164611.14	80	89	9.999000099990002e-05	2.059376111200905e-02
ENSG00000164615.7	80	89	9.999000099990002e-05	2.059376111200905e-02
ENSG00000164627.18	80	89	9.999000099990002e-05	2.059376111200905e-02
ENSG00000164631.19	80	89	9.999000099990002e-05	2.059376111200905e-02
ENSG00000164674.18	80	89	9.999000099990002e-05	2.059376111200905e-02
ENSG00000164683.19	80	89	2.000000000000000e-04	3.728269202633504e-02
ENSG00000164687.12	80	89	1.000000000000000e-04	2.059376111200905e-02
ENSG00000164751.16	80	89	1.000000000000000e-04	2.059376111200905e-02
ENSG00000164754.17	80	89	9.999000099990002e-05	2.059376111200905e-02
ENSG00000164761.10	80	89	9.999000099990002e-05	2.059376111200905e-02
ENSG00000164815.12	80	89	2.000000000000000e-04	3.728269202633504e-02
ENSG00000164830.19	80	89	1.000000000000000e-04	2.059376111200905e-02
ENSG00000164850.17	80	89	9.999000099990002e-05	2.059376111200905e-02
ENSG00000164877.20	80	89	9.999000099990002e-05	2.059376111200905e-02
ENSG00000164885.14	80	89	9.999000099990002e-05	2.059376111200905e-02
ENSG00000164889.16	80	89	9.999000099990002e-05	2.059376111200905e-02
ENSG00000164896.22	80	89	4.000000000000000e-04	6.548302711036876e-02
ENSG00000164897.15	80	89	9.999000099990002e-05	2.059376111200905e-02
ENSG00000164916.12	80	89	3.000000000000000e-04	5.194194863432531e-02
ENSG00000164919.12	80	89	9.999000099990002e-05	2.059376111200905e-02
ENSG00000164920.11	80	89	9.999000099990002e-05	2.059376111200905e-02
ENSG00000164924.19	80	89	9.999000099990002e-05	2.059376111200905e-02
ENSG00000164938.15	80	89	9.999000099990002e-05	2.059376111200905e-02
ENSG00000164953.17	80	89	9.999000099990002e-05	2.059376111200905e-02
ENSG00000164961.17	80	89	9.999000099990002e-05	2.059376111200905e-02
ENSG00000164976.10	80	89	1.000000000000000e-04	2.059376111200905e-02
ENSG00000165028.13	80	89	5.000000000000000e-04	7.851466600936653e-02
ENSG00000165029.17	80	89	2.000000000000000e-04	3.728269202633504e-02
ENSG00000165060.16	80	89	9.999000099990002e-05	2.059376111200905e-02
ENSG00000165102.16	80	89	9.999000099990002e-05	2.059376111200905e-02
ENSG00000165124.19	80	89	9.999000099990002e-05	2.059376111200905e-02
ENSG00000165138.19	80	89	9.999000099990002e-05	2.059376111200905e-02
ENSG00000165171.12	80	89	9.999000099990002e-05	2.059376111200905e-02
ENSG00000165175.18	80	89	9.999000099990002e-05	2.059376111200905e-02
ENSG00000165233.19	80	89	9.999000099990002e-05	2.059376111200905e-02
ENSG00000165240.22	80	89	4.000000000000000e-04	6.548302711036876e-02
ENSG00000165244.7	80	89	1.000000000000000e-04	2.059376111200905e-02
ENSG00000165275.11	80	89	9.999000099990002e-05	2.059376111200905e-02
ENSG00000165304.9	80	89	9.999000099990002e-05	2.059376111200905e-02
ENSG00000165312.7	80	89	9.999000099990002e-05	2.059376111200905e-02
ENSG00000165322.19	80	89	9.999000099990002e-05	2.059376111200905e-02
ENSG00000165389.7	80	89	9.999000099990002e-05	2.059376111200905e-02
ENSG00000165480.17	80	89	9.999000099990002e-05	2.059376111200905e-02
ENSG00000165490.14	80	89	9.999000099990002e-05	2.059376111200905e-02
ENSG00000165494.13	80	89	9.999000099990002e-05	2.059376111200905e-02
ENSG00000165501.18	80	89	9.999000099990002e-05	2.059376111200905e-02
ENSG00000165516.12	80	89	9.999000099990002e-05	2.059376111200905e-02
ENSG00000165533.20	80	89	9.999000099990002e-05	2.059376111200905e-02
ENSG00000165572.8	80	89	5.999999999999999e-04	9.084748663101604e-02
ENSG00000165633.14	80	89	9.999000099990002e-05	2.059376111200905e-02
ENSG00000165637.15	80	89	9.999000099990002e-05	2.059376111200905e-02
ENSG00000165644.12	80	89	9.999000099990002e-05	2.059376111200905e-02
ENSG00000165660.9	80	89	2.000000000000000e-04	3.728269202633504e-02
ENSG00000165661.18	80	89	1.000000000000000e-04	2.059376111200905e-02
ENSG00000165669.15	80	89	2.000000000000000e-04	3.728269202633504e-02
ENSG00000165684.7	80	89	9.999000099990002e-05	2.059376111200905e-02
ENSG00000165689.18	80	89	5.999999999999999e-04	9.084748663101604e-02
ENSG00000165724.7	80	89	9.999000099990002e-05	2.059376111200905e-02
ENSG00000165775.19	80	89	9.999000099990002e-05	2.059376111200905e-02
ENSG00000165863.18	80	89	1.000000000000000e-04	2.059376111200905e-02
ENSG00000165886.6	80	89	9.999000099990002e-05	2.059376111200905e-02
ENSG00000165891.17	80	89	9.999000099990002e-05	2.059376111200905e-02
ENSG00000165915.15	80	89	9.999000099990002e-05	2.059376111200905e-02
ENSG00000165916.10	80	89	1.000000000000000e-04	2.059376111200905e-02
ENSG00000165943.6	80	89	9.999000099990002e-05	2.059376111200905e-02
ENSG00000165995.24	80	89	2.000000000000000e-04	3.728269202633504e-02
ENSG00000165997.6	80	89	1.000000000000000e-04	2.059376111200905e-02
ENSG00000166035.12	80	89	9.999000099990002e-05	2.059376111200905e-02
ENSG00000166046.13	80	89	9.999000099990002e-05	2.059376111200905e-02
ENSG00000166166.14	80	89	9.999000099990002e-05	2.059376111200905e-02
ENSG00000166169.18	80	89	9.999000099990002e-05	2.059376111200905e-02
ENSG00000166188.4	80	89	3.000000000000000e-04	5.194194863432531e-02
ENSG00000166189.8	80	89	9.999000099990002e-05	2.059376111200905e-02
ENSG00000166200.16	80	89	9.999000099990002e-05	2.059376111200905e-02
ENSG00000166265.13	80	89	9.999000099990002e-05	2.059376111200905e-02
ENSG00000166272.19	80	89	2.000000000000000e-04	3.728269202633504e-02
ENSG00000166275.17	80	89	9.999000099990002e-05	2.059376111200905e-02
ENSG00000166278.17	80	89	9.999000099990002e-05	2.059376111200905e-02
ENSG00000166295.10	80	89	1.000000000000000e-04	2.059376111200905e-02
ENSG00000166340.19	80	89	9.999000099990002e-05	2.059376111200905e-02
ENSG00000166441.14	80	89	9.999000099990002e-05	2.059376111200905e-02
ENSG00000166446.16	80	89	1.000000000000000e-04	2.059376111200905e-02
ENSG00000166451.15	80	89	9.999000099990002e-05	2.059376111200905e-02
ENSG00000166454.11	80	89	9.999000099990002e-05	2.059376111200905e-02
ENSG00000166473.20	80	89	4.000000000000000e-04	6.548302711036876e-02
ENSG00000166482.13	80	89	9.999000099990002e-05	2.059376111200905e-02
ENSG00000166507.20	80	89	5.000000000000000e-04	7.851466600936653e-02
ENSG00000166508.20	80	89	9.999000099990002e-05	2.059376111200905e-02
ENSG00000166681.15	80	89	9.999000099990002e-05	2.059376111200905e-02
ENSG00000166704.14	80	89	9.999000099990002e-05	2.059376111200905e-02
ENSG00000166710.24	80	89	9.999000099990002e-05	2.059376111200905e-02
ENSG00000166734.21	80	89	3.000000000000000e-04	5.194194863432531e-02
ENSG00000166741.10	80	89	3.000000000000000e-04	5.194194863432531e-02
ENSG00000166780.12	80	89	5.999999999999999e-04	9.084748663101604e-02
ENSG00000166788.11	80	89	3.000000000000000e-04	5.194194863432531e-02
ENSG00000166803.15	80	89	9.999000099990002e-05	2.059376111200905e-02
ENSG00000166813.18	80	89	9.999000099990002e-05	2.059376111200905e-02
ENSG00000166833.23	80	89	1.000000000000000e-04	2.059376111200905e-02
ENSG00000166839.19	80	89	2.000000000000000e-04	3.728269202633504e-02
ENSG00000166845.16	80	89	9.999000099990002e-05	2.059376111200905e-02
ENSG00000166851.16	80	89	9.999000099990002e-05	2.059376111200905e-02
ENSG00000166881.11	80	89	9.999000099990002e-05	2.059376111200905e-02
ENSG00000166886.14	80	89	5.000000000000000e-04	7.851466600936653e-02
ENSG00000166887.17	80	89	9.999000099990002e-05	2.059376111200905e-02
ENSG00000166888.14	80	89	5.999999999999999e-04	9.084748663101604e-02
ENSG00000166923.13	80	89	3.000000000000000e-04	5.194194863432531e-02
ENSG00000166925.10	80	89	9.999000099990002e-05	2.059376111200905e-02
ENSG00000167005.15	80	89	9.999000099990002e-05	2.059376111200905e-02
ENSG00000167034.10	80	89	9.999000099990002e-05	2.059376111200905e-02
ENSG00000167085.15	80	89	9.999000099990002e-05	2.059376111200905e-02
ENSG00000167103.12	80	89	1.000000000000000e-04	2.059376111200905e-02
ENSG00000167110.20	80	89	9.999000099990002e-05	2.059376111200905e-02
ENSG00000167114.14	80	89	9.999000099990002e-05	2.059376111200905e-02
ENSG00000167136.8	80	89	9.999000099990002e-05	2.059376111200905e-02
ENSG00000167157.12	80	89	9.999000099990002e-05	2.059376111200905e-02
ENSG00000167173.20	80	89	9.999000099990002e-05	2.059376111200905e-02
ENSG00000167182.17	80	89	2.000000000000000e-04	3.728269202633504e-02
ENSG00000167193.8	80	89	1.000000000000000e-04	2.059376111200905e-02
ENSG00000167202.13	80	89	9.999000099990002e-05	2.059376111200905e-02
ENSG00000167232.15	80	89	9.999000099990002e-05	2.059376111200905e-02
ENSG00000167315.19	80	89	1.000000000000000e-04	2.059376111200905e-02
ENSG00000167325.16	80	89	9.999000099990002e-05	2.059376111200905e-02
ENSG00000167377.20	80	89	1.000000000000000e-04	2.059376111200905e-02
ENSG00000167393.19	80	89	1.000000000000000e-04	2.059376111200905e-02
ENSG00000167394.14	80	89	3.000000000000000e-04	5.194194863432531e-02
ENSG00000167395.11	80	89	9.999000099990002e-05	2.059376111200905e-02
ENSG00000167447.14	80	89	1.000000000000000e-04	2.059376111200905e-02
ENSG00000167487.12	80	89	1.000000000000000e-04	2.059376111200905e-02
ENSG00000167491.19	80	89	9.999000099990002e-05	2.059376111200905e-02
ENSG00000167508.13	80	89	3.000000000000000e-04	5.194194863432531e-02
ENSG00000167513.10	80	89	9.999000099990002e-05	2.059376111200905e-02
ENSG00000167523.15	80	89	9.999000099990002e-05	2.059376111200905e-02
ENSG00000167543.17	80	89	9.999000099990002e-05	2.059376111200905e-02
ENSG00000167550.12	80	89	9.999000099990002e-05	2.059376111200905e-02
ENSG00000167553.18	80	89	9.999000099990002e-05	2.059376111200905e-02
ENSG00000167595.17	80	89	4.000000000000000e-04	6.548302711036876e-02
ENSG00000167601.13	80	89	9.999000099990002e-05	2.059376111200905e-02
ENSG00000167604.16	80	89	9.999000099990002e-05	2.059376111200905e-02
ENSG00000167617.4	80	89	9.999000099990002e-05	2.059376111200905e-02
ENSG00000167645.18	80	89	1.000000000000000e-04	2.059376111200905e-02
ENSG00000167657.15	80	89	9.999000099990002e-05	2.059376111200905e-02
ENSG00000167658.17	80	89	2.000000000000000e-04	3.728269202633504e-02
ENSG00000167670.17	80	89	9.999000099990002e-05	2.059376111200905e-02
ENSG00000167671.13	80	89	2.000000000000000e-04	3.728269202633504e-02
ENSG00000167674.16	80	89	9.999000099990002e-05	2.059376111200905e-02
ENSG00000167700.10	80	89	2.000000000000000e-04	3.728269202633504e-02
ENSG00000167721.12	80	89	5.000000000000000e-04	7.851466600936653e-02
ENSG00000167766.23	80	89	9.999000099990002e-05	2.059376111200905e-02
ENSG00000167774.2	80	89	9.999000099990002e-05	2.059376111200905e-02
ENSG00000167775.12	80	89	3.000000000000000e-04	5.194194863432531e-02
ENSG00000167797.9	80	89	9.999000099990002e-05	2.059376111200905e-02
ENSG00000167799.11	80	89	9.999000099990002e-05	2.059376111200905e-02
ENSG00000167862.11	80	89	9.999000099990002e-05	2.059376111200905e-02
ENSG00000167889.14	80	89	3.000000000000000e-04	5.194194863432531e-02
ENSG00000167900.14	80	89	9.999000099990002e-05	2.059376111200905e-02
ENSG00000167912.9	80	89	9.999000099990002e-05	2.059376111200905e-02
ENSG00000167965.19	80	89	2.000000000000000e-04	3.728269202633504e-02
ENSG00000167967.17	80	89	9.999000099990002e-05	2.059376111200905e-02
ENSG00000167969.14	80	89	9.999000099990002e-05	2.059376111200905e-02
ENSG00000167977.10	80	89	9.999000099990002e-05	2.059376111200905e-02
ENSG00000167981.7	80	89	3.000000000000000e-04	5.194194863432531e-02
ENSG00000167995.17	80	89	2.000000000000000e-04	3.728269202633504e-02
ENSG00000167996.17	80	89	9.999000099990002e-05	2.059376111200905e-02
ENSG00000168000.17	80	89	9.999000099990002e-05	2.059376111200905e-02
ENSG00000168005.10	80	89	9.999000099990002e-05	2.059376111200905e-02
ENSG00000168016.16	80	89	9.999000099990002e-05	2.059376111200905e-02
ENSG00000168026.20	80	89	9.999000099990002e-05	2.059376111200905e-02
ENSG00000168036.20	80	89	2.000000000000000e-04	3.728269202633504e-02
ENSG00000168040.6	80	89	1.000000000000000e-04	2.059376111200905e-02
ENSG00000168061.17	80	89	9.999000099990002e-05	2.059376111200905e-02
ENSG00000168078.11	80	89	9.999000099990002e-05	2.059376111200905e-02
ENSG00000168090.11	80	89	3.000000000000000e-04	5.194194863432531e-02
ENSG00000168092.15	80	89	9.999000099990002e-05	2.059376111200905e-02
ENSG00000168159.15	80	89	9.999000099990002e-05	2.059376111200905e-02
ENSG00000168216.14	80	89	9.999000099990002e-05	2.059376111200905e-02
ENSG00000168234.15	80	89	9.999000099990002e-05	2.059376111200905e-02
ENSG00000168237.19	80	89	4.000000000000000e-04	6.548302711036876e-02
ENSG00000168246.7	80	89	2.000000000000000e-04	3.728269202633504e-02
ENSG00000168273.9	80	89	2.000000000000000e-04	3.728269202633504e-02
ENSG00000168282.6	80	89	2.000000000000000e-04	3.728269202633504e-02
ENSG00000168297.17	80	89	9.999000099990002e-05	2.059376111200905e-02
ENSG00000168300.15	80	89	9.999000099990002e-05	2.059376111200905e-02
ENSG00000168303.9	80	89	9.999000099990002e-05	2.059376111200905e-02
ENSG00000168306.14	80	89	9.999000099990002e-05	2.059376111200905e-02
ENSG00000168310.13	80	89	9.999000099990002e-05	2.059376111200905e-02
ENSG00000168385.19	80	89	4.000000000000000e-04	6.548302711036876e-02
ENSG00000168393.14	80	89	9.999000099990002e-05	2.059376111200905e-02
ENSG00000168397.18	80	89	1.000000000000000e-04	2.059376111200905e-02
ENSG00000168411.15	80	89	9.999000099990002e-05	2.059376111200905e-02
ENSG00000168439.18	80	89	9.999000099990002e-05	2.059376111200905e-02
ENSG00000168453.17	80	89	1.000000000000000e-04	2.059376111200905e-02
ENSG00000168476.13	80	89	9.999000099990002e-05	2.059376111200905e-02
ENSG00000168488.20	80	89	3.000000000000000e-04	5.194194863432531e-02
ENSG00000168496.5	80	89	9.999000099990002e-05	2.059376111200905e-02
ENSG00000168502.19	80	89	4.000000000000000e-04	6.548302711036876e-02
ENSG00000168517.12	80	89	3.000000000000000e-04	5.194194863432531e-02
ENSG00000168522.14	80	89	1.000000000000000e-04	2.059376111200905e-02
ENSG00000168528.13	80	89	9.999000099990002e-05	2.059376111200905e-02
ENSG00000168538.17	80	89	9.999000099990002e-05	2.059376111200905e-02
ENSG00000168615.14	80	89	9.999000099990002e-05	2.059376111200905e-02
ENSG00000168710.19	80	89	9.999000099990002e-05	2.059376111200905e-02
ENSG00000168779.21	80	89	9.999000099990002e-05	2.059376111200905e-02
ENSG00000168818.11	80	89	9.999000099990002e-05	2.059376111200905e-02
ENSG00000168876.10	80	89	1.000000000000000e-04	2.059376111200905e-02
ENSG00000168916.17	80	89	1.000000000000000e-04	2.059376111200905e-02
ENSG00000168924.16	80	89	9.999000099990002e-05	2.059376111200905e-02
ENSG00000168955.4	80	89	9.999000099990002e-05	2.059376111200905e-02
ENSG00000169019.12	80	89	9.999000099990002e-05	2.059376111200905e-02
ENSG00000169026.14	80	89	9.999000099990002e-05	2.059376111200905e-02
ENSG00000169062.16	80	89	1.000000000000000e-04	2.059376111200905e-02
ENSG00000169131.14	80	89	1.000000000000000e-04	2.059376111200905e-02
ENSG00000169221.15	80	89	9.999000099990002e-05	2.059376111200905e-02
ENSG00000169230.11	80	89	9.999000099990002e-05	2.059376111200905e-02
ENSG00000169231.14	80	89	2.000000000000000e-04	3.728269202633504e-02
ENSG00000169258.8	80	89	9.999000099990002e-05	2.059376111200905e-02
ENSG00000169271.3	80	89	9.999000099990002e-05	2.059376111200905e-02
ENSG00000169302.16	80	89	2.000000000000000e-04	3.728269202633504e-02
ENSG00000169359.17	80	89	9.999000099990002e-05	2.059376111200905e-02
ENSG00000169570.11	80	89	9.999000099990002e-05	2.059376111200905e-02
ENSG00000169592.16	80	89	9.999000099990002e-05	2.059376111200905e-02
ENSG00000169594.14	80	89	9.999000099990002e-05	2.059376111200905e-02
ENSG00000169607.14	80	89	9.999000099990002e-05	2.059376111200905e-02
ENSG00000169612.5	80	89	9.999000099990002e-05	2.059376111200905e-02
ENSG00000169635.11	80	89	9.999000099990002e-05	2.059376111200905e-02
ENSG00000169679.16	80	89	9.999000099990002e-05	2.059376111200905e-02
ENSG00000169683.9	80	89	9.999000099990002e-05	2.059376111200905e-02
ENSG00000169689.16	80	89	9.999000099990002e-05	2.059376111200905e-02
ENSG00000169692.15	80	89	1.000000000000000e-04	2.059376111200905e-02
ENSG00000169696.17	80	89	9.999000099990002e-05	2.059376111200905e-02
ENSG00000169710.10	80	89	2.000000000000000e-04	3.728269202633504e-02
ENSG00000169718.19	80	89	9.999000099990002e-05	2.059376111200905e-02
ENSG00000169727.15	80	89	9.999000099990002e-05	2.059376111200905e-02
ENSG00000169733.13	80	89	1.000000000000000e-04	2.059376111200905e-02
ENSG00000169740.15	80	89	9.999000099990002e-05	2.059376111200905e-02
ENSG00000169750.10	80	89	9.999000099990002e-05	2.059376111200905e-02
ENSG00000169814.19	80	89	2.000000000000000e-04	3.728269202633504e-02
ENSG00000169826.9	80	89	3.000000000000000e-04	5.194194863432531e-02
ENSG00000169891.19	80	89	9.999000099990002e-05	2.059376111200905e-02
ENSG00000169902.16	80	89	3.000000000000000e-04	5.194194863432531e-02
ENSG00000169919.18	80	89	4.000000000000000e-04	6.548302711036876e-02
ENSG00000169951.11	80	89	2.000000000000000e-04	3.728269202633504e-02
ENSG00000169957.10	80	89	9.999000099990002e-05	2.059376111200905e-02
ENSG00000169964.9	80	89	9.999000099990002e-05	2.059376111200905e-02
ENSG00000169972.14	80	89	9.999000099990002e-05	2.059376111200905e-02
ENSG00000169994.21	80	89	3.000000000000000e-04	5.194194863432531e-02
ENSG00000170142.13	80	89	4.000000000000000e-04	6.548302711036876e-02
ENSG00000170153.11	80	89	9.999000099990002e-05	2.059376111200905e-02
ENSG00000170166.6	80	89	9.999000099990002e-05	2.059376111200905e-02
ENSG00000170185.13	80	89	4.000000000000000e-04	6.548302711036876e-02
ENSG00000170191.5	80	89	4.000000000000000e-04	6.548302711036876e-02
ENSG00000170242.20	80	89	2.000000000000000e-04	3.728269202633504e-02
ENSG00000170266.16	80	89	3.000000000000000e-04	5.194194863432531e-02
ENSG00000170271.12	80	89	9.999000099990002e-05	2.059376111200905e-02
ENSG00000170310.16	80	89	9.999000099990002e-05	2.059376111200905e-02
ENSG00000170312.18	80	89	9.999000099990002e-05	2.059376111200905e-02
ENSG00000170315.15	80	89	1.000000000000000e-04	2.059376111200905e-02
ENSG00000170364.14	80	89	9.999000099990002e-05	2.059376111200905e-02
ENSG00000170370.12	80	89	9.999000099990002e-05	2.059376111200905e-02
ENSG00000170385.10	80	89	9.999000099990002e-05	2.059376111200905e-02
ENSG00000170445.17	80	89	1.000000000000000e-04	2.059376111200905e-02
ENSG00000170448.13	80	89	9.999000099990002e-05	2.059376111200905e-02
ENSG00000170468.8	80	89	9.999000099990002e-05	2.059376111200905e-02
ENSG00000170498.11	80	89	1.000000000000000e-04	2.059376111200905e-02
ENSG00000170515.15	80	89	9.999000099990002e-05	2.059376111200905e-02
ENSG00000170525.22	80	89	9.999000099990002e-05	2.059376111200905e-02
ENSG00000170545.18	80	89	9.999000099990002e-05	2.059376111200905e-02
ENSG00000170549.4	80	89	9.999000099990002e-05	2.059376111200905e-02
ENSG00000170581.16	80	89	9.999000099990002e-05	2.059376111200905e-02
ENSG00000170604.5	80	89	9.999000099990002e-05	2.059376111200905e-02
ENSG00000170632.15	80	89	1.000000000000000e-04	2.059376111200905e-02
ENSG00000170634.13	80	89	9.999000099990002e-05	2.059376111200905e-02
ENSG00000170638.11	80	89	9.999000099990002e-05	2.059376111200905e-02
ENSG00000170667.17	80	89	4.000000000000000e-04	6.548302711036876e-02
ENSG00000170779.12	80	89	9.999000099990002e-05	2.059376111200905e-02
ENSG00000170855.5	80	89	9.999000099990002e-05	2.059376111200905e-02
ENSG00000170871.12	80	89	5.999999999999999e-04	9.084748663101604e-02
ENSG00000170876.10	80	89	2.000000000000000e-04	3.728269202633504e-02
ENSG00000170899.12	80	89	9.999000099990002e-05	2.059376111200905e-02
ENSG00000170903.13	80	89	2.000000000000000e-04	3.728269202633504e-02
ENSG00000170919.17	80	89	2.000000000000000e-04	3.728269202633504e-02
ENSG00000170949.19	80	89	9.999000099990002e-05	2.059376111200905e-02
ENSG00000170955.11	80	89	9.999000099990002e-05	2.059376111200905e-02
ENSG00000170962.14	80	89	9.999000099990002e-05	2.059376111200905e-02
ENSG00000170989.11	80	89	2.000000000000000e-04	3.728269202633504e-02
ENSG00000171150.10	80	89	9.999000099990002e-05	2.059376111200905e-02
ENSG00000171155.9	80	89	9.999000099990002e-05	2.059376111200905e-02
ENSG00000171159.5	80	89	9.999000099990002e-05	2.059376111200905e-02
ENSG00000171161.14	80	89	1.000000000000000e-04	2.059376111200905e-02
ENSG00000171222.12	80	89	9.999000099990002e-05	2.059376111200905e-02
ENSG00000171241.10	80	89	9.999000099990002e-05	2.059376111200905e-02
ENSG00000171262.11	80	89	9.999000099990002e-05	2.059376111200905e-02
ENSG00000171302.18	80	89	9.999000099990002e-05	2.059376111200905e-02
ENSG00000171314.10	80	89	2.000000000000000e-04	3.728269202633504e-02
ENSG00000171320.15	80	89	9.999000099990002e-05	2.059376111200905e-02
ENSG00000171443.8	80	89	9.999000099990002e-05	2.059376111200905e-02
ENSG00000171444.19	80	89	9.999000099990002e-05	2.059376111200905e-02
ENSG00000171448.10	80	89	9.999000099990002e-05	2.059376111200905e-02
ENSG00000171451.16	80	89	9.999000099990002e-05	2.059376111200905e-02
ENSG00000171488.16	80	89	2.000000000000000e-04	3.728269202633504e-02
ENSG00000171492.15	80	89	2.000000000000000e-04	3.728269202633504e-02
ENSG00000171503.14	80	89	9.999000099990002e-05	2.059376111200905e-02
ENSG00000171509.17	80	89	4.000000000000000e-04	6.548302711036876e-02
ENSG00000171603.19	80	89	9.999000099990002e-05	2.059376111200905e-02
ENSG00000171617.17	80	89	1.000000000000000e-04	2.059376111200905e-02
ENSG00000171631.17	80	89	9.999000099990002e-05	2.059376111200905e-02
ENSG00000171649.12	80	89	3.000000000000000e-04	5.194194863432531e-02
ENSG00000171700.15	80	89	9.999000099990002e-05	2.059376111200905e-02
ENSG00000171729.15	80	89	4.000000000000000e-04	6.548302711036876e-02
ENSG00000171792.12	80	89	2.000000000000000e-04	3.728269202633504e-02
ENSG00000171793.18	80	89	9.999000099990002e-05	2.059376111200905e-02
ENSG00000171813.15	80	89	9.999000099990002e-05	2.059376111200905e-02
ENSG00000171843.17	80	89	9.999000099990002e-05	2.059376111200905e-02
ENSG00000171848.17	80	89	9.999000099990002e-05	2.059376111200905e-02
ENSG00000171865.11	80	89	9.999000099990002e-05	2.059376111200905e-02
ENSG00000171914.18	80	89	1.000000000000000e-04	2.059376111200905e-02
ENSG00000171960.13	80	89	9.999000099990002e-05	2.059376111200905e-02
ENSG00000171988.20	80	89	9.999000099990002e-05	2.059376111200905e-02
ENSG00000172006.13	80	89	9.999000099990002e-05	2.059376111200905e-02
ENSG00000172007.8	80	89	9.999000099990002e-05	2.059376111200905e-02
ENSG00000172009.16	80	89	9.999000099990002e-05	2.059376111200905e-02
ENSG00000172037.15	80	89	9.999000099990002e-05	2.059376111200905e-02
ENSG00000172053.19	80	89	9.999000099990002e-05	2.059376111200905e-02
ENSG00000172071.15	80	89	5.999999999999999e-04	9.084748663101604e-02
ENSG00000172086.10	80	89	9.999000099990002e-05	2.059376111200905e-02
ENSG00000172115.10	80	89	9.999000099990002e-05	2.059376111200905e-02
ENSG00000172123.15	80	89	1.000000000000000e-04	2.059376111200905e-02
ENSG00000172137.20	80	89	9.999000099990002e-05	2.059376111200905e-02
ENSG00000172159.17	80	89	4.000000000000000e-04	6.548302711036876e-02
ENSG00000172164.15	80	89	9.999000099990002e-05	2.059376111200905e-02
ENSG00000172167.9	80	89	3.000000000000000e-04	5.194194863432531e-02
ENSG00000172239.15	80	89	5.000000000000000e-04	7.851466600936653e-02
ENSG00000172244.10	80	89	1.000000000000000e-04	2.059376111200905e-02
ENSG00000172273.14	80	89	9.999000099990002e-05	2.059376111200905e-02
ENSG00000172336.6	80	89	9.999000099990002e-05	2.059376111200905e-02
ENSG00000172345.15	80	89	5.999999999999999e-04	9.084748663101604e-02
ENSG00000172348.16	80	89	9.999000099990002e-05	2.059376111200905e-02
ENSG00000172354.11	80	89	1.000000000000000e-04	2.059376111200905e-02
ENSG00000172366.21	80	89	9.999000099990002e-05	2.059376111200905e-02
ENSG00000172380.7	80	89	1.000000000000000e-04	2.059376111200905e-02
ENSG00000172465.15	80	89	1.000000000000000e-04	2.059376111200905e-02
ENSG00000172500.14	80	89	3.000000000000000e-04	5.194194863432531e-02
ENSG00000172531.17	80	89	2.000000000000000e-04	3.728269202633504e-02
ENSG00000172590.19	80	89	9.999000099990002e-05	2.059376111200905e-02
ENSG00000172594.14	80	89	9.999000099990002e-05	2.059376111200905e-02
ENSG00000172661.21	80	89	4.000000000000000e-04	6.548302711036876e-02
ENSG00000172667.12	80	89	9.999000099990002e-05	2.059376111200905e-02
ENSG00000172757.13	80	89	4.000000000000000e-04	6.548302711036876e-02
ENSG00000172780.18	80	89	9.999000099990002e-05	2.059376111200905e-02
ENSG00000172789.4	80	89	9.999000099990002e-05	2.059376111200905e-02
ENSG00000172817.5	80	89	1.000000000000000e-04	2.059376111200905e-02
ENSG00000172831.15	80	89	9.999000099990002e-05	2.059376111200905e-02
ENSG00000172889.17	80	89	9.999000099990002e-05	2.059376111200905e-02
ENSG00000172915.20	80	89	9.999000099990002e-05	2.059376111200905e-02
ENSG00000172922.12	80	89	9.999000099990002e-05	2.059376111200905e-02
ENSG00000172986.13	80	89	9.999000099990002e-05	2.059376111200905e-02
ENSG00000173041.13	80	89	1.000000000000000e-04	2.059376111200905e-02
ENSG00000173065.15	80	89	9.999000099990002e-05	2.059376111200905e-02
ENSG00000173141.6	80	89	9.999000099990002e-05	2.059376111200905e-02
ENSG00000173153.18	80	89	9.999000099990002e-05	2.059376111200905e-02
ENSG00000173193.16	80	89	1.000000000000000e-04	2.059376111200905e-02
ENSG00000173207.14	80	89	9.999000099990002e-05	2.059376111200905e-02
ENSG00000173218.16	80	89	9.999000099990002e-05	2.059376111200905e-02
ENSG00000173230.18	80	89	9.999000099990002e-05	2.059376111200905e-02
ENSG00000173258.14	80	89	9.999000099990002e-05	2.059376111200905e-02
ENSG00000173272.17	80	89	9.999000099990002e-05	2.059376111200905e-02
ENSG00000173275.14	80	89	9.999000099990002e-05	2.059376111200905e-02
ENSG00000173349.6	80	89	9.999000099990002e-05	2.059376111200905e-02
ENSG00000173406.17	80	89	9.999000099990002e-05	2.059376111200905e-02
ENSG00000173409.15	80	89	1.000000000000000e-04	2.059376111200905e-02
ENSG00000173456.5	80	89	9.999000099990002e-05	2.059376111200905e-02
ENSG00000173457.12	80	89	9.999000099990002e-05	2.059376111200905e-02
ENSG00000173465.9	80	89	9.999000099990002e-05	2.059376111200905e-02
ENSG00000173482.17	80	89	9.999000099990002e-05	2.059376111200905e-02
ENSG00000173486.14	80	89	1.000000000000000e-04	2.059376111200905e-02
ENSG00000173517.12	80	89	1.000000000000000e-04	2.059376111200905e-02
ENSG00000173540.15	80	89	9.999000099990002e-05	2.059376111200905e-02
ENSG00000173546.8	80	89	9.999000099990002e-05	2.059376111200905e-02
ENSG00000173621.10	80	89	9.999000099990002e-05	2.059376111200905e-02
ENSG00000173638.20	80	89	9.999000099990002e-05	2.059376111200905e-02
ENSG00000173757.12	80	89	3.000000000000000e-04	5.194194863432531e-02
ENSG00000173786.17	80	89	3.000000000000000e-04	5.194194863432531e-02
ENSG00000173848.20	80	89	9.999000099990002e-05	2.059376111200905e-02
ENSG00000173894.11	80	89	1.000000000000000e-04	2.059376111200905e-02
ENSG00000173905.10	80	89	9.999000099990002e-05	2.059376111200905e-02
ENSG00000173926.7	80	89	3.000000000000000e-04	5.194194863432531e-02
ENSG00000173933.22	80	89	2.000000000000000e-04	3.728269202633504e-02
ENSG00000174007.10	80	89	9.999000099990002e-05	2.059376111200905e-02
ENSG00000174080.13	80	89	9.999000099990002e-05	2.059376111200905e-02
ENSG00000174109.5	80	89	9.999000099990002e-05	2.059376111200905e-02
ENSG00000174137.14	80	89	5.999999999999999e-04	9.084748663101604e-02
ENSG00000174165.9	80	89	9.999000099990002e-05	2.059376111200905e-02
ENSG00000174177.14	80	89	9.999000099990002e-05	2.059376111200905e-02
ENSG00000174243.12	80	89	1.000000000000000e-04	2.059376111200905e-02
ENSG00000174276.7	80	89	9.999000099990002e-05	2.059376111200905e-02
ENSG00000174307.7	80	89	1.000000000000000e-04	2.059376111200905e-02
ENSG00000174371.18	80	89	9.999000099990002e-05	2.059376111200905e-02
ENSG00000174428.20	80	89	9.999000099990002e-05	2.059376111200905e-02
ENSG00000174437.19	80	89	9.999000099990002e-05	2.059376111200905e-02
ENSG00000174442.13	80	89	9.999000099990002e-05	2.059376111200905e-02
ENSG00000174444.16	80	89	5.000000000000000e-04	7.851466600936653e-02
ENSG00000174483.21	80	89	9.999000099990002e-05	2.059376111200905e-02
ENSG00000174485.17	80	89	9.999000099990002e-05	2.059376111200905e-02
ENSG00000174564.14	80	89	9.999000099990002e-05	2.059376111200905e-02
ENSG00000174628.18	80	89	5.000000000000000e-04	7.851466600936653e-02
ENSG00000174697.6	80	89	1.000000000000000e-04	2.059376111200905e-02
ENSG00000174705.14	80	89	5.999999999999999e-04	9.084748663101604e-02
ENSG00000174744.15	80	89	9.999000099990002e-05	2.059376111200905e-02
ENSG00000174748.23	80	89	9.999000099990002e-05	2.059376111200905e-02
ENSG00000174775.19	80	89	4.000000000000000e-04	6.548302711036876e-02
ENSG00000174791.12	80	89	9.999000099990002e-05	2.059376111200905e-02
ENSG00000174840.10	80	89	2.000000000000000e-04	3.728269202633504e-02
ENSG00000174842.18	80	89	2.000000000000000e-04	3.728269202633504e-02
ENSG00000174903.17	80	89	9.999000099990002e-05	2.059376111200905e-02
ENSG00000174917.10	80	89	9.999000099990002e-05	2.059376111200905e-02
ENSG00000174928.17	80	89	9.999000099990002e-05	2.059376111200905e-02
ENSG00000174939.12	80	89	5.000000000000000e-04	7.851466600936653e-02
ENSG00000174996.13	80	89	9.999000099990002e-05	2.059376111200905e-02
ENSG00000175029.18	80	89	9.999000099990002e-05	2.059376111200905e-02
ENSG00000175061.21	80	89	9.999000099990002e-05	2.059376111200905e-02
ENSG00000175063.18	80	89	9.999000099990002e-05	2.059376111200905e-02
ENSG00000175073.8	80	89	5.000000000000000e-04	7.851466600936653e-02
ENSG00000175130.8	80	89	9.999000099990002e-05	2.059376111200905e-02
ENSG00000175137.12	80	89	9.999000099990002e-05	2.059376111200905e-02
ENSG00000175155.11	80	89	1.000000000000000e-04	2.059376111200905e-02
ENSG00000175166.18	80	89	9.999000099990002e-05	2.059376111200905e-02
ENSG00000175182.16	80	89	9.999000099990002e-05	2.059376111200905e-02
ENSG00000175183.11	80	89	3.000000000000000e-04	5.194194863432531e-02
ENSG00000175197.13	80	89	9.999000099990002e-05	2.059376111200905e-02
ENSG00000175216.16	80	89	2.000000000000000e-04	3.728269202633504e-02
ENSG00000175221.17	80	89	9.999000099990002e-05	2.059376111200905e-02
ENSG00000175274.20	80	89	9.999000099990002e-05	2.059376111200905e-02
ENSG00000175279.22	80	89	9.999000099990002e-05	2.059376111200905e-02
ENSG00000175305.19	80	89	9.999000099990002e-05	2.059376111200905e-02
ENSG00000175309.17	80	89	9.999000099990002e-05	2.059376111200905e-02
ENSG00000175322.12	80	89	3.000000000000000e-04	5.194194863432531e-02
ENSG00000175334.9	80	89	1.000000000000000e-04	2.059376111200905e-02
ENSG00000175348.12	80	89	9.999000099990002e-05	2.059376111200905e-02
ENSG00000175352.12	80	89	9.999000099990002e-05	2.059376111200905e-02
ENSG00000175390.16	80	89	5.000000000000000e-04	7.851466600936653e-02
ENSG00000175395.17	80	89	9.999000099990002e-05	2.059376111200905e-02
ENSG00000175467.16	80	89	9.999000099990002e-05	2.059376111200905e-02
ENSG00000175550.8	80	89	9.999000099990002e-05	2.059376111200905e-02
ENSG00000175592.10	80	89	9.999000099990002e-05	2.059376111200905e-02
ENSG00000175602.4	80	89	9.999000099990002e-05	2.059376111200905e-02
ENSG00000175643.10	80	89	1.000000000000000e-04	2.059376111200905e-02
ENSG00000175697.12	80	89	5.000000000000000e-04	7.851466600936653e-02
ENSG00000175701.11	80	89	9.999000099990002e-05	2.059376111200905e-02
ENSG00000175727.16	80	89	5.000000000000000e-04	7.851466600936653e-02
ENSG00000175756.15	80	89	9.999000099990002e-05	2.059376111200905e-02
ENSG00000175768.14	80	89	9.999000099990002e-05	2.059376111200905e-02
ENSG00000175792.13	80	89	9.999000099990002e-05	2.059376111200905e-02
ENSG00000175826.13	80	89	3.000000000000000e-04	5.194194863432531e-02
ENSG00000175832.14	80	89	9.999000099990002e-05	2.059376111200905e-02
ENSG00000175970.13	80	89	9.999000099990002e-05	2.059376111200905e-02
ENSG00000176014.14	80	89	9.999000099990002e-05	2.059376111200905e-02
ENSG00000176022.7	80	89	1.000000000000000e-04	2.059376111200905e-02
ENSG00000176024.19	80	89	9.999000099990002e-05	2.059376111200905e-02
ENSG00000176101.13	80	89	9.999000099990002e-05	2.059376111200905e-02
ENSG00000176124.16	80	89	9.999000099990002e-05	2.059376111200905e-02
ENSG00000176142.14	80	89	9.999000099990002e-05	2.059376111200905e-02
ENSG00000176170.15	80	89	9.999000099990002e-05	2.059376111200905e-02
ENSG00000176208.10	80	89	9.999000099990002e-05	2.059376111200905e-02
ENSG00000176222.11	80	89	9.999000099990002e-05	2.059376111200905e-02
ENSG00000176248.10	80	89	9.999000099990002e-05	2.059376111200905e-02
ENSG00000176340.4	80	89	9.999000099990002e-05	2.059376111200905e-02
ENSG00000176386.10	80	89	2.000000000000000e-04	3.728269202633504e-02
ENSG00000176454.16	80	89	5.999999999999999e-04	9.084748663101604e-02
ENSG00000176542.10	80	89	9.999000099990002e-05	2.059376111200905e-02
ENSG00000176619.14	80	89	9.999000099990002e-05	2.059376111200905e-02
ENSG00000176658.18	80	89	9.999000099990002e-05	2.059376111200905e-02
ENSG00000176749.10	80	89	5.999999999999999e-04	9.084748663101604e-02
ENSG00000176845.13	80	89	1.000000000000000e-04	2.059376111200905e-02
ENSG00000176871.10	80	89	9.999000099990002e-05	2.059376111200905e-02
ENSG00000176890.17	80	89	9.999000099990002e-05	2.059376111200905e-02
ENSG00000176896.10	80	89	9.999000099990002e-05	2.059376111200905e-02
ENSG00000176903.5	80	89	9.999000099990002e-05	2.059376111200905e-02
ENSG00000176915.15	80	89	1.000000000000000e-04	2.059376111200905e-02
ENSG00000176928.8	80	89	9.999000099990002e-05	2.059376111200905e-02
ENSG00000176953.14	80	89	5.000000000000000e-04	7.851466600936653e-02
ENSG00000176971.4	80	89	9.999000099990002e-05	2.059376111200905e-02
ENSG00000177030.20	80	89	4.000000000000000e-04	6.548302711036876e-02
ENSG00000177034.18	80	89	9.999000099990002e-05	2.059376111200905e-02
ENSG00000177045.11	80	89	5.999999999999999e-04	9.084748663101604e-02
ENSG00000177051.7	80	89	3.000000000000000e-04	5.194194863432531e-02
ENSG00000177084.20	80	89	9.999000099990002e-05	2.059376111200905e-02
ENSG00000177105.11	80	89	9.999000099990002e-05	2.059376111200905e-02
ENSG00000177106.18	80	89	5.999999999999999e-04	9.084748663101604e-02
ENSG00000177119.18	80	89	9.999000099990002e-05	2.059376111200905e-02
ENSG00000177125.7	80	89	9.999000099990002e-05	2.059376111200905e-02
ENSG00000177156.12	80	89	1.000000000000000e-04	2.059376111200905e-02
ENSG00000177169.11	80	89	2.000000000000000e-04	3.728269202633504e-02
ENSG00000177192.15	80	89	9.999000099990002e-05	2.059376111200905e-02
ENSG00000177225.17	80	89	1.000000000000000e-04	2.059376111200905e-02
ENSG00000177283.8	80	89	1.000000000000000e-04	2.059376111200905e-02
ENSG00000177302.17	80	89	9.999000099990002e-05	2.059376111200905e-02
ENSG00000177363.6	80	89	9.999000099990002e-05	2.059376111200905e-02
ENSG00000177374.14	80	89	9.999000099990002e-05	2.059376111200905e-02
ENSG00000177410.14	80	89	3.000000000000000e-04	5.194194863432531e-02
ENSG00000177427.14	80	89	9.999000099990002e-05	2.059376111200905e-02
ENSG00000177432.8	80	89	3.000000000000000e-04	5.194194863432531e-02
ENSG00000177485.8	80	89	3.000000000000000e-04	5.194194863432531e-02
ENSG00000177542.12	80	89	9.999000099990002e-05	2.059376111200905e-02
ENSG00000177548.14	80	89	2.000000000000000e-04	3.728269202633504e-02
ENSG00000177576.13	80	89	3.000000000000000e-04	5.194194863432531e-02
ENSG00000177602.5	80	89	9.999000099990002e-05	2.059376111200905e-02
ENSG00000177606.9	80	89	9.999000099990002e-05	2.059376111200905e-02
ENSG00000177685.18	80	89	9.999000099990002e-05	2.059376111200905e-02
ENSG00000177694.16	80	89	2.000000000000000e-04	3.728269202633504e-02
ENSG00000177697.20	80	89	1.000000000000000e-04	2.059376111200905e-02
ENSG00000177700.7	80	89	1.000000000000000e-04	2.059376111200905e-02
ENSG00000177879.18	80	89	9.999000099990002e-05	2.059376111200905e-02
ENSG00000177885.16	80	89	9.999000099990002e-05	2.059376111200905e-02
ENSG00000177943.15	80	89	9.999000099990002e-05	2.059376111200905e-02
ENSG00000177954.15	80	89	9.999000099990002e-05	2.059376111200905e-02
ENSG00000178028.15	80	89	2.000000000000000e-04	3.728269202633504e-02
ENSG00000178057.16	80	89	9.999000099990002e-05	2.059376111200905e-02
ENSG00000178104.22	80	89	9.999000099990002e-05	2.059376111200905e-02
ENSG00000178209.18	80	89	9.999000099990002e-05	2.059376111200905e-02
ENSG00000178295.16	80	89	9.999000099990002e-05	2.059376111200905e-02
ENSG00000178397.13	80	89	1.000000000000000e-04	2.059376111200905e-02
ENSG00000178531.6	80	89	9.999000099990002e-05	2.059376111200905e-02
ENSG00000178573.7	80	89	1.000000000000000e-04	2.059376111200905e-02
ENSG00000178585.16	80	89	9.999000099990002e-05	2.059376111200905e-02
ENSG00000178605.16	80	89	9.999000099990002e-05	2.059376111200905e-02
ENSG00000178695.6	80	89	9.999000099990002e-05	2.059376111200905e-02
ENSG00000178718.7	80	89	5.000000000000000e-04	7.851466600936653e-02
ENSG00000178726.7	80	89	9.999000099990002e-05	2.059376111200905e-02
ENSG00000178764.9	80	89	9.999000099990002e-05	2.059376111200905e-02
ENSG00000178896.10	80	89	9.999000099990002e-05	2.059376111200905e-02
ENSG00000178917.19	80	89	5.000000000000000e-04	7.851466600936653e-02
ENSG00000178921.15	80	89	9.999000099990002e-05	2.059376111200905e-02
ENSG00000178950.19	80	89	9.999000099990002e-05	2.059376111200905e-02
ENSG00000178951.10	80	89	9.999000099990002e-05	2.059376111200905e-02
ENSG00000178977.5	80	89	1.000000000000000e-04	2.059376111200905e-02
ENSG00000178988.12	80	89	9.999000099990002e-05	2.059376111200905e-02
ENSG00000178996.15	80	89	9.999000099990002e-05	2.059376111200905e-02
ENSG00000178999.14	80	89	9.999000099990002e-05	2.059376111200905e-02
ENSG00000179021.11	80	89	9.999000099990002e-05	2.059376111200905e-02
ENSG00000179029.16	80	89	3.000000000000000e-04	5.194194863432531e-02
ENSG00000179041.4	80	89	9.999000099990002e-05	2.059376111200905e-02
ENSG00000179085.9	80	89	1.000000000000000e-04	2.059376111200905e-02
ENSG00000179091.6	80	89	9.999000099990002e-05	2.059376111200905e-02
ENSG00000179104.9	80	89	9.999000099990002e-05	2.059376111200905e-02
ENSG00000179115.12	80	89	9.999000099990002e-05	2.059376111200905e-02
ENSG00000179222.19	80	89	1.000000000000000e-04	2.059376111200905e-02
ENSG00000179242.16	80	89	4.000000000000000e-04	6.548302711036876e-02
ENSG00000179262.11	80	89	9.999000099990002e-05	2.059376111200905e-02
ENSG00000179271.4	80	89	9.999000099990002e-05	2.059376111200905e-02
ENSG00000179348.14	80	89	9.999000099990002e-05	2.059376111200905e-02
ENSG00000179431.7	80	89	1.000000000000000e-04	2.059376111200905e-02
ENSG00000179456.13	80	89	1.000000000000000e-04	2.059376111200905e-02
ENSG00000179476.9	80	89	1.000000000000000e-04	2.059376111200905e-02
ENSG00000179523.8	80	89	9.999000099990002e-05	2.059376111200905e-02
ENSG00000179526.18	80	89	9.999000099990002e-05	2.059376111200905e-02
ENSG00000179528.16	80	89	9.999000099990002e-05	2.059376111200905e-02
ENSG00000179604.11	80	89	1.000000000000000e-04	2.059376111200905e-02
ENSG00000179627.11	80	89	3.000000000000000e-04	5.194194863432531e-02
ENSG00000179630.12	80	89	9.999000099990002e-05	2.059376111200905e-02
ENSG00000179750.16	80	89	9.999000099990002e-05	2.059376111200905e-02
ENSG00000179832.19	80	89	3.000000000000000e-04	5.194194863432531e-02
ENSG00000179833.5	80	89	1.000000000000000e-04	2.059376111200905e-02
ENSG00000179912.22	80	89	5.999999999999999e-04	9.084748663101604e-02
ENSG00000179941.10	80	89	2.000000000000000e-04	3.728269202633504e-02
ENSG00000179943.9	80	89	5.999999999999999e-04	9.084748663101604e-02
ENSG00000179950.16	80	89	9.999000099990002e-05	2.059376111200905e-02
ENSG00000179958.10	80	89	9.999000099990002e-05	2.059376111200905e-02
ENSG00000179965.13	80	89	9.999000099990002e-05	2.059376111200905e-02
ENSG00000180198.18	80	89	4.000000000000000e-04	6.548302711036876e-02
ENSG00000180233.12	80	89	9.999000099990002e-05	2.059376111200905e-02
ENSG00000180447.7	80	89	9.999000099990002e-05	2.059376111200905e-02
ENSG00000180479.16	80	89	9.999000099990002e-05	2.059376111200905e-02
ENSG00000180628.16	80	89	1.000000000000000e-04	2.059376111200905e-02
ENSG00000180694.15	80	89	3.000000000000000e-04	5.194194863432531e-02
ENSG00000180787.7	80	89	5.999999999999999e-04	9.084748663101604e-02
ENSG00000180822.13	80	89	2.000000000000000e-04	3.728269202633504e-02
ENSG00000180875.6	80	89	9.999000099990002e-05	2.059376111200905e-02
ENSG00000180900.21	80	89	9.999000099990002e-05	2.059376111200905e-02
ENSG00000180938.7	80	89	5.000000000000000e-04	7.851466600936653e-02
ENSG00000180964.18	80	89	9.999000099990002e-05	2.059376111200905e-02
ENSG00000180979.11	80	89	2.000000000000000e-04	3.728269202633504e-02
ENSG00000181004.10	80	89	9.999000099990002e-05	2.059376111200905e-02
ENSG00000181007.10	80	89	1.000000000000000e-04	2.059376111200905e-02
ENSG00000181029.10	80	89	9.999000099990002e-05	2.059376111200905e-02
ENSG00000181038.15	80	89	9.999000099990002e-05	2.059376111200905e-02
ENSG00000181191.13	80	89	1.000000000000000e-04	2.059376111200905e-02
ENSG00000181218.6	80	89	1.000000000000000e-04	2.059376111200905e-02
ENSG00000181220.19	80	89	1.000000000000000e-04	2.059376111200905e-02
ENSG00000181418.8	80	89	9.999000099990002e-05	2.059376111200905e-02
ENSG00000181458.11	80	89	9.999000099990002e-05	2.059376111200905e-02
ENSG00000181513.16	80	89	9.999000099990002e-05	2.059376111200905e-02
ENSG00000181588.17	80	89	9.999000099990002e-05	2.059376111200905e-02
ENSG00000181625.19	80	89	9.999000099990002e-05	2.059376111200905e-02
ENSG00000181638.21	80	89	2.000000000000000e-04	3.728269202633504e-02
ENSG00000181666.20	80	89	1.000000000000000e-04	2.059376111200905e-02
ENSG00000181744.9	80	89	9.999000099990002e-05	2.059376111200905e-02
ENSG00000181773.8	80	89	9.999000099990002e-05	2.059376111200905e-02
ENSG00000181804.16	80	89	9.999000099990002e-05	2.059376111200905e-02
ENSG00000181827.17	80	89	5.999999999999999e-04	9.084748663101604e-02
ENSG00000181830.10	80	89	9.999000099990002e-05	2.059376111200905e-02
ENSG00000181852.19	80	89	9.999000099990002e-05	2.059376111200905e-02
ENSG00000181873.14	80	89	9.999000099990002e-05	2.059376111200905e-02
ENSG00000181894.16	80	89	2.000000000000000e-04	3.728269202633504e-02
ENSG00000181929.13	80	89	9.999000099990002e-05	2.059376111200905e-02
ENSG00000181938.15	80	89	9.999000099990002e-05	2.059376111200905e-02
ENSG00000181991.17	80	89	9.999000099990002e-05	2.059376111200905e-02
ENSG00000182095.15	80	89	1.000000000000000e-04	2.059376111200905e-02
ENSG00000182118.9	80	89	1.000000000000000e-04	2.059376111200905e-02
ENSG00000182141.11	80	89	9.999000099990002e-05	2.059376111200905e-02
ENSG00000182149.22	80	89	9.999000099990002e-05	2.059376111200905e-02
ENSG00000182154.8	80	89	9.999000099990002e-05	2.059376111200905e-02
ENSG00000182158.17	80	89	9.999000099990002e-05	2.059376111200905e-02
ENSG00000182175.15	80	89	9.999000099990002e-05	2.059376111200905e-02
ENSG00000182179.14	80	89	9.999000099990002e-05	2.059376111200905e-02
ENSG00000182247.12	80	89	9.999000099990002e-05	2.059376111200905e-02
ENSG00000182325.12	80	89	9.999000099990002e-05	2.059376111200905e-02
ENSG00000182326.18	80	89	9.999000099990002e-05	2.059376111200905e-02
ENSG00000182378.16	80	89	2.000000000000000e-04	3.728269202633504e-02
ENSG00000182379.10	80	89	1.000000000000000e-04	2.059376111200905e-02
ENSG00000182473.23	80	89	9.999000099990002e-05	2.059376111200905e-02
ENSG00000182481.11	80	89	9.999000099990002e-05	2.059376111200905e-02
ENSG00000182504.12	80	89	9.999000099990002e-05	2.059376111200905e-02
ENSG00000182541.19	80	89	2.000000000000000e-04	3.728269202633504e-02
ENSG00000182568.19	80	89	9.999000099990002e-05	2.059376111200905e-02
ENSG00000182578.15	80	89	9.999000099990002e-05	2.059376111200905e-02
ENSG00000182612.12	80	89	9.999000099990002e-05	2.059376111200905e-02
ENSG00000182667.15	80	89	5.999999999999999e-04	9.084748663101604e-02
ENSG00000182670.14	80	89	2.000000000000000e-04	3.728269202633504e-02
ENSG00000182700.5	80	89	9.999000099990002e-05	2.059376111200905e-02
ENSG00000182712.16	80	89	9.999000099990002e-05	2.059376111200905e-02
ENSG00000182752.10	80	89	4.000000000000000e-04	6.548302711036876e-02
ENSG00000182809.12	80	89	1.000000000000000e-04	2.059376111200905e-02
ENSG00000182872.17	80	89	9.999000099990002e-05	2.059376111200905e-02
ENSG00000182963.12	80	89	3.000000000000000e-04	5.194194863432531e-02
ENSG00000182979.19	80	89	5.000000000000000e-04	7.851466600936653e-02
ENSG00000183048.13	80	89	9.999000099990002e-05	2.059376111200905e-02
ENSG00000183049.14	80	89	9.999000099990002e-05	2.059376111200905e-02
ENSG00000183137.17	80	89	9.999000099990002e-05	2.059376111200905e-02
ENSG00000183155.6	80	89	9.999000099990002e-05	2.059376111200905e-02
ENSG00000183160.10	80	89	9.999000099990002e-05	2.059376111200905e-02
ENSG00000183207.16	80	89	9.999000099990002e-05	2.059376111200905e-02
ENSG00000183258.13	80	89	9.999000099990002e-05	2.059376111200905e-02
ENSG00000183281.16	80	89	9.999000099990002e-05	2.059376111200905e-02
ENSG00000183283.17	80	89	9.999000099990002e-05	2.059376111200905e-02
ENSG00000183291.18	80	89	9.999000099990002e-05	2.059376111200905e-02
ENSG00000183336.10	80	89	9.999000099990002e-05	2.059376111200905e-02
ENSG00000183337.19	80	89	1.000000000000000e-04	2.059376111200905e-02
ENSG00000183340.8	80	89	2.000000000000000e-04	3.728269202633504e-02
ENSG00000183401.13	80	89	9.999000099990002e-05	2.059376111200905e-02
ENSG00000183426.18	80	89	9.999000099990002e-05	2.059376111200905e-02
ENSG00000183458.15	80	89	9.999000099990002e-05	2.059376111200905e-02
ENSG00000183508.6	80	89	2.000000000000000e-04	3.728269202633504e-02
ENSG00000183513.10	80	89	9.999000099990002e-05	2.059376111200905e-02
ENSG00000183647.12	80	89	1.000000000000000e-04	2.059376111200905e-02
ENSG00000183655.14	80	89	9.999000099990002e-05	2.059376111200905e-02
ENSG00000183671.13	80	89	3.000000000000000e-04	5.194194863432531e-02
ENSG00000183684.9	80	89	4.000000000000000e-04	6.548302711036876e-02
ENSG00000183715.15	80	89	1.000000000000000e-04	2.059376111200905e-02
ENSG00000183722.10	80	89	9.999000099990002e-05	2.059376111200905e-02
ENSG00000183751.17	80	89	9.999000099990002e-05	2.059376111200905e-02
ENSG00000183762.14	80	89	5.000000000000000e-04	7.851466600936653e-02
ENSG00000183763.10	80	89	9.999000099990002e-05	2.059376111200905e-02
ENSG00000183775.11	80	89	1.000000000000000e-04	2.059376111200905e-02
ENSG00000183779.7	80	89	1.000000000000000e-04	2.059376111200905e-02
ENSG00000183801.9	80	89	1.000000000000000e-04	2.059376111200905e-02
ENSG00000183814.17	80	89	9.999000099990002e-05	2.059376111200905e-02
ENSG00000183856.12	80	89	9.999000099990002e-05	2.059376111200905e-02
ENSG00000183876.9	80	89	9.999000099990002e-05	2.059376111200905e-02
ENSG00000183878.17	80	89	3.000000000000000e-04	5.194194863432531e-02
ENSG00000183955.14	80	89	9.999000099990002e-05	2.059376111200905e-02
ENSG00000183963.20	80	89	9.999000099990002e-05	2.059376111200905e-02
ENSG00000184009.14	80	89	5.999999999999999e-04	9.084748663101604e-02
ENSG00000184162.16	80	89	1.000000000000000e-04	2.059376111200905e-02
ENSG00000184163.3	80	89	9.999000099990002e-05	2.059376111200905e-02
ENSG00000184164.16	80	89	9.999000099990002e-05	2.059376111200905e-02
ENSG00000184207.9	80	89	9.999000099990002e-05	2.059376111200905e-02
ENSG00000184216.16	80	89	2.000000000000000e-04	3.728269202633504e-02
ENSG00000184277.14	80	89	9.999000099990002e-05	2.059376111200905e-02
ENSG00000184281.16	80	89	9.999000099990002e-05	2.059376111200905e-02
ENSG00000184307.18	80	89	1.000000000000000e-04	2.059376111200905e-02
ENSG00000184347.16	80	89	9.999000099990002e-05	2.059376111200905e-02
ENSG00000184349.14	80	89	9.999000099990002e-05	2.059376111200905e-02
ENSG00000184363.11	80	89	2.000000000000000e-04	3.728269202633504e-02
ENSG00000184371.15	80	89	1.000000000000000e-04	2.059376111200905e-02
ENSG00000184381.21	80	89	9.999000099990002e-05	2.059376111200905e-02
ENSG00000184432.12	80	89	9.999000099990002e-05	2.059376111200905e-02
ENSG00000184441.4	80	89	9.999000099990002e-05	2.059376111200905e-02
ENSG00000184445.12	80	89	1.000000000000000e-04	2.059376111200905e-02
ENSG00000184500.17	80	89	9.999000099990002e-05	2.059376111200905e-02
ENSG00000184661.15	80	89	9.999000099990002e-05	2.059376111200905e-02
ENSG00000184743.14	80	89	9.999000099990002e-05	2.059376111200905e-02
ENSG00000184838.15	80	89	5.000000000000000e-04	7.851466600936653e-02
ENSG00000184887.15	80	89	9.999000099990002e-05	2.059376111200905e-02
ENSG00000184897.7	80	89	9.999000099990002e-05	2.059376111200905e-02
ENSG00000184898.7	80	89	9.999000099990002e-05	2.059376111200905e-02
ENSG00000184924.7	80	89	1.000000000000000e-04	2.059376111200905e-02
ENSG00000184967.8	80	89	1.000000000000000e-04	2.059376111200905e-02
ENSG00000184986.13	80	89	9.999000099990002e-05	2.059376111200905e-02
ENSG00000184990.14	80	89	9.999000099990002e-05	2.059376111200905e-02
ENSG00000184992.13	80	89	9.999000099990002e-05	2.059376111200905e-02
ENSG00000184995.7	80	89	2.000000000000000e-04	3.728269202633504e-02
ENSG00000185008.19	80	89	9.999000099990002e-05	2.059376111200905e-02
ENSG00000185009.14	80	89	9.999000099990002e-05	2.059376111200905e-02
ENSG00000185010.15	80	89	5.000000000000000e-04	7.851466600936653e-02
ENSG00000185024.19	80	89	9.999000099990002e-05	2.059376111200905e-02
ENSG00000185033.16	80	89	3.000000000000000e-04	5.194194863432531e-02
ENSG00000185088.15	80	89	9.999000099990002e-05	2.059376111200905e-02
ENSG00000185127.7	80	89	9.999000099990002e-05	2.059376111200905e-02
ENSG00000185163.11	80	89	9.999000099990002e-05	2.059376111200905e-02
ENSG00000185187.15	80	89	3.000000000000000e-04	5.194194863432531e-02
ENSG00000185236.13	80	89	9.999000099990002e-05	2.059376111200905e-02
ENSG00000185252.20	80	89	9.999000099990002e-05	2.059376111200905e-02
ENSG00000185261.16	80	89	9.999000099990002e-05	2.059376111200905e-02
ENSG00000185262.10	80	89	9.999000099990002e-05	2.059376111200905e-02
ENSG00000185269.13	80	89	9.999000099990002e-05	2.059376111200905e-02
ENSG00000185339.11	80	89	9.999000099990002e-05	2.059376111200905e-02
ENSG00000185340.17	80	89	9.999000099990002e-05	2.059376111200905e-02
ENSG00000185347.20	80	89	9.999000099990002e-05	2.059376111200905e-02
ENSG00000185361.10	80	89	2.000000000000000e-04	3.728269202633504e-02
ENSG00000185453.14	80	89	9.999000099990002e-05	2.059376111200905e-02
ENSG00000185480.13	80	89	2.000000000000000e-04	3.728269202633504e-02
ENSG00000185561.10	80	89	1.000000000000000e-04	2.059376111200905e-02
ENSG00000185585.21	80	89	9.999000099990002e-05	2.059376111200905e-02
ENSG00000185619.20	80	89	9.999000099990002e-05	2.059376111200905e-02
ENSG00000185651.17	80	89	9.999000099990002e-05	2.059376111200905e-02
ENSG00000185658.15	80	89	4.000000000000000e-04	6.548302711036876e-02
ENSG00000185697.18	80	89	3.000000000000000e-04	5.194194863432531e-02
ENSG00000185716.13	80	89	9.999000099990002e-05	2.059376111200905e-02
ENSG00000185787.17	80	89	9.999000099990002e-05	2.059376111200905e-02
ENSG00000185803.13	80	89	9.999000099990002e-05	2.059376111200905e-02
ENSG00000185838.15	80	89	9.999000099990002e-05	2.059376111200905e-02
ENSG00000185883.13	80	89	9.999000099990002e-05	2.059376111200905e-02
ENSG00000185946.17	80	89	9.999000099990002e-05	2.059376111200905e-02
ENSG00000185963.14	80	89	9.999000099990002e-05	2.059376111200905e-02
ENSG00000185972.6	80	89	9.999000099990002e-05	2.059376111200905e-02
ENSG00000185989.12	80	89	3.000000000000000e-04	5.194194863432531e-02
ENSG00000186017.17	80	89	9.999000099990002e-05	2.059376111200905e-02
ENSG00000186026.8	80	89	5.999999999999999e-04	9.084748663101604e-02
ENSG00000186111.12	80	89	1.000000000000000e-04	2.059376111200905e-02
ENSG00000186130.6	80	89	3.000000000000000e-04	5.194194863432531e-02
ENSG00000186185.15	80	89	9.999000099990002e-05	2.059376111200905e-02
ENSG00000186193.10	80	89	9.999000099990002e-05	2.059376111200905e-02
ENSG00000186272.14	80	89	9.999000099990002e-05	2.059376111200905e-02
ENSG00000186340.18	80	89	9.999000099990002e-05	2.059376111200905e-02
ENSG00000186350.12	80	89	9.999000099990002e-05	2.059376111200905e-02
ENSG00000186376.17	80	89	9.999000099990002e-05	2.059376111200905e-02
ENSG00000186417.16	80	89	9.999000099990002e-05	2.059376111200905e-02
ENSG00000186468.14	80	89	4.000000000000000e-04	6.548302711036876e-02
ENSG00000186493.14	80	89	1.000000000000000e-04	2.059376111200905e-02
ENSG00000186577.15	80	89	9.999000099990002e-05	2.059376111200905e-02
ENSG00000186603.7	80	89	9.999000099990002e-05	2.059376111200905e-02
ENSG00000186638.18	80	89	9.999000099990002e-05	2.059376111200905e-02
ENSG00000186812.14	80	89	1.000000000000000e-04	2.059376111200905e-02
ENSG00000186815.14	80	89	3.000000000000000e-04	5.194194863432531e-02
ENSG00000186871.7	80	89	9.999000099990002e-05	2.059376111200905e-02
ENSG00000186889.11	80	89	9.999000099990002e-05	2.059376111200905e-02
ENSG00000187024.16	80	89	9.999000099990002e-05	2.059376111200905e-02
ENSG00000187049.12	80	89	9.999000099990002e-05	2.059376111200905e-02
ENSG00000187051.10	80	89	9.999000099990002e-05	2.059376111200905e-02
ENSG00000187118.15	80	89	4.000000000000000e-04	6.548302711036876e-02
ENSG00000187186.16	80	89	9.999000099990002e-05	2.059376111200905e-02
ENSG00000187189.11	80	89	9.999000099990002e-05	2.059376111200905e-02
ENSG00000187193.10	80	89	3.000000000000000e-04	5.194194863432531e-02
ENSG00000187239.20	80	89	4.000000000000000e-04	6.548302711036876e-02
ENSG00000187240.18	80	89	9.999000099990002e-05	2.059376111200905e-02
ENSG00000187266.15	80	89	9.999000099990002e-05	2.059376111200905e-02
ENSG00000187391.23	80	89	9.999000099990002e-05	2.059376111200905e-02
ENSG00000187514.18	80	89	9.999000099990002e-05	2.059376111200905e-02
ENSG00000187531.15	80	89	9.999000099990002e-05	2.059376111200905e-02
ENSG00000187583.12	80	89	9.999000099990002e-05	2.059376111200905e-02
ENSG00000187601.5	80	89	9.999000099990002e-05	2.059376111200905e-02
ENSG00000187608.11	80	89	1.000000000000000e-04	2.059376111200905e-02
ENSG00000187634.14	80	89	9.999000099990002e-05	2.059376111200905e-02
ENSG00000187735.17	80	89	9.999000099990002e-05	2.059376111200905e-02
ENSG00000187741.17	80	89	9.999000099990002e-05	2.059376111200905e-02
ENSG00000187742.16	80	89	9.999000099990002e-05	2.059376111200905e-02
ENSG00000187840.6	80	89	1.000000000000000e-04	2.059376111200905e-02
ENSG00000187866.10	80	89	9.999000099990002e-05	2.059376111200905e-02
ENSG00000187951.11	80	89	5.999999999999999e-04	9.084748663101604e-02
ENSG00000187954.15	80	89	9.999000099990002e-05	2.059376111200905e-02
ENSG00000187961.16	80	89	9.999000099990002e-05	2.059376111200905e-02
ENSG00000188010.17	80	89	9.999000099990002e-05	2.059376111200905e-02
ENSG00000188021.9	80	89	9.999000099990002e-05	2.059376111200905e-02
ENSG00000188042.8	80	89	3.000000000000000e-04	5.194194863432531e-02
ENSG00000188064.10	80	89	1.000000000000000e-04	2.059376111200905e-02
ENSG00000188130.15	80	89	9.999000099990002e-05	2.059376111200905e-02
ENSG00000188229.7	80	89	9.999000099990002e-05	2.059376111200905e-02
ENSG00000188243.15	80	89	9.999000099990002e-05	2.059376111200905e-02
ENSG00000188283.13	80	89	9.999000099990002e-05	2.059376111200905e-02
ENSG00000188290.12	80	89	1.000000000000000e-04	2.059376111200905e-02
ENSG00000188312.15	80	89	9.999000099990002e-05	2.059376111200905e-02
ENSG00000188343.15	80	89	9.999000099990002e-05	2.059376111200905e-02
ENSG00000188368.12	80	89	9.999000099990002e-05	2.059376111200905e-02
ENSG00000188419.15	80	89	2.000000000000000e-04	3.728269202633504e-02
ENSG00000188483.8	80	89	9.999000099990002e-05	2.059376111200905e-02
ENSG00000188486.4	80	89	9.999000099990002e-05	2.059376111200905e-02
ENSG00000188522.17	80	89	9.999000099990002e-05	2.059376111200905e-02
ENSG00000188554.16	80	89	9.999000099990002e-05	2.059376111200905e-02
ENSG00000188566.16	80	89	9.999000099990002e-05	2.059376111200905e-02
ENSG00000188610.13	80	89	9.999000099990002e-05	2.059376111200905e-02
ENSG00000188612.13	80	89	2.000000000000000e-04	3.728269202633504e-02
ENSG00000188641.15	80	89	9.999000099990002e-05	2.059376111200905e-02
ENSG00000188677.15	80	89	1.000000000000000e-04	2.059376111200905e-02
ENSG00000188807.14	80	89	9.999000099990002e-05	2.059376111200905e-02
ENSG00000188827.12	80	89	9.999000099990002e-05	2.059376111200905e-02
ENSG00000188878.21	80	89	9.999000099990002e-05	2.059376111200905e-02
ENSG00000188906.18	80	89	9.999000099990002e-05	2.059376111200905e-02
ENSG00000188976.12	80	89	9.999000099990002e-05	2.059376111200905e-02
ENSG00000188986.9	80	89	9.999000099990002e-05	2.059376111200905e-02
ENSG00000188994.15	80	89	3.000000000000000e-04	5.194194863432531e-02
ENSG00000189042.15	80	89	9.999000099990002e-05	2.059376111200905e-02
ENSG00000189043.11	80	89	4.000000000000000e-04	6.548302711036876e-02
ENSG00000189050.17	80	89	9.999000099990002e-05	2.059376111200905e-02
ENSG00000189052.7	80	89	9.999000099990002e-05	2.059376111200905e-02
ENSG00000189057.12	80	89	9.999000099990002e-05	2.059376111200905e-02
ENSG00000189058.10	80	89	9.999000099990002e-05	2.059376111200905e-02
ENSG00000189067.16	80	89	9.999000099990002e-05	2.059376111200905e-02
ENSG00000189120.6	80	89	2.000000000000000e-04	3.728269202633504e-02
ENSG00000189143.10	80	89	9.999000099990002e-05	2.059376111200905e-02
ENSG00000189159.17	80	89	9.999000099990002e-05	2.059376111200905e-02
ENSG00000189171.17	80	89	3.000000000000000e-04	5.194194863432531e-02
ENSG00000189195.16	80	89	9.999000099990002e-05	2.059376111200905e-02
ENSG00000189221.12	80	89	1.000000000000000e-04	2.059376111200905e-02
ENSG00000189227.6	80	89	9.999000099990002e-05	2.059376111200905e-02
ENSG00000189306.13	80	89	9.999000099990002e-05	2.059376111200905e-02
ENSG00000189308.12	80	89	9.999000099990002e-05	2.059376111200905e-02
ENSG00000189319.15	80	89	9.999000099990002e-05	2.059376111200905e-02
ENSG00000189320.9	80	89	3.000000000000000e-04	5.194194863432531e-02
ENSG00000189369.9	80	89	9.999000099990002e-05	2.059376111200905e-02
ENSG00000196081.10	80	89	5.999999999999999e-04	9.084748663101604e-02
ENSG00000196118.13	80	89	9.999000099990002e-05	2.059376111200905e-02
ENSG00000196139.15	80	89	1.000000000000000e-04	2.059376111200905e-02
ENSG00000196141.15	80	89	9.999000099990002e-05	2.059376111200905e-02
ENSG00000196151.12	80	89	9.999000099990002e-05	2.059376111200905e-02
ENSG00000196159.14	80	89	1.000000000000000e-04	2.059376111200905e-02
ENSG00000196199.15	80	89	9.999000099990002e-05	2.059376111200905e-02
ENSG00000196205.8	80	89	3.000000000000000e-04	5.194194863432531e-02
ENSG00000196230.15	80	89	2.000000000000000e-04	3.728269202633504e-02
ENSG00000196268.12	80	89	9.999000099990002e-05	2.059376111200905e-02
ENSG00000196275.17	80	89	2.000000000000000e-04	3.728269202633504e-02
ENSG00000196295.14	80	89	9.999000099990002e-05	2.059376111200905e-02
ENSG00000196313.14	80	89	9.999000099990002e-05	2.059376111200905e-02
ENSG00000196323.15	80	89	9.999000099990002e-05	2.059376111200905e-02
ENSG00000196337.15	80	89	9.999000099990002e-05	2.059376111200905e-02
ENSG00000196357.13	80	89	1.000000000000000e-04	2.059376111200905e-02
ENSG00000196363.11	80	89	9.999000099990002e-05	2.059376111200905e-02
ENSG00000196365.13	80	89	1.000000000000000e-04	2.059376111200905e-02
ENSG00000196396.11	80	89	9.999000099990002e-05	2.059376111200905e-02
ENSG00000196405.14	80	89	9.999000099990002e-05	2.059376111200905e-02
ENSG00000196422.12	80	89	9.999000099990002e-05	2.059376111200905e-02
ENSG00000196453.9	80	89	9.999000099990002e-05	2.059376111200905e-02
ENSG00000196456.14	80	89	9.999000099990002e-05	2.059376111200905e-02
ENSG00000196470.13	80	89	9.999000099990002e-05	2.059376111200905e-02
ENSG00000196497.18	80	89	9.999000099990002e-05	2.059376111200905e-02
ENSG00000196498.16	80	89	9.999000099990002e-05	2.059376111200905e-02
ENSG00000196544.8	80	89	9.999000099990002e-05	2.059376111200905e-02
ENSG00000196549.14	80	89	9.999000099990002e-05	2.059376111200905e-02
ENSG00000196562.17	80	89	9.999000099990002e-05	2.059376111200905e-02
ENSG00000196584.4	80	89	9.999000099990002e-05	2.059376111200905e-02
ENSG00000196616.16	80	89	9.999000099990002e-05	2.059376111200905e-02
ENSG00000196642.20	80	89	9.999000099990002e-05	2.059376111200905e-02
ENSG00000196653.13	80	89	9.999000099990002e-05	2.059376111200905e-02
ENSG00000196683.12	80	89	9.999000099990002e-05	2.059376111200905e-02
ENSG00000196704.15	80	89	9.999000099990002e-05	2.059376111200905e-02
ENSG00000196730.14	80	89	2.000000000000000e-04	3.728269202633504e-02
ENSG00000196741.6	80	89	9.999000099990002e-05	2.059376111200905e-02
ENSG00000196776.18	80	89	9.999000099990002e-05	2.059376111200905e-02
ENSG00000196787.5	80	89	1.000000000000000e-04	2.059376111200905e-02
ENSG00000196878.16	80	89	9.999000099990002e-05	2.059376111200905e-02
ENSG00000196937.13	80	89	5.000000000000000e-04	7.851466600936653e-02
ENSG00000196954.14	80	89	9.999000099990002e-05	2.059376111200905e-02
ENSG00000196961.14	80	89	1.000000000000000e-04	2.059376111200905e-02
ENSG00000196968.11	80	89	9.999000099990002e-05	2.059376111200905e-02
ENSG00000196981.5	80	89	1.000000000000000e-04	2.059376111200905e-02
ENSG00000197006.16	80	89	5.000000000000000e-04	7.851466600936653e-02
ENSG00000197016.13	80	89	9.999000099990002e-05	2.059376111200905e-02
ENSG00000197019.6	80	89	9.999000099990002e-05	2.059376111200905e-02
ENSG00000197062.13	80	89	4.000000000000000e-04	6.548302711036876e-02
ENSG00000197106.8	80	89	4.000000000000000e-04	6.548302711036876e-02
ENSG00000197114.13	80	89	9.999000099990002e-05	2.059376111200905e-02
ENSG00000197136.6	80	89	9.999000099990002e-05	2.059376111200905e-02
ENSG00000197150.14	80	89	9.999000099990002e-05	2.059376111200905e-02
ENSG00000197182.17	80	89	9.999000099990002e-05	2.059376111200905e-02
ENSG00000197256.12	80	89	1.000000000000000e-04	2.059376111200905e-02
ENSG00000197275.15	80	89	9.999000099990002e-05	2.059376111200905e-02
ENSG00000197299.14	80	89	9.999000099990002e-05	2.059376111200905e-02
ENSG00000197301.7	80	89	2.000000000000000e-04	3.728269202633504e-02
ENSG00000197332.10	80	89	9.999000099990002e-05	2.059376111200905e-02
ENSG00000197362.16	80	89	3.000000000000000e-04	5.194194863432531e-02
ENSG00000197381.19	80	89	5.000000000000000e-04	7.851466600936653e-02
ENSG00000197415.13	80	89	9.999000099990002e-05	2.059376111200905e-02
ENSG00000197417.9	80	89	3.000000000000000e-04	5.194194863432531e-02
ENSG00000197448.15	80	89	5.999999999999999e-04	9.084748663101604e-02
ENSG00000197451.13	80	89	9.999000099990002e-05	2.059376111200905e-02
ENSG00000197465.14	80	89	2.000000000000000e-04	3.728269202633504e-02
ENSG00000197467.17	80	89	5.000000000000000e-04	7.851466600936653e-02
ENSG00000197483.11	80	89	9.999000099990002e-05	2.059376111200905e-02
ENSG00000197496.7	80	89	9.999000099990002e-05	2.059376111200905e-02
ENSG00000197530.14	80	89	9.999000099990002e-05	2.059376111200905e-02
ENSG00000197535.16	80	89	9.999000099990002e-05	2.059376111200905e-02
ENSG00000197536.12	80	89	9.999000099990002e-05	2.059376111200905e-02
ENSG00000197557.7	80	89	9.999000099990002e-05	2.059376111200905e-02
ENSG00000197562.11	80	89	2.000000000000000e-04	3.728269202633504e-02
ENSG00000197568.16	80	89	9.999000099990002e-05	2.059376111200905e-02
ENSG00000197646.9	80	89	1.000000000000000e-04	2.059376111200905e-02
ENSG00000197746.16	80	89	9.999000099990002e-05	2.059376111200905e-02
ENSG00000197776.9	80	89	2.000000000000000e-04	3.728269202633504e-02
ENSG00000197785.15	80	89	9.999000099990002e-05	2.059376111200905e-02
ENSG00000197798.10	80	89	1.000000000000000e-04	2.059376111200905e-02
ENSG00000197858.13	80	89	9.999000099990002e-05	2.059376111200905e-02
ENSG00000197860.11	80	89	2.000000000000000e-04	3.728269202633504e-02
ENSG00000197885.12	80	89	4.000000000000000e-04	6.548302711036876e-02
ENSG00000197894.13	80	89	9.999000099990002e-05	2.059376111200905e-02
ENSG00000197905.10	80	89	2.000000000000000e-04	3.728269202633504e-02
ENSG00000197951.12	80	89	9.999000099990002e-05	2.059376111200905e-02
ENSG00000197958.14	80	89	9.999000099990002e-05	2.059376111200905e-02
ENSG00000197971.16	80	89	1.000000000000000e-04	2.059376111200905e-02
ENSG00000197976.13	80	89	9.999000099990002e-05	2.059376111200905e-02
ENSG00000198001.17	80	89	9.999000099990002e-05	2.059376111200905e-02
ENSG00000198026.9	80	89	9.999000099990002e-05	2.059376111200905e-02
ENSG00000198040.12	80	89	5.000000000000000e-04	7.851466600936653e-02
ENSG00000198046.14	80	89	9.999000099990002e-05	2.059376111200905e-02
ENSG00000198055.12	80	89	9.999000099990002e-05	2.059376111200905e-02
ENSG00000198056.17	80	89	9.999000099990002e-05	2.059376111200905e-02
ENSG00000198113.4	80	89	5.000000000000000e-04	7.851466600936653e-02
ENSG00000198146.5	80	89	2.000000000000000e-04	3.728269202633504e-02
ENSG00000198171.14	80	89	9.999000099990002e-05	2.059376111200905e-02
ENSG00000198176.14	80	89	9.999000099990002e-05	2.059376111200905e-02
ENSG00000198189.12	80	89	9.999000099990002e-05	2.059376111200905e-02
ENSG00000198205.7	80	89	9.999000099990002e-05	2.059376111200905e-02
ENSG00000198242.15	80	89	9.999000099990002e-05	2.059376111200905e-02
ENSG00000198276.17	80	89	9.999000099990002e-05	2.059376111200905e-02
ENSG00000198315.12	80	89	5.999999999999999e-04	9.084748663101604e-02
ENSG00000198331.12	80	89	9.999000099990002e-05	2.059376111200905e-02
ENSG00000198355.6	80	89	9.999000099990002e-05	2.059376111200905e-02
ENSG00000198406.7	80	89	1.000000000000000e-04	2.059376111200905e-02
ENSG00000198408.15	80	89	3.000000000000000e-04	5.194194863432531e-02
ENSG00000198453.16	80	89	3.000000000000000e-04	5.194194863432531e-02
ENSG00000198455.5	80	89	9.999000099990002e-05	2.059376111200905e-02
ENSG00000198478.10	80	89	9.999000099990002e-05	2.059376111200905e-02
ENSG00000198498.11	80	89	2.000000000000000e-04	3.728269202633504e-02
ENSG00000198517.11	80	89	9.999000099990002e-05	2.059376111200905e-02
ENSG00000198554.13	80	89	9.999000099990002e-05	2.059376111200905e-02
ENSG00000198576.4	80	89	9.999000099990002e-05	2.059376111200905e-02
ENSG00000198598.8	80	89	1.000000000000000e-04	2.059376111200905e-02
ENSG00000198642.8	80	89	5.000000000000000e-04	7.851466600936653e-02
ENSG00000198673.12	80	89	9.999000099990002e-05	2.059376111200905e-02
ENSG00000198677.14	80	89	3.000000000000000e-04	5.194194863432531e-02
ENSG00000198680.6	80	89	1.000000000000000e-04	2.059376111200905e-02
ENSG00000198695.2	80	89	9.999000099990002e-05	2.059376111200905e-02
ENSG00000198730.10	80	89	9.999000099990002e-05	2.059376111200905e-02
ENSG00000198740.10	80	89	9.999000099990002e-05	2.059376111200905e-02
ENSG00000198742.11	80	89	9.999000099990002e-05	2.059376111200905e-02
ENSG00000198768.12	80	89	9.999000099990002e-05	2.059376111200905e-02
ENSG00000198774.5	80	89	2.000000000000000e-04	3.728269202633504e-02
ENSG00000198783.6	80	89	2.000000000000000e-04	3.728269202633504e-02
ENSG00000198795.12	80	89	1.000000000000000e-04	2.059376111200905e-02
ENSG00000198796.8	80	89	1.000000000000000e-04	2.059376111200905e-02
ENSG00000198805.13	80	89	9.999000099990002e-05	2.059376111200905e-02
ENSG00000198826.12	80	89	9.999000099990002e-05	2.059376111200905e-02
ENSG00000198833.8	80	89	9.999000099990002e-05	2.059376111200905e-02
ENSG00000198839.11	80	89	9.999000099990002e-05	2.059376111200905e-02
ENSG00000198846.7	80	89	2.000000000000000e-04	3.728269202633504e-02
ENSG00000198863.9	80	89	5.999999999999999e-04	9.084748663101604e-02
ENSG00000198901.15	80	89	9.999000099990002e-05	2.059376111200905e-02
ENSG00000198918.9	80	89	9.999000099990002e-05	2.059376111200905e-02
ENSG00000198919.14	80	89	3.000000000000000e-04	5.194194863432531e-02
ENSG00000198939.9	80	89	9.999000099990002e-05	2.059376111200905e-02
ENSG00000198945.9	80	89	1.000000000000000e-04	2.059376111200905e-02
ENSG00000203279.7	80	89	4.000000000000000e-04	6.548302711036876e-02
ENSG00000203392.3	80	89	2.000000000000000e-04	3.728269202633504e-02
ENSG00000203485.15	80	89	9.999000099990002e-05	2.059376111200905e-02
ENSG00000203601.4	80	89	4.000000000000000e-04	6.548302711036876e-02
ENSG00000203644.3	80	89	9.999000099990002e-05	2.059376111200905e-02
ENSG00000203667.11	80	89	5.000000000000000e-04	7.851466600936653e-02
ENSG00000203709.15	80	89	1.000000000000000e-04	2.059376111200905e-02
ENSG00000203760.10	80	89	9.999000099990002e-05	2.059376111200905e-02
ENSG00000203880.14	80	89	9.999000099990002e-05	2.059376111200905e-02
ENSG00000203896.11	80	89	9.999000099990002e-05	2.059376111200905e-02
ENSG00000203965.14	80	89	5.999999999999999e-04	9.084748663101604e-02
ENSG00000203999.11	80	89	3.000000000000000e-04	5.194194863432531e-02
ENSG00000204054.15	80	89	9.999000099990002e-05	2.059376111200905e-02
ENSG00000204084.15	80	89	9.999000099990002e-05	2.059376111200905e-02
ENSG00000204160.13	80	89	9.999000099990002e-05	2.059376111200905e-02
ENSG00000204227.6	80	89	9.999000099990002e-05	2.059376111200905e-02
ENSG00000204237.6	80	89	9.999000099990002e-05	2.059376111200905e-02
ENSG00000204271.13	80	89	9.999000099990002e-05	2.059376111200905e-02
ENSG00000204311.16	80	89	9.999000099990002e-05	2.059376111200905e-02
ENSG00000204316.14	80	89	9.999000099990002e-05	2.059376111200905e-02
ENSG00000204351.14	80	89	5.000000000000000e-04	7.851466600936653e-02
ENSG00000204370.15	80	89	9.999000099990002e-05	2.059376111200905e-02
ENSG00000204387.15	80	89	9.999000099990002e-05	2.059376111200905e-02
ENSG00000204392.12	80	89	9.999000099990002e-05	2.059376111200905e-02
ENSG00000204410.16	80	89	1.000000000000000e-04	2.059376111200905e-02
ENSG00000204427.13	80	89	9.999000099990002e-05	2.059376111200905e-02
ENSG00000204560.11	80	89	1.000000000000000e-04	2.059376111200905e-02
ENSG00000204592.10	80	89	5.999999999999999e-04	9.084748663101604e-02
ENSG00000204634.14	80	89	9.999000099990002e-05	2.059376111200905e-02
ENSG00000204673.12	80	89	1.000000000000000e-04	2.059376111200905e-02
ENSG00000204713.12	80	89	9.999000099990002e-05	2.059376111200905e-02
ENSG00000204822.8	80	89	9.999000099990002e-05	2.059376111200905e-02
ENSG00000204852.18	80	89	9.999000099990002e-05	2.059376111200905e-02
ENSG00000204920.12	80	89	2.000000000000000e-04	3.728269202633504e-02
ENSG00000204922.6	80	89	1.000000000000000e-04	2.059376111200905e-02
ENSG00000204977.11	80	89	3.000000000000000e-04	5.194194863432531e-02
ENSG00000205221.14	80	89	9.999000099990002e-05	2.059376111200905e-02
ENSG00000205302.8	80	89	9.999000099990002e-05	2.059376111200905e-02
ENSG00000205426.11	80	89	9.999000099990002e-05	2.059376111200905e-02
ENSG00000205476.9	80	89	9.999000099990002e-05	2.059376111200905e-02
ENSG00000205609.14	80	89	1.000000000000000e-04	2.059376111200905e-02
ENSG00000205670.13	80	89	9.999000099990002e-05	2.059376111200905e-02
ENSG00000205707.12	80	89	3.000000000000000e-04	5.194194863432531e-02
ENSG00000205746.10	80	89	9.999000099990002e-05	2.059376111200905e-02
ENSG00000205765.11	80	89	9.999000099990002e-05	2.059376111200905e-02
ENSG00000205885.9	80	89	4.000000000000000e-04	6.548302711036876e-02
ENSG00000205937.12	80	89	9.999000099990002e-05	2.059376111200905e-02
ENSG00000205978.7	80	89	3.000000000000000e-04	5.194194863432531e-02
ENSG00000206053.14	80	89	9.999000099990002e-05	2.059376111200905e-02
ENSG00000206195.12	80	89	9.999000099990002e-05	2.059376111200905e-02
ENSG00000206418.5	80	89	9.999000099990002e-05	2.059376111200905e-02
ENSG00000206538.10	80	89	9.999000099990002e-05	2.059376111200905e-02
ENSG00000212724.3	80	89	9.999000099990002e-05	2.059376111200905e-02
ENSG00000213024.14	80	89	2.000000000000000e-04	3.728269202633504e-02
ENSG00000213030.7	80	89	9.999000099990002e-05	2.059376111200905e-02
ENSG00000213178.3	80	89	2.000000000000000e-04	3.728269202633504e-02
ENSG00000213185.8	80	89	4.000000000000000e-04	6.548302711036876e-02
ENSG00000213214.7	80	89	4.000000000000000e-04	6.548302711036876e-02
ENSG00000213221.6	80	89	9.999000099990002e-05	2.059376111200905e-02
ENSG00000213235.3	80	89	5.000000000000000e-04	7.851466600936653e-02
ENSG00000213337.10	80	89	9.999000099990002e-05	2.059376111200905e-02
ENSG00000213347.12	80	89	9.999000099990002e-05	2.059376111200905e-02
ENSG00000213366.14	80	89	9.999000099990002e-05	2.059376111200905e-02
ENSG00000213551.8	80	89	9.999000099990002e-05	2.059376111200905e-02
ENSG00000213563.7	80	89	5.999999999999999e-04	9.084748663101604e-02
ENSG00000213599.10	80	89	1.000000000000000e-04	2.059376111200905e-02
ENSG00000213614.12	80	89	9.999000099990002e-05	2.059376111200905e-02
ENSG00000213625.9	80	89	1.000000000000000e-04	2.059376111200905e-02
ENSG00000213638.7	80	89	9.999000099990002e-05	2.059376111200905e-02
ENSG00000213639.12	80	89	1.000000000000000e-04	2.059376111200905e-02
ENSG00000213782.8	80	89	9.999000099990002e-05	2.059376111200905e-02
ENSG00000213859.8	80	89	9.999000099990002e-05	2.059376111200905e-02
ENSG00000213888.4	80	89	9.999000099990002e-05	2.059376111200905e-02
ENSG00000213923.14	80	89	1.000000000000000e-04	2.059376111200905e-02
ENSG00000213949.10	80	89	4.000000000000000e-04	6.548302711036876e-02
ENSG00000213967.12	80	89	9.999000099990002e-05	2.059376111200905e-02
ENSG00000213988.11	80	89	9.999000099990002e-05	2.059376111200905e-02
ENSG00000214021.19	80	89	9.999000099990002e-05	2.059376111200905e-02
ENSG00000214022.13	80	89	1.000000000000000e-04	2.059376111200905e-02
ENSG00000214309.6	80	89	4.000000000000000e-04	6.548302711036876e-02
ENSG00000214558.5	80	89	1.000000000000000e-04	2.059376111200905e-02
ENSG00000214575.11	80	89	9.999000099990002e-05	2.059376111200905e-02
ENSG00000214706.13	80	89	9.999000099990002e-05	2.059376111200905e-02
ENSG00000214719.14	80	89	9.999000099990002e-05	2.059376111200905e-02
ENSG00000215039.10	80	89	9.999000099990002e-05	2.059376111200905e-02
ENSG00000215193.15	80	89	5.999999999999999e-04	9.084748663101604e-02
ENSG00000215386.16	80	89	1.000000000000000e-04	2.059376111200905e-02
ENSG00000215717.8	80	89	9.999000099990002e-05	2.059376111200905e-02
ENSG00000215769.9	80	89	9.999000099990002e-05	2.059376111200905e-02
ENSG00000215784.7	80	89	9.999000099990002e-05	2.059376111200905e-02
ENSG00000217128.14	80	89	9.999000099990002e-05	2.059376111200905e-02
ENSG00000217555.13	80	89	2.000000000000000e-04	3.728269202633504e-02
ENSG00000218980.2	80	89	5.000000000000000e-04	7.851466600936653e-02
ENSG00000219545.13	80	89	9.999000099990002e-05	2.059376111200905e-02
ENSG00000219626.10	80	89	9.999000099990002e-05	2.059376111200905e-02
ENSG00000219928.2	80	89	1.000000000000000e-04	2.059376111200905e-02
ENSG00000220205.11	80	89	9.999000099990002e-05	2.059376111200905e-02
ENSG00000221821.4	80	89	9.999000099990002e-05	2.059376111200905e-02
ENSG00000221829.12	80	89	9.999000099990002e-05	2.059376111200905e-02
ENSG00000221869.5	80	89	9.999000099990002e-05	2.059376111200905e-02
ENSG00000221909.4	80	89	9.999000099990002e-05	2.059376111200905e-02
ENSG00000221926.14	80	89	9.999000099990002e-05	2.059376111200905e-02
ENSG00000221990.5	80	89	4.000000000000000e-04	6.548302711036876e-02
ENSG00000222032.3	80	89	9.999000099990002e-05	2.059376111200905e-02
ENSG00000223501.10	80	89	1.000000000000000e-04	2.059376111200905e-02
ENSG00000223784.3	80	89	9.999000099990002e-05	2.059376111200905e-02
ENSG00000223822.2	80	89	9.999000099990002e-05	2.059376111200905e-02
ENSG00000223891.8	80	89	9.999000099990002e-05	2.059376111200905e-02
ENSG00000224032.10	80	89	5.000000000000000e-04	7.851466600936653e-02
ENSG00000224051.8	80	89	9.999000099990002e-05	2.059376111200905e-02
ENSG00000224505.5	80	89	4.000000000000000e-04	6.548302711036876e-02
ENSG00000224596.10	80	89	9.999000099990002e-05	2.059376111200905e-02
ENSG00000224660.2	80	89	9.999000099990002e-05	2.059376111200905e-02
ENSG00000224861.1	80	89	1.000000000000000e-04	2.059376111200905e-02
ENSG00000225031.1	80	89	9.999000099990002e-05	2.059376111200905e-02
ENSG00000225096.4	80	89	5.000000000000000e-04	7.851466600936653e-02
ENSG00000225663.9	80	89	9.999000099990002e-05	2.059376111200905e-02
ENSG00000225953.6	80	89	9.999000099990002e-05	2.059376111200905e-02
ENSG00000226237.5	80	89	9.999000099990002e-05	2.059376111200905e-02
ENSG00000226516.8	80	89	2.000000000000000e-04	3.728269202633504e-02
ENSG00000226564.1	80	89	9.999000099990002e-05	2.059376111200905e-02
ENSG00000226688.10	80	89	9.999000099990002e-05	2.059376111200905e-02
ENSG00000226696.9	80	89	1.000000000000000e-04	2.059376111200905e-02
ENSG00000226824.9	80	89	1.000000000000000e-04	2.059376111200905e-02
ENSG00000226889.5	80	89	9.999000099990002e-05	2.059376111200905e-02
ENSG00000226935.7	80	89	2.000000000000000e-04	3.728269202633504e-02
ENSG00000226992.2	80	89	9.999000099990002e-05	2.059376111200905e-02
ENSG00000227145.3	80	89	9.999000099990002e-05	2.059376111200905e-02
ENSG00000227946.4	80	89	2.000000000000000e-04	3.728269202633504e-02
ENSG00000227963.3	80	89	9.999000099990002e-05	2.059376111200905e-02
ENSG00000228223.4	80	89	2.000000000000000e-04	3.728269202633504e-02
ENSG00000228300.15	80	89	1.000000000000000e-04	2.059376111200905e-02
ENSG00000228315.13	80	89	1.000000000000000e-04	2.059376111200905e-02
ENSG00000228486.11	80	89	4.000000000000000e-04	6.548302711036876e-02
ENSG00000228526.9	80	89	9.999000099990002e-05	2.059376111200905e-02
ENSG00000228570.8	80	89	5.000000000000000e-04	7.851466600936653e-02
ENSG00000228594.4	80	89	9.999000099990002e-05	2.059376111200905e-02
ENSG00000228649.12	80	89	1.000000000000000e-04	2.059376111200905e-02
ENSG00000228672.4	80	89	9.999000099990002e-05	2.059376111200905e-02
ENSG00000228716.8	80	89	1.000000000000000e-04	2.059376111200905e-02
ENSG00000228784.10	80	89	1.000000000000000e-04	2.059376111200905e-02
ENSG00000228998.4	80	89	4.000000000000000e-04	6.548302711036876e-02
ENSG00000229124.9	80	89	9.999000099990002e-05	2.059376111200905e-02
ENSG00000229152.2	80	89	9.999000099990002e-05	2.059376111200905e-02
ENSG00000229847.10	80	89	9.999000099990002e-05	2.059376111200905e-02
ENSG00000229931.4	80	89	9.999000099990002e-05	2.059376111200905e-02
ENSG00000230043.1	80	89	1.000000000000000e-04	2.059376111200905e-02
ENSG00000230074.6	80	89	9.999000099990002e-05	2.059376111200905e-02
ENSG00000230091.7	80	89	4.000000000000000e-04	6.548302711036876e-02
ENSG00000230290.2	80	89	1.000000000000000e-04	2.059376111200905e-02
ENSG00000230551.4	80	89	5.000000000000000e-04	7.851466600936653e-02
ENSG00000230590.13	80	89	9.999000099990002e-05	2.059376111200905e-02
ENSG00000230630.6	80	89	1.000000000000000e-04	2.059376111200905e-02
ENSG00000230918.4	80	89	4.000000000000000e-04	6.548302711036876e-02
ENSG00000230989.9	80	89	9.999000099990002e-05	2.059376111200905e-02
ENSG00000231160.13	80	89	9.999000099990002e-05	2.059376111200905e-02
ENSG00000231290.8	80	89	9.999000099990002e-05	2.059376111200905e-02
ENSG00000231298.9	80	89	2.000000000000000e-04	3.728269202633504e-02
ENSG00000231312.9	80	89	2.000000000000000e-04	3.728269202633504e-02
ENSG00000231672.9	80	89	2.000000000000000e-04	3.728269202633504e-02
ENSG00000231789.5	80	89	2.000000000000000e-04	3.728269202633504e-02
ENSG00000231890.11	80	89	1.000000000000000e-04	2.059376111200905e-02
ENSG00000232434.4	80	89	9.999000099990002e-05	2.059376111200905e-02
ENSG00000232453.8	80	89	2.000000000000000e-04	3.728269202633504e-02
ENSG00000232573.1	80	89	1.000000000000000e-04	2.059376111200905e-02
ENSG00000232788.3	80	89	5.000000000000000e-04	7.851466600936653e-02
ENSG00000232818.2	80	89	5.999999999999999e-04	9.084748663101604e-02
ENSG00000232855.8	80	89	9.999000099990002e-05	2.059376111200905e-02
ENSG00000232859.11	80	89	1.000000000000000e-04	2.059376111200905e-02
ENSG00000232931.7	80	89	1.000000000000000e-04	2.059376111200905e-02
ENSG00000233024.7	80	89	9.999000099990002e-05	2.059376111200905e-02
ENSG00000233178.8	80	89	3.000000000000000e-04	5.194194863432531e-02
ENSG00000233384.4	80	89	5.000000000000000e-04	7.851466600936653e-02
ENSG00000233396.10	80	89	1.000000000000000e-04	2.059376111200905e-02
ENSG00000233554.7	80	89	9.999000099990002e-05	2.059376111200905e-02
ENSG00000233901.9	80	89	9.999000099990002e-05	2.059376111200905e-02
ENSG00000234456.11	80	89	9.999000099990002e-05	2.059376111200905e-02
ENSG00000234546.6	80	89	9.999000099990002e-05	2.059376111200905e-02
ENSG00000234608.10	80	89	1.000000000000000e-04	2.059376111200905e-02
ENSG00000234684.9	80	89	5.000000000000000e-04	7.851466600936653e-02
ENSG00000234741.11	80	89	9.999000099990002e-05	2.059376111200905e-02
ENSG00000234857.2	80	89	1.000000000000000e-04	2.059376111200905e-02
ENSG00000235092.8	80	89	4.000000000000000e-04	6.548302711036876e-02
ENSG00000235173.7	80	89	9.999000099990002e-05	2.059376111200905e-02
ENSG00000235288.4	80	89	3.000000000000000e-04	5.194194863432531e-02
ENSG00000235531.12	80	89	3.000000000000000e-04	5.194194863432531e-02
ENSG00000235636.1	80	89	1.000000000000000e-04	2.059376111200905e-02
ENSG00000235823.6	80	89	1.000000000000000e-04	2.059376111200905e-02
ENSG00000235859.5	80	89	4.000000000000000e-04	6.548302711036876e-02
ENSG00000235997.5	80	89	1.000000000000000e-04	2.059376111200905e-02
ENSG00000236287.9	80	89	9.999000099990002e-05	2.059376111200905e-02
ENSG00000236432.8	80	89	9.999000099990002e-05	2.059376111200905e-02
ENSG00000236548.4	80	89	1.000000000000000e-04	2.059376111200905e-02
ENSG00000236859.9	80	89	2.000000000000000e-04	3.728269202633504e-02
ENSG00000237125.14	80	89	1.000000000000000e-04	2.059376111200905e-02
ENSG00000237188.6	80	89	9.999000099990002e-05	2.059376111200905e-02
ENSG00000237190.4	80	89	9.999000099990002e-05	2.059376111200905e-02
ENSG00000237649.9	80	89	1.000000000000000e-04	2.059376111200905e-02
ENSG00000237765.9	80	89	9.999000099990002e-05	2.059376111200905e-02
ENSG00000237803.7	80	89	2.000000000000000e-04	3.728269202633504e-02
ENSG00000238227.9	80	89	9.999000099990002e-05	2.059376111200905e-02
ENSG00000239305.8	80	89	9.999000099990002e-05	2.059376111200905e-02
ENSG00000239306.6	80	89	9.999000099990002e-05	2.059376111200905e-02
ENSG00000239672.9	80	89	9.999000099990002e-05	2.059376111200905e-02
ENSG00000239857.8	80	89	1.000000000000000e-04	2.059376111200905e-02
ENSG00000240184.7	80	89	9.999000099990002e-05	2.059376111200905e-02
ENSG00000240303.9	80	89	9.999000099990002e-05	2.059376111200905e-02
ENSG00000240583.15	80	89	9.999000099990002e-05	2.059376111200905e-02
ENSG00000240682.11	80	89	3.000000000000000e-04	5.194194863432531e-02
ENSG00000240764.4	80	89	3.000000000000000e-04	5.194194863432531e-02
ENSG00000240771.9	80	89	9.999000099990002e-05	2.059376111200905e-02
ENSG00000240809.1	80	89	1.000000000000000e-04	2.059376111200905e-02
ENSG00000240972.3	80	89	9.999000099990002e-05	2.059376111200905e-02
ENSG00000241360.2	80	89	9.999000099990002e-05	2.059376111200905e-02
ENSG00000241399.8	80	89	9.999000099990002e-05	2.059376111200905e-02
ENSG00000241472.9	80	89	1.000000000000000e-04	2.059376111200905e-02
ENSG00000241553.14	80	89	9.999000099990002e-05	2.059376111200905e-02
ENSG00000241634.1	80	89	9.999000099990002e-05	2.059376111200905e-02
ENSG00000241644.2	80	89	9.999000099990002e-05	2.059376111200905e-02
ENSG00000241684.9	80	89	2.000000000000000e-04	3.728269202633504e-02
ENSG00000241697.6	80	89	9.999000099990002e-05	2.059376111200905e-02
ENSG00000242114.7	80	89	9.999000099990002e-05	2.059376111200905e-02
ENSG00000242147.4	80	89	1.000000000000000e-04	2.059376111200905e-02
ENSG00000242259.10	80	89	3.000000000000000e-04	5.194194863432531e-02
ENSG00000242612.8	80	89	4.000000000000000e-04	6.548302711036876e-02
ENSG00000242616.5	80	89	1.000000000000000e-04	2.059376111200905e-02
ENSG00000242802.10	80	89	9.999000099990002e-05	2.059376111200905e-02
ENSG00000242861.1	80	89	9.999000099990002e-05	2.059376111200905e-02
ENSG00000243056.2	80	89	2.000000000000000e-04	3.728269202633504e-02
ENSG00000243156.9	80	89	9.999000099990002e-05	2.059376111200905e-02
ENSG00000243199.1	80	89	9.999000099990002e-05	2.059376111200905e-02
ENSG00000243207.6	80	89	9.999000099990002e-05	2.059376111200905e-02
ENSG00000243244.8	80	89	1.000000000000000e-04	2.059376111200905e-02
ENSG00000243335.10	80	89	9.999000099990002e-05	2.059376111200905e-02
ENSG00000243449.9	80	89	9.999000099990002e-05	2.059376111200905e-02
ENSG00000243509.7	80	89	1.000000000000000e-04	2.059376111200905e-02
ENSG00000243646.12	80	89	9.999000099990002e-05	2.059376111200905e-02
ENSG00000243725.8	80	89	9.999000099990002e-05	2.059376111200905e-02
ENSG00000243749.3	80	89	9.999000099990002e-05	2.059376111200905e-02
ENSG00000243978.9	80	89	2.000000000000000e-04	3.728269202633504e-02
ENSG00000244270.1	80	89	9.999000099990002e-05	2.059376111200905e-02
ENSG00000244300.4	80	89	3.000000000000000e-04	5.194194863432531e-02
ENSG00000244398.1	80	89	9.999000099990002e-05	2.059376111200905e-02
ENSG00000244405.9	80	89	9.999000099990002e-05	2.059376111200905e-02
ENSG00000244694.8	80	89	2.000000000000000e-04	3.728269202633504e-02
ENSG00000244754.10	80	89	9.999000099990002e-05	2.059376111200905e-02
ENSG00000245060.9	80	89	1.000000000000000e-04	2.059376111200905e-02
ENSG00000245149.7	80	89	9.999000099990002e-05	2.059376111200905e-02
ENSG00000245205.3	80	89	5.999999999999999e-04	9.084748663101604e-02
ENSG00000245522.2	80	89	9.999000099990002e-05	2.059376111200905e-02
ENSG00000245573.10	80	89	3.000000000000000e-04	5.194194863432531e-02
ENSG00000245694.13	80	89	9.999000099990002e-05	2.059376111200905e-02
ENSG00000245812.6	80	89	3.000000000000000e-04	5.194194863432531e-02
ENSG00000245849.9	80	89	1.000000000000000e-04	2.059376111200905e-02
ENSG00000246090.10	80	89	5.000000000000000e-04	7.851466600936653e-02
ENSG00000246430.10	80	89	2.000000000000000e-04	3.728269202633504e-02
ENSG00000246695.10	80	89	9.999000099990002e-05	2.059376111200905e-02
ENSG00000247077.9	80	89	9.999000099990002e-05	2.059376111200905e-02
ENSG00000247317.6	80	89	5.000000000000000e-04	7.851466600936653e-02
ENSG00000247596.11	80	89	2.000000000000000e-04	3.728269202633504e-02
ENSG00000247934.4	80	89	9.999000099990002e-05	2.059376111200905e-02
ENSG00000247950.10	80	89	2.000000000000000e-04	3.728269202633504e-02
ENSG00000248333.10	80	89	9.999000099990002e-05	2.059376111200905e-02
ENSG00000248527.1	80	89	5.999999999999999e-04	9.084748663101604e-02
ENSG00000248643.5	80	89	1.000000000000000e-04	2.059376111200905e-02
ENSG00000248710.1	80	89	1.000000000000000e-04	2.059376111200905e-02
ENSG00000248927.2	80	89	9.999000099990002e-05	2.059376111200905e-02
ENSG00000249115.10	80	89	2.000000000000000e-04	3.728269202633504e-02
ENSG00000249279.7	80	89	1.000000000000000e-04	2.059376111200905e-02
ENSG00000249348.3	80	89	1.000000000000000e-04	2.059376111200905e-02
ENSG00000249709.8	80	89	9.999000099990002e-05	2.059376111200905e-02
ENSG00000249915.10	80	89	9.999000099990002e-05	2.059376111200905e-02
ENSG00000249992.2	80	89	9.999000099990002e-05	2.059376111200905e-02
ENSG00000250021.7	80	89	5.999999999999999e-04	9.084748663101604e-02
ENSG00000250091.3	80	89	9.999000099990002e-05	2.059376111200905e-02
ENSG00000250182.3	80	89	9.999000099990002e-05	2.059376111200905e-02
ENSG00000250251.7	80	89	9.999000099990002e-05	2.059376111200905e-02
ENSG00000250264.1	80	89	9.999000099990002e-05	2.059376111200905e-02
ENSG00000250273.1	80	89	9.999000099990002e-05	2.059376111200905e-02
ENSG00000250317.10	80	89	1.000000000000000e-04	2.059376111200905e-02
ENSG00000250506.10	80	89	3.000000000000000e-04	5.194194863432531e-02
ENSG00000250575.1	80	89	9.999000099990002e-05	2.059376111200905e-02
ENSG00000250697.3	80	89	9.999000099990002e-05	2.059376111200905e-02
ENSG00000250722.6	80	89	9.999000099990002e-05	2.059376111200905e-02
ENSG00000250786.5	80	89	5.000000000000000e-04	7.851466600936653e-02
ENSG00000250903.12	80	89	9.999000099990002e-05	2.059376111200905e-02
ENSG00000251247.14	80	89	9.999000099990002e-05	2.059376111200905e-02
ENSG00000251349.3	80	89	5.000000000000000e-04	7.851466600936653e-02
ENSG00000251364.10	80	89	1.000000000000000e-04	2.059376111200905e-02
ENSG00000251432.9	80	89	9.999000099990002e-05	2.059376111200905e-02
ENSG00000251442.9	80	89	2.000000000000000e-04	3.728269202633504e-02
ENSG00000251493.5	80	89	9.999000099990002e-05	2.059376111200905e-02
ENSG00000251615.3	80	89	9.999000099990002e-05	2.059376111200905e-02
ENSG00000253352.10	80	89	5.999999999999999e-04	9.084748663101604e-02
ENSG00000253368.5	80	89	9.999000099990002e-05	2.059376111200905e-02
ENSG00000253719.4	80	89	9.999000099990002e-05	2.059376111200905e-02
ENSG00000253729.10	80	89	1.000000000000000e-04	2.059376111200905e-02
ENSG00000253861.1	80	89	9.999000099990002e-05	2.059376111200905e-02
ENSG00000254004.8	80	89	9.999000099990002e-05	2.059376111200905e-02
ENSG00000254093.10	80	89	9.999000099990002e-05	2.059376111200905e-02
ENSG00000254109.7	80	89	3.000000000000000e-04	5.194194863432531e-02
ENSG00000254470.4	80	89	9.999000099990002e-05	2.059376111200905e-02
ENSG00000254635.7	80	89	3.000000000000000e-04	5.194194863432531e-02
ENSG00000254732.2	80	89	9.999000099990002e-05	2.059376111200905e-02
ENSG00000254772.11	80	89	9.999000099990002e-05	2.059376111200905e-02
ENSG00000254901.9	80	89	3.000000000000000e-04	5.194194863432531e-02
ENSG00000254999.5	80	89	1.000000000000000e-04	2.059376111200905e-02
ENSG00000255135.6	80	89	3.000000000000000e-04	5.194194863432531e-02
ENSG00000255248.11	80	89	1.000000000000000e-04	2.059376111200905e-02
ENSG00000255529.9	80	89	9.999000099990002e-05	2.059376111200905e-02
ENSG00000255690.3	80	89	1.000000000000000e-04	2.059376111200905e-02
ENSG00000255737.2	80	89	9.999000099990002e-05	2.059376111200905e-02
ENSG00000255837.2	80	89	9.999000099990002e-05	2.059376111200905e-02
ENSG00000256028.2	80	89	1.000000000000000e-04	2.059376111200905e-02
ENSG00000256043.6	80	89	9.999000099990002e-05	2.059376111200905e-02
ENSG00000256223.7	80	89	2.000000000000000e-04	3.728269202633504e-02
ENSG00000256269.12	80	89	9.999000099990002e-05	2.059376111200905e-02
ENSG00000256294.9	80	89	9.999000099990002e-05	2.059376111200905e-02
ENSG00000256628.6	80	89	2.000000000000000e-04	3.728269202633504e-02
ENSG00000256663.1	80	89	9.999000099990002e-05	2.059376111200905e-02
ENSG00000256771.6	80	89	1.000000000000000e-04	2.059376111200905e-02
ENSG00000256940.5	80	89	5.000000000000000e-04	7.851466600936653e-02
ENSG00000257103.10	80	89	9.999000099990002e-05	2.059376111200905e-02
ENSG00000257167.4	80	89	9.999000099990002e-05	2.059376111200905e-02
ENSG00000257219.7	80	89	9.999000099990002e-05	2.059376111200905e-02
ENSG00000257337.10	80	89	5.000000000000000e-04	7.851466600936653e-02
ENSG00000257354.2	80	89	9.999000099990002e-05	2.059376111200905e-02
ENSG00000257621.10	80	89	9.999000099990002e-05	2.059376111200905e-02
ENSG00000258315.6	80	89	9.999000099990002e-05	2.059376111200905e-02
ENSG00000258429.2	80	89	9.999000099990002e-05	2.059376111200905e-02
ENSG00000258457.6	80	89	5.999999999999999e-04	9.084748663101604e-02
ENSG00000258537.7	80	89	9.999000099990002e-05	2.059376111200905e-02
ENSG00000258643.6	80	89	9.999000099990002e-05	2.059376111200905e-02
ENSG00000258727.2	80	89	1.000000000000000e-04	2.059376111200905e-02
ENSG00000258738.1	80	89	1.000000000000000e-04	2.059376111200905e-02
ENSG00000258818.5	80	89	9.999000099990002e-05	2.059376111200905e-02
ENSG00000258839.5	80	89	9.999000099990002e-05	2.059376111200905e-02
ENSG00000258947.8	80	89	9.999000099990002e-05	2.059376111200905e-02
ENSG00000259024.7	80	89	9.999000099990002e-05	2.059376111200905e-02
ENSG00000259275.6	80	89	2.000000000000000e-04	3.728269202633504e-02
ENSG00000259291.2	80	89	9.999000099990002e-05	2.059376111200905e-02
ENSG00000259316.12	80	89	9.999000099990002e-05	2.059376111200905e-02
ENSG00000259332.3	80	89	4.000000000000000e-04	6.548302711036876e-02
ENSG00000259345.8	80	89	9.999000099990002e-05	2.059376111200905e-02
ENSG00000259363.7	80	89	3.000000000000000e-04	5.194194863432531e-02
ENSG00000259399.1	80	89	3.000000000000000e-04	5.194194863432531e-02
ENSG00000259623.1	80	89	1.000000000000000e-04	2.059376111200905e-02
ENSG00000259721.1	80	89	9.999000099990002e-05	2.059376111200905e-02
ENSG00000259781.1	80	89	9.999000099990002e-05	2.059376111200905e-02
ENSG00000259807.3	80	89	9.999000099990002e-05	2.059376111200905e-02
ENSG00000259865.1	80	89	9.999000099990002e-05	2.059376111200905e-02
ENSG00000259953.3	80	89	9.999000099990002e-05	2.059376111200905e-02
ENSG00000259959.1	80	89	9.999000099990002e-05	2.059376111200905e-02
ENSG00000259976.3	80	89	2.000000000000000e-04	3.728269202633504e-02
ENSG00000259994.1	80	89	9.999000099990002e-05	2.059376111200905e-02
ENSG00000260001.9	80	89	2.000000000000000e-04	3.728269202633504e-02
ENSG00000260032.3	80	89	1.000000000000000e-04	2.059376111200905e-02
ENSG00000260257.2	80	89	5.999999999999999e-04	9.084748663101604e-02
ENSG00000260274.3	80	89	2.000000000000000e-04	3.728269202633504e-02
ENSG00000260306.1	80	89	9.999000099990002e-05	2.059376111200905e-02
ENSG00000260400.1	80	89	9.999000099990002e-05	2.059376111200905e-02
ENSG00000260428.4	80	89	9.999000099990002e-05	2.059376111200905e-02
ENSG00000260442.8	80	89	9.999000099990002e-05	2.059376111200905e-02
ENSG00000260456.8	80	89	3.000000000000000e-04	5.194194863432531e-02
ENSG00000260534.1	80	89	2.000000000000000e-04	3.728269202633504e-02
ENSG00000260552.4	80	89	3.000000000000000e-04	5.194194863432531e-02
ENSG00000260772.1	80	89	9.999000099990002e-05	2.059376111200905e-02
ENSG00000260877.3	80	89	9.999000099990002e-05	2.059376111200905e-02
ENSG00000260916.9	80	89	2.000000000000000e-04	3.728269202633504e-02
ENSG00000261087.1	80	89	2.000000000000000e-04	3.728269202633504e-02
ENSG00000261101.2	80	89	3.000000000000000e-04	5.194194863432531e-02
ENSG00000261136.1	80	89	4.000000000000000e-04	6.548302711036876e-02
ENSG00000261221.6	80	89	9.999000099990002e-05	2.059376111200905e-02
ENSG00000261236.9	80	89	9.999000099990002e-05	2.059376111200905e-02
ENSG00000261286.1	80	89	9.999000099990002e-05	2.059376111200905e-02
ENSG00000261324.2	80	89	9.999000099990002e-05	2.059376111200905e-02
ENSG00000261326.5	80	89	5.000000000000000e-04	7.851466600936653e-02
ENSG00000261487.1	80	89	9.999000099990002e-05	2.059376111200905e-02
ENSG00000261799.1	80	89	9.999000099990002e-05	2.059376111200905e-02
ENSG00000261801.9	80	89	3.000000000000000e-04	5.194194863432531e-02
ENSG00000261824.9	80	89	5.000000000000000e-04	7.851466600936653e-02
ENSG00000262185.4	80	89	9.999000099990002e-05	2.059376111200905e-02
ENSG00000262246.7	80	89	9.999000099990002e-05	2.059376111200905e-02
ENSG00000262526.2	80	89	9.999000099990002e-05	2.059376111200905e-02
ENSG00000262814.9	80	89	9.999000099990002e-05	2.059376111200905e-02
ENSG00000262879.8	80	89	9.999000099990002e-05	2.059376111200905e-02
ENSG00000263002.9	80	89	9.999000099990002e-05	2.059376111200905e-02
ENSG00000263327.7	80	89	1.000000000000000e-04	2.059376111200905e-02
ENSG00000263620.1	80	89	9.999000099990002e-05	2.059376111200905e-02
ENSG00000263874.3	80	89	9.999000099990002e-05	2.059376111200905e-02
ENSG00000263956.9	80	89	9.999000099990002e-05	2.059376111200905e-02
ENSG00000264522.7	80	89	5.000000000000000e-04	7.851466600936653e-02
ENSG00000264545.2	80	89	9.999000099990002e-05	2.059376111200905e-02
ENSG00000265190.8	80	89	4.000000000000000e-04	6.548302711036876e-02
ENSG00000265241.9	80	89	1.000000000000000e-04	2.059376111200905e-02
ENSG00000265491.6	80	89	1.000000000000000e-04	2.059376111200905e-02
ENSG00000265808.5	80	89	9.999000099990002e-05	2.059376111200905e-02
ENSG00000265972.7	80	89	9.999000099990002e-05	2.059376111200905e-02
ENSG00000266256.4	80	89	1.000000000000000e-04	2.059376111200905e-02
ENSG00000266680.1	80	89	5.000000000000000e-04	7.851466600936653e-02
ENSG00000266709.1	80	89	9.999000099990002e-05	2.059376111200905e-02
ENSG00000266962.4	80	89	2.000000000000000e-04	3.728269202633504e-02
ENSG00000266964.7	80	89	2.000000000000000e-04	3.728269202633504e-02
ENSG00000267001.1	80	89	9.999000099990002e-05	2.059376111200905e-02
ENSG00000267152.1	80	89	9.999000099990002e-05	2.059376111200905e-02
ENSG00000267216.1	80	89	3.000000000000000e-04	5.194194863432531e-02
ENSG00000267303.1	80	89	9.999000099990002e-05	2.059376111200905e-02
ENSG00000267317.2	80	89	5.000000000000000e-04	7.851466600936653e-02
ENSG00000267532.7	80	89	9.999000099990002e-05	2.059376111200905e-02
ENSG00000267534.4	80	89	9.999000099990002e-05	2.059376111200905e-02
ENSG00000267680.7	80	89	9.999000099990002e-05	2.059376111200905e-02
ENSG00000267712.8	80	89	5.000000000000000e-04	7.851466600936653e-02
ENSG00000267745.1	80	89	9.999000099990002e-05	2.059376111200905e-02
ENSG00000267757.5	80	89	9.999000099990002e-05	2.059376111200905e-02
ENSG00000267796.9	80	89	1.000000000000000e-04	2.059376111200905e-02
ENSG00000268043.10	80	89	1.000000000000000e-04	2.059376111200905e-02
ENSG00000268083.5	80	89	3.000000000000000e-04	5.194194863432531e-02
ENSG00000268108.1	80	89	9.999000099990002e-05	2.059376111200905e-02
ENSG00000268205.1	80	89	9.999000099990002e-05	2.059376111200905e-02
ENSG00000268287.1	80	89	1.000000000000000e-04	2.059376111200905e-02
ENSG00000268643.2	80	89	9.999000099990002e-05	2.059376111200905e-02
ENSG00000268655.3	80	89	9.999000099990002e-05	2.059376111200905e-02
ENSG00000268858.3	80	89	2.000000000000000e-04	3.728269202633504e-02
ENSG00000268912.1	80	89	9.999000099990002e-05	2.059376111200905e-02
ENSG00000269044.2	80	89	9.999000099990002e-05	2.059376111200905e-02
ENSG00000269335.8	80	89	9.999000099990002e-05	2.059376111200905e-02
ENSG00000269352.1	80	89	9.999000099990002e-05	2.059376111200905e-02
ENSG00000269893.11	80	89	4.000000000000000e-04	6.548302711036876e-02
ENSG00000269897.5	80	89	1.000000000000000e-04	2.059376111200905e-02
ENSG00000269929.7	80	89	9.999000099990002e-05	2.059376111200905e-02
ENSG00000269937.1	80	89	2.000000000000000e-04	3.728269202633504e-02
ENSG00000269940.1	80	89	1.000000000000000e-04	2.059376111200905e-02
ENSG00000269955.2	80	89	9.999000099990002e-05	2.059376111200905e-02
ENSG00000269983.1	80	89	2.000000000000000e-04	3.728269202633504e-02
ENSG00000270049.5	80	89	5.000000000000000e-04	7.851466600936653e-02
ENSG00000270069.5	80	89	9.999000099990002e-05	2.059376111200905e-02
ENSG00000270170.2	80	89	2.000000000000000e-04	3.728269202633504e-02
ENSG00000270504.2	80	89	9.999000099990002e-05	2.059376111200905e-02
ENSG00000270607.1	80	89	9.999000099990002e-05	2.059376111200905e-02
ENSG00000270617.1	80	89	9.999000099990002e-05	2.059376111200905e-02
ENSG00000270820.9	80	89	9.999000099990002e-05	2.059376111200905e-02
ENSG00000271533.1	80	89	1.000000000000000e-04	2.059376111200905e-02
ENSG00000271851.1	80	89	9.999000099990002e-05	2.059376111200905e-02
ENSG00000271894.2	80	89	2.000000000000000e-04	3.728269202633504e-02
ENSG00000271936.1	80	89	9.999000099990002e-05	2.059376111200905e-02
ENSG00000271976.1	80	89	9.999000099990002e-05	2.059376111200905e-02
ENSG00000272047.5	80	89	1.000000000000000e-04	2.059376111200905e-02
ENSG00000272335.1	80	89	9.999000099990002e-05	2.059376111200905e-02
ENSG00000272599.2	80	89	1.000000000000000e-04	2.059376111200905e-02
ENSG00000272604.1	80	89	9.999000099990002e-05	2.059376111200905e-02
ENSG00000272631.2	80	89	5.999999999999999e-04	9.084748663101604e-02
ENSG00000272695.3	80	89	9.999000099990002e-05	2.059376111200905e-02
ENSG00000272750.1	80	89	3.000000000000000e-04	5.194194863432531e-02
ENSG00000272767.2	80	89	9.999000099990002e-05	2.059376111200905e-02
ENSG00000272772.2	80	89	2.000000000000000e-04	3.728269202633504e-02
ENSG00000272888.9	80	89	9.999000099990002e-05	2.059376111200905e-02
ENSG00000272909.1	80	89	9.999000099990002e-05	2.059376111200905e-02
ENSG00000272913.3	80	89	9.999000099990002e-05	2.059376111200905e-02
ENSG00000272970.6	80	89	9.999000099990002e-05	2.059376111200905e-02
ENSG00000272977.1	80	89	9.999000099990002e-05	2.059376111200905e-02
ENSG00000273014.1	80	89	9.999000099990002e-05	2.059376111200905e-02
ENSG00000273015.3	80	89	9.999000099990002e-05	2.059376111200905e-02
ENSG00000273033.3	80	89	9.999000099990002e-05	2.059376111200905e-02
ENSG00000273148.3	80	89	9.999000099990002e-05	2.059376111200905e-02
ENSG00000273149.2	80	89	4.000000000000000e-04	6.548302711036876e-02
ENSG00000273154.3	80	89	9.999000099990002e-05	2.059376111200905e-02
ENSG00000273175.3	80	89	9.999000099990002e-05	2.059376111200905e-02
ENSG00000273356.1	80	89	9.999000099990002e-05	2.059376111200905e-02
ENSG00000273398.6	80	89	2.000000000000000e-04	3.728269202633504e-02
ENSG00000273420.1	80	89	9.999000099990002e-05	2.059376111200905e-02
ENSG00000273489.1	80	89	9.999000099990002e-05	2.059376111200905e-02
ENSG00000273749.6	80	89	4.000000000000000e-04	6.548302711036876e-02
ENSG00000273899.6	80	89	1.000000000000000e-04	2.059376111200905e-02
ENSG00000274180.1	80	89	9.999000099990002e-05	2.059376111200905e-02
ENSG00000274248.2	80	89	3.000000000000000e-04	5.194194863432531e-02
ENSG00000274349.6	80	89	9.999000099990002e-05	2.059376111200905e-02
ENSG00000274425.1	80	89	9.999000099990002e-05	2.059376111200905e-02
ENSG00000274561.1	80	89	9.999000099990002e-05	2.059376111200905e-02
ENSG00000274615.1	80	89	3.000000000000000e-04	5.194194863432531e-02
ENSG00000275120.4	80	89	9.999000099990002e-05	2.059376111200905e-02
ENSG00000275131.5	80	89	2.000000000000000e-04	3.728269202633504e-02
ENSG00000275367.1	80	89	1.000000000000000e-04	2.059376111200905e-02
ENSG00000275700.7	80	89	9.999000099990002e-05	2.059376111200905e-02
ENSG00000275764.1	80	89	9.999000099990002e-05	2.059376111200905e-02
ENSG00000276043.6	80	89	9.999000099990002e-05	2.059376111200905e-02
ENSG00000276045.5	80	89	9.999000099990002e-05	2.059376111200905e-02
ENSG00000276107.1	80	89	9.999000099990002e-05	2.059376111200905e-02
ENSG00000276334.1	80	89	9.999000099990002e-05	2.059376111200905e-02
ENSG00000276672.1	80	89	1.000000000000000e-04	2.059376111200905e-02
ENSG00000276724.1	80	89	5.000000000000000e-04	7.851466600936653e-02
ENSG00000276855.1	80	89	9.999000099990002e-05	2.059376111200905e-02
ENSG00000277443.4	80	89	2.000000000000000e-04	3.728269202633504e-02
ENSG00000277758.7	80	89	9.999000099990002e-05	2.059376111200905e-02
ENSG00000277957.1	80	89	1.000000000000000e-04	2.059376111200905e-02
ENSG00000277972.3	80	89	9.999000099990002e-05	2.059376111200905e-02
ENSG00000278071.2	80	89	1.000000000000000e-04	2.059376111200905e-02
ENSG00000278156.4	80	89	9.999000099990002e-05	2.059376111200905e-02
ENSG00000278259.6	80	89	9.999000099990002e-05	2.059376111200905e-02
ENSG00000278311.6	80	89	9.999000099990002e-05	2.059376111200905e-02
ENSG00000278341.1	80	89	2.000000000000000e-04	3.728269202633504e-02
ENSG00000278615.5	80	89	1.000000000000000e-04	2.059376111200905e-02
ENSG00000278730.1	80	89	9.999000099990002e-05	2.059376111200905e-02
ENSG00000278784.2	80	89	9.999000099990002e-05	2.059376111200905e-02
ENSG00000278864.1	80	89	2.000000000000000e-04	3.728269202633504e-02
ENSG00000278962.1	80	89	9.999000099990002e-05	2.059376111200905e-02
ENSG00000278970.5	80	89	9.999000099990002e-05	2.059376111200905e-02
ENSG00000279059.1	80	89	1.000000000000000e-04	2.059376111200905e-02
ENSG00000279108.1	80	89	9.999000099990002e-05	2.059376111200905e-02
ENSG00000279170.4	80	89	9.999000099990002e-05	2.059376111200905e-02
ENSG00000279198.2	80	89	9.999000099990002e-05	2.059376111200905e-02
ENSG00000279204.1	80	89	9.999000099990002e-05	2.059376111200905e-02
ENSG00000279253.1	80	89	1.000000000000000e-04	2.059376111200905e-02
ENSG00000279267.1	80	89	9.999000099990002e-05	2.059376111200905e-02
ENSG00000279369.1	80	89	9.999000099990002e-05	2.059376111200905e-02
ENSG00000279415.1	80	89	9.999000099990002e-05	2.059376111200905e-02
ENSG00000279453.1	80	89	9.999000099990002e-05	2.059376111200905e-02
ENSG00000279696.1	80	89	3.000000000000000e-04	5.194194863432531e-02
ENSG00000280088.1	80	89	1.000000000000000e-04	2.059376111200905e-02
ENSG00000280241.5	80	89	9.999000099990002e-05	2.059376111200905e-02
ENSG00000280287.1	80	89	9.999000099990002e-05	2.059376111200905e-02
ENSG00000280571.2	80	89	9.999000099990002e-05	2.059376111200905e-02
ENSG00000280789.2	80	89	9.999000099990002e-05	2.059376111200905e-02
ENSG00000280798.1	80	89	1.000000000000000e-04	2.059376111200905e-02
ENSG00000280893.1	80	89	1.000000000000000e-04	2.059376111200905e-02
ENSG00000281903.5	80	89	1.000000000000000e-04	2.059376111200905e-02
ENSG00000282393.1	80	89	1.000000000000000e-04	2.059376111200905e-02
ENSG00000282785.1	80	89	3.000000000000000e-04	5.194194863432531e-02
ENSG00000282885.4	80	89	2.000000000000000e-04	3.728269202633504e-02
ENSG00000283154.4	80	89	1.000000000000000e-04	2.059376111200905e-02
ENSG00000283341.5	80	89	9.999000099990002e-05	2.059376111200905e-02
ENSG00000283782.2	80	89	2.000000000000000e-04	3.728269202633504e-02
ENSG00000284194.4	80	89	1.000000000000000e-04	2.059376111200905e-02
ENSG00000284292.1	80	89	9.999000099990002e-05	2.059376111200905e-02
ENSG00000284491.3	80	89	9.999000099990002e-05	2.059376111200905e-02
ENSG00000284503.1	80	89	9.999000099990002e-05	2.059376111200905e-02
ENSG00000284773.1	80	89	9.999000099990002e-05	2.059376111200905e-02
ENSG00000284874.1	80	89	9.999000099990002e-05	2.059376111200905e-02
ENSG00000284906.3	80	89	1.000000000000000e-04	2.059376111200905e-02
ENSG00000284946.1	80	89	9.999000099990002e-05	2.059376111200905e-02
ENSG00000285043.3	80	89	2.000000000000000e-04	3.728269202633504e-02
ENSG00000285053.1	80	89	5.999999999999999e-04	9.084748663101604e-02
ENSG00000285077.4	80	89	1.000000000000000e-04	2.059376111200905e-02
ENSG00000285402.2	80	89	5.999999999999999e-04	9.084748663101604e-02
ENSG00000285410.1	80	89	5.000000000000000e-04	7.851466600936653e-02
ENSG00000285508.2	80	89	5.999999999999999e-04	9.084748663101604e-02
ENSG00000285517.3	80	89	9.999000099990002e-05	2.059376111200905e-02
ENSG00000285628.1	80	89	3.000000000000000e-04	5.194194863432531e-02
ENSG00000285641.1	80	89	9.999000099990002e-05	2.059376111200905e-02
ENSG00000285728.4	80	89	9.999000099990002e-05	2.059376111200905e-02
ENSG00000285744.2	80	89	2.000000000000000e-04	3.728269202633504e-02
ENSG00000285793.2	80	89	9.999000099990002e-05	2.059376111200905e-02
ENSG00000285796.2	80	89	9.999000099990002e-05	2.059376111200905e-02
ENSG00000286001.1	80	89	9.999000099990002e-05	2.059376111200905e-02
ENSG00000286112.1	80	89	4.000000000000000e-04	6.548302711036876e-02
ENSG00000286192.1	80	89	3.000000000000000e-04	5.194194863432531e-02
ENSG00000286289.2	80	89	9.999000099990002e-05	2.059376111200905e-02
ENSG00000286724.2	80	89	9.999000099990002e-05	2.059376111200905e-02
ENSG00000286892.1	80	89	1.000000000000000e-04	2.059376111200905e-02
ENSG00000286964.1	80	89	2.000000000000000e-04	3.728269202633504e-02
ENSG00000287151.2	80	89	9.999000099990002e-05	2.059376111200905e-02
ENSG00000287185.1	80	89	4.000000000000000e-04	6.548302711036876e-02
ENSG00000287828.2	80	89	9.999000099990002e-05	2.059376111200905e-02
ENSG00000288258.1	80	89	2.000000000000000e-04	3.728269202633504e-02
ENSG00000288649.2	80	89	5.999999999999999e-04	9.084748663101604e-02
ENSG00000288663.1	80	89	1.000000000000000e-04	2.059376111200905e-02
ENSG00000288670.1	80	89	5.000000000000000e-04	7.851466600936653e-02
ENSG00000288685.1	80	89	9.999000099990002e-05	2.059376111200905e-02
ENSG00000288725.1	80	89	2.000000000000000e-04	3.728269202633504e-02
ENSG00000288743.2	80	89	2.000000000000000e-04	3.728269202633504e-02
ENSG00000288829.1	80	89	5.000000000000000e-04	7.851466600936653e-02
ENSG00000288838.2	80	89	3.000000000000000e-04	5.194194863432531e-02
ENSG00000288852.2	80	89	1.000000000000000e-04	2.059376111200905e-02
ENSG00000288864.1	80	89	9.999000099990002e-05	2.059376111200905e-02
ENSG00000288888.1	80	89	9.999000099990002e-05	2.059376111200905e-02
ENSG00000288924.1	80	89	9.999000099990002e-05	2.059376111200905e-02
ENSG00000288961.3	80	89	5.000000000000000e-04	7.851466600936653e-02
ENSG00000289007.3	80	89	1.000000000000000e-04	2.059376111200905e-02
ENSG00000289027.1	80	89	3.000000000000000e-04	5.194194863432531e-02
ENSG00000289106.3	80	89	1.000000000000000e-04	2.059376111200905e-02
ENSG00000289138.1	80	89	9.999000099990002e-05	2.059376111200905e-02
ENSG00000289268.1	80	89	5.999999999999999e-04	9.084748663101604e-02
ENSG00000289293.2	80	89	9.999000099990002e-05	2.059376111200905e-02
ENSG00000289353.1	80	89	5.000000000000000e-04	7.851466600936653e-02
ENSG00000289517.1	80	89	1.000000000000000e-04	2.059376111200905e-02
ENSG00000289586.3	80	89	3.000000000000000e-04	5.194194863432531e-02
ENSG00000289653.1	80	89	2.000000000000000e-04	3.728269202633504e-02
ENSG00000289694.1	80	89	4.000000000000000e-04	6.548302711036876e-02
ENSG00000289701.1	80	89	9.999000099990002e-05	2.059376111200905e-02
ENSG00000289847.2	80	89	9.999000099990002e-05	2.059376111200905e-02
ENSG00000290045.2	80	89	1.000000000000000e-04	2.059376111200905e-02
ENSG00000290082.2	80	89	1.000000000000000e-04	2.059376111200905e-02
ENSG00000290394.3	80	89	5.000000000000000e-04	7.851466600936653e-02
ENSG00000290399.2	80	89	9.999000099990002e-05	2.059376111200905e-02
ENSG00000290555.2	80	89	1.000000000000000e-04	2.059376111200905e-02
ENSG00000290578.2	80	89	9.999000099990002e-05	2.059376111200905e-02
ENSG00000290687.1	80	89	2.000000000000000e-04	3.728269202633504e-02
ENSG00000290746.2	80	89	9.999000099990002e-05	2.059376111200905e-02
ENSG00000290867.2	80	89	2.000000000000000e-04	3.728269202633504e-02
ENSG00000290871.2	80	89	9.999000099990002e-05	2.059376111200905e-02
ENSG00000290877.2	80	89	4.000000000000000e-04	6.548302711036876e-02
ENSG00000290928.2	80	89	1.000000000000000e-04	2.059376111200905e-02
ENSG00000290948.2	80	89	9.999000099990002e-05	2.059376111200905e-02
ENSG00000290989.2	80	89	3.000000000000000e-04	5.194194863432531e-02
ENSG00000291028.2	80	89	1.000000000000000e-04	2.059376111200905e-02
ENSG00000291063.2	80	89	9.999000099990002e-05	2.059376111200905e-02
ENSG00000291066.2	80	89	9.999000099990002e-05	2.059376111200905e-02
ENSG00000291075.2	80	89	9.999000099990002e-05	2.059376111200905e-02
ENSG00000291079.2	80	89	9.999000099990002e-05	2.059376111200905e-02
ENSG00000291081.2	80	89	1.000000000000000e-04	2.059376111200905e-02
ENSG00000291085.2	80	89	9.999000099990002e-05	2.059376111200905e-02
ENSG00000291105.2	80	89	9.999000099990002e-05	2.059376111200905e-02
ENSG00000291123.2	80	89	4.000000000000000e-04	6.548302711036876e-02
ENSG00000291132.2	80	89	2.000000000000000e-04	3.728269202633504e-02
ENSG00000291140.2	80	89	9.999000099990002e-05	2.059376111200905e-02
ENSG00000291146.2	80	89	9.999000099990002e-05	2.059376111200905e-02
ENSG00000291208.2	80	89	5.999999999999999e-04	9.084748663101604e-02
ENSG00000291223.1	80	89	2.000000000000000e-04	3.728269202633504e-02
ENSG00000291224.2	80	89	9.999000099990002e-05	2.059376111200905e-02
ENSG00000291270.1	80	89	9.999000099990002e-05	2.059376111200905e-02
ENSG00000292986.2	80	89	3.000000000000000e-04	5.194194863432531e-02
ENSG00000293141.2	80	89	9.999000099990002e-05	2.059376111200905e-02
ENSG00000293161.1	80	89	5.000000000000000e-04	7.851466600936653e-02
ENSG00000293241.2	80	89	5.000000000000000e-04	7.851466600936653e-02
ENSG00000293310.2	80	89	9.999000099990002e-05	2.059376111200905e-02
ENSG00000293329.2	80	89	3.000000000000000e-04	5.194194863432531e-02
ENSG00000293491.2	80	89	2.000000000000000e-04	3.728269202633504e-02
ENSG00000293495.2	80	89	9.999000099990002e-05	2.059376111200905e-02
ENSG00000293514.2	80	89	2.000000000000000e-04	3.728269202633504e-02
ENSG00000293515.2	80	89	2.000000000000000e-04	3.728269202633504e-02
ENSG00000293606.1	80	89	9.999000099990002e-05	2.059376111200905e-02
ENSG00000293678.1	80	89	9.999000099990002e-05	2.059376111200905e-02
ENSG00000293970.1	80	89	1.000000000000000e-04	2.059376111200905e-02
ENSG00000294400.1	80	89	1.000000000000000e-04	2.059376111200905e-02
ENSG00000294711.1	80	89	4.000000000000000e-04	6.548302711036876e-02
ENSG00000295221.1	80	89	9.999000099990002e-05	2.059376111200905e-02
ENSG00000295864.1	80	89	9.999000099990002e-05	2.059376111200905e-02
ENSG00000295873.1	80	89	9.999000099990002e-05	2.059376111200905e-02
ENSG00000295911.1	80	89	9.999000099990002e-05	2.059376111200905e-02
ENSG00000295937.1	80	89	9.999000099990002e-05	2.059376111200905e-02
ENSG00000296343.1	80	89	1.000000000000000e-04	2.059376111200905e-02
ENSG00000296642.1	80	89	1.000000000000000e-04	2.059376111200905e-02
ENSG00000298309.1	80	89	9.999000099990002e-05	2.059376111200905e-02
ENSG00000298352.1	80	89	9.999000099990002e-05	2.059376111200905e-02
ENSG00000299022.1	80	89	1.000000000000000e-04	2.059376111200905e-02
ENSG00000299654.1	80	89	3.000000000000000e-04	5.194194863432531e-02
ENSG00000299829.1	80	89	9.999000099990002e-05	2.059376111200905e-02
ENSG00000300700.1	80	89	9.999000099990002e-05	2.059376111200905e-02
ENSG00000300739.1	80	89	9.999000099990002e-05	2.059376111200905e-02
ENSG00000304365.1	80	89	9.999000099990002e-05	2.059376111200905e-02
ENSG00000304884.1	80	89	9.999000099990002e-05	2.059376111200905e-02
ENSG00000304961.1	80	89	9.999000099990002e-05	2.059376111200905e-02
ENSG00000305207.1	80	89	9.999000099990002e-05	2.059376111200905e-02
ENSG00000305512.1	80	89	4.000000000000000e-04	6.548302711036876e-02
ENSG00000305702.1	80	89	9.999000099990002e-05	2.059376111200905e-02
ENSG00000306316.1	80	89	2.000000000000000e-04	3.728269202633504e-02
ENSG00000306517.1	80	89	1.000000000000000e-04	2.059376111200905e-02
ENSG00000308554.1	80	89	3.000000000000000e-04	5.194194863432531e-02
ENSG00000308783.1	80	89	3.000000000000000e-04	5.194194863432531e-02
ENSG00000309428.1	80	89	1.000000000000000e-04	2.059376111200905e-02
ENSG00000309529.1	80	89	9.999000099990002e-05	2.059376111200905e-02
ENSG00000310521.1	80	89	9.999000099990002e-05	2.059376111200905e-02
ENSG00000310560.2	80	89	9.999000099990002e-05	2.059376111200905e-02
ENSG00000310576.1	80	89	9.999000099990002e-05	2.059376111200905e-02
ENSG00000000003.17	81	90	9.999000099990002e-05	2.059376111200905e-02
ENSG00000000419.15	81	90	2.000000000000000e-04	3.728269202633504e-02
ENSG00000000457.15	81	90	9.999000099990002e-05	2.059376111200905e-02
ENSG00000000460.18	81	90	1.000000000000000e-04	2.059376111200905e-02
ENSG00000001167.16	81	90	9.999000099990002e-05	2.059376111200905e-02
ENSG00000001460.19	81	90	1.000000000000000e-04	2.059376111200905e-02
ENSG00000001461.20	81	90	3.000000000000000e-04	5.194194863432531e-02
ENSG00000001497.19	81	90	1.000000000000000e-04	2.059376111200905e-02
ENSG00000001630.19	81	90	9.999000099990002e-05	2.059376111200905e-02
ENSG00000001631.18	81	90	4.000000000000000e-04	6.548302711036876e-02
ENSG00000002822.17	81	90	9.999000099990002e-05	2.059376111200905e-02
ENSG00000003393.17	81	90	9.999000099990002e-05	2.059376111200905e-02
ENSG00000003400.17	81	90	2.000000000000000e-04	3.728269202633504e-02
ENSG00000004142.13	81	90	2.000000000000000e-04	3.728269202633504e-02
ENSG00000004399.14	81	90	9.999000099990002e-05	2.059376111200905e-02
ENSG00000004534.16	81	90	2.000000000000000e-04	3.728269202633504e-02
ENSG00000004660.16	81	90	9.999000099990002e-05	2.059376111200905e-02
ENSG00000004799.9	81	90	1.000000000000000e-04	2.059376111200905e-02
ENSG00000004897.13	81	90	9.999000099990002e-05	2.059376111200905e-02
ENSG00000005022.7	81	90	9.999000099990002e-05	2.059376111200905e-02
ENSG00000005075.17	81	90	9.999000099990002e-05	2.059376111200905e-02
ENSG00000005100.13	81	90	9.999000099990002e-05	2.059376111200905e-02
ENSG00000005189.21	81	90	5.999999999999999e-04	9.084748663101604e-02
ENSG00000005206.18	81	90	9.999000099990002e-05	2.059376111200905e-02
ENSG00000005436.15	81	90	3.000000000000000e-04	5.194194863432531e-02
ENSG00000005469.13	81	90	9.999000099990002e-05	2.059376111200905e-02
ENSG00000005471.20	81	90	1.000000000000000e-04	2.059376111200905e-02
ENSG00000005810.21	81	90	9.999000099990002e-05	2.059376111200905e-02
ENSG00000005893.18	81	90	9.999000099990002e-05	2.059376111200905e-02
ENSG00000006007.13	81	90	9.999000099990002e-05	2.059376111200905e-02
ENSG00000006015.19	81	90	9.999000099990002e-05	2.059376111200905e-02
ENSG00000006042.13	81	90	9.999000099990002e-05	2.059376111200905e-02
ENSG00000006327.15	81	90	9.999000099990002e-05	2.059376111200905e-02
ENSG00000006606.9	81	90	9.999000099990002e-05	2.059376111200905e-02
ENSG00000006634.9	81	90	5.999999999999999e-04	9.084748663101604e-02
ENSG00000006638.14	81	90	1.000000000000000e-04	2.059376111200905e-02
ENSG00000006652.15	81	90	3.000000000000000e-04	5.194194863432531e-02
ENSG00000006712.16	81	90	2.000000000000000e-04	3.728269202633504e-02
ENSG00000006837.12	81	90	9.999000099990002e-05	2.059376111200905e-02
ENSG00000007080.12	81	90	9.999000099990002e-05	2.059376111200905e-02
ENSG00000007376.9	81	90	9.999000099990002e-05	2.059376111200905e-02
ENSG00000007392.18	81	90	5.000000000000000e-04	7.851466600936653e-02
ENSG00000007520.5	81	90	9.999000099990002e-05	2.059376111200905e-02
ENSG00000007944.16	81	90	3.000000000000000e-04	5.194194863432531e-02
ENSG00000007968.8	81	90	9.999000099990002e-05	2.059376111200905e-02
ENSG00000008130.16	81	90	1.000000000000000e-04	2.059376111200905e-02
ENSG00000008311.17	81	90	9.999000099990002e-05	2.059376111200905e-02
ENSG00000008710.20	81	90	9.999000099990002e-05	2.059376111200905e-02
ENSG00000008869.13	81	90	9.999000099990002e-05	2.059376111200905e-02
ENSG00000009307.18	81	90	9.999000099990002e-05	2.059376111200905e-02
ENSG00000009413.17	81	90	9.999000099990002e-05	2.059376111200905e-02
ENSG00000010017.14	81	90	1.000000000000000e-04	2.059376111200905e-02
ENSG00000010292.14	81	90	4.000000000000000e-04	6.548302711036876e-02
ENSG00000010322.17	81	90	9.999000099990002e-05	2.059376111200905e-02
ENSG00000010404.19	81	90	1.000000000000000e-04	2.059376111200905e-02
ENSG00000010704.20	81	90	2.000000000000000e-04	3.728269202633504e-02
ENSG00000011007.14	81	90	4.000000000000000e-04	6.548302711036876e-02
ENSG00000011009.13	81	90	1.000000000000000e-04	2.059376111200905e-02
ENSG00000011105.15	81	90	2.000000000000000e-04	3.728269202633504e-02
ENSG00000011132.13	81	90	2.000000000000000e-04	3.728269202633504e-02
ENSG00000011258.17	81	90	9.999000099990002e-05	2.059376111200905e-02
ENSG00000011295.17	81	90	9.999000099990002e-05	2.059376111200905e-02
ENSG00000011304.23	81	90	9.999000099990002e-05	2.059376111200905e-02
ENSG00000011332.23	81	90	9.999000099990002e-05	2.059376111200905e-02
ENSG00000011422.13	81	90	9.999000099990002e-05	2.059376111200905e-02
ENSG00000011426.12	81	90	9.999000099990002e-05	2.059376111200905e-02
ENSG00000011451.22	81	90	9.999000099990002e-05	2.059376111200905e-02
ENSG00000011454.19	81	90	9.999000099990002e-05	2.059376111200905e-02
ENSG00000011465.19	81	90	9.999000099990002e-05	2.059376111200905e-02
ENSG00000011566.16	81	90	5.000000000000000e-04	7.851466600936653e-02
ENSG00000012048.27	81	90	9.999000099990002e-05	2.059376111200905e-02
ENSG00000012061.18	81	90	4.000000000000000e-04	6.548302711036876e-02
ENSG00000012211.14	81	90	5.999999999999999e-04	9.084748663101604e-02
ENSG00000012822.17	81	90	9.999000099990002e-05	2.059376111200905e-02
ENSG00000012983.13	81	90	3.000000000000000e-04	5.194194863432531e-02
ENSG00000013016.17	81	90	5.000000000000000e-04	7.851466600936653e-02
ENSG00000013275.9	81	90	9.999000099990002e-05	2.059376111200905e-02
ENSG00000013306.17	81	90	9.999000099990002e-05	2.059376111200905e-02
ENSG00000013392.9	81	90	9.999000099990002e-05	2.059376111200905e-02
ENSG00000013441.18	81	90	1.000000000000000e-04	2.059376111200905e-02
ENSG00000013573.18	81	90	9.999000099990002e-05	2.059376111200905e-02
ENSG00000013810.22	81	90	9.999000099990002e-05	2.059376111200905e-02
ENSG00000014138.11	81	90	9.999000099990002e-05	2.059376111200905e-02
ENSG00000014164.8	81	90	9.999000099990002e-05	2.059376111200905e-02
ENSG00000015171.22	81	90	1.000000000000000e-04	2.059376111200905e-02
ENSG00000015532.11	81	90	9.999000099990002e-05	2.059376111200905e-02
ENSG00000016391.12	81	90	5.000000000000000e-04	7.851466600936653e-02
ENSG00000016864.20	81	90	9.999000099990002e-05	2.059376111200905e-02
ENSG00000017797.14	81	90	4.000000000000000e-04	6.548302711036876e-02
ENSG00000019995.6	81	90	9.999000099990002e-05	2.059376111200905e-02
ENSG00000021355.14	81	90	1.000000000000000e-04	2.059376111200905e-02
ENSG00000021762.21	81	90	9.999000099990002e-05	2.059376111200905e-02
ENSG00000022267.20	81	90	2.000000000000000e-04	3.728269202633504e-02
ENSG00000022277.14	81	90	9.999000099990002e-05	2.059376111200905e-02
ENSG00000023171.21	81	90	5.000000000000000e-04	7.851466600936653e-02
ENSG00000023191.18	81	90	9.999000099990002e-05	2.059376111200905e-02
ENSG00000023287.14	81	90	9.999000099990002e-05	2.059376111200905e-02
ENSG00000023330.16	81	90	3.000000000000000e-04	5.194194863432531e-02
ENSG00000024048.12	81	90	9.999000099990002e-05	2.059376111200905e-02
ENSG00000024422.13	81	90	9.999000099990002e-05	2.059376111200905e-02
ENSG00000024526.18	81	90	9.999000099990002e-05	2.059376111200905e-02
ENSG00000024862.19	81	90	9.999000099990002e-05	2.059376111200905e-02
ENSG00000025770.20	81	90	9.999000099990002e-05	2.059376111200905e-02
ENSG00000025772.9	81	90	9.999000099990002e-05	2.059376111200905e-02
ENSG00000025796.15	81	90	1.000000000000000e-04	2.059376111200905e-02
ENSG00000026036.23	81	90	9.999000099990002e-05	2.059376111200905e-02
ENSG00000026297.18	81	90	2.000000000000000e-04	3.728269202633504e-02
ENSG00000026508.22	81	90	1.000000000000000e-04	2.059376111200905e-02
ENSG00000026559.15	81	90	9.999000099990002e-05	2.059376111200905e-02
ENSG00000026950.19	81	90	9.999000099990002e-05	2.059376111200905e-02
ENSG00000027847.15	81	90	9.999000099990002e-05	2.059376111200905e-02
ENSG00000028310.19	81	90	5.999999999999999e-04	9.084748663101604e-02
ENSG00000028839.10	81	90	3.000000000000000e-04	5.194194863432531e-02
ENSG00000029153.16	81	90	9.999000099990002e-05	2.059376111200905e-02
ENSG00000029363.18	81	90	2.000000000000000e-04	3.728269202633504e-02
ENSG00000029993.16	81	90	9.999000099990002e-05	2.059376111200905e-02
ENSG00000031823.15	81	90	9.999000099990002e-05	2.059376111200905e-02
ENSG00000032389.14	81	90	3.000000000000000e-04	5.194194863432531e-02
ENSG00000032444.17	81	90	3.000000000000000e-04	5.194194863432531e-02
ENSG00000033011.15	81	90	5.000000000000000e-04	7.851466600936653e-02
ENSG00000033178.14	81	90	2.000000000000000e-04	3.728269202633504e-02
ENSG00000034510.7	81	90	1.000000000000000e-04	2.059376111200905e-02
ENSG00000034713.8	81	90	9.999000099990002e-05	2.059376111200905e-02
ENSG00000035115.23	81	90	9.999000099990002e-05	2.059376111200905e-02
ENSG00000035141.11	81	90	1.000000000000000e-04	2.059376111200905e-02
ENSG00000035499.14	81	90	9.999000099990002e-05	2.059376111200905e-02
ENSG00000035681.11	81	90	3.000000000000000e-04	5.194194863432531e-02
ENSG00000037965.6	81	90	9.999000099990002e-05	2.059376111200905e-02
ENSG00000038274.19	81	90	9.999000099990002e-05	2.059376111200905e-02
ENSG00000038382.23	81	90	9.999000099990002e-05	2.059376111200905e-02
ENSG00000039523.21	81	90	2.000000000000000e-04	3.728269202633504e-02
ENSG00000040487.14	81	90	4.000000000000000e-04	6.548302711036876e-02
ENSG00000042088.15	81	90	9.999000099990002e-05	2.059376111200905e-02
ENSG00000043143.23	81	90	9.999000099990002e-05	2.059376111200905e-02
ENSG00000047188.17	81	90	9.999000099990002e-05	2.059376111200905e-02
ENSG00000047346.14	81	90	9.999000099990002e-05	2.059376111200905e-02
ENSG00000047932.15	81	90	4.000000000000000e-04	6.548302711036876e-02
ENSG00000048140.19	81	90	9.999000099990002e-05	2.059376111200905e-02
ENSG00000048162.23	81	90	9.999000099990002e-05	2.059376111200905e-02
ENSG00000048740.20	81	90	5.000000000000000e-04	7.851466600936653e-02
ENSG00000048828.19	81	90	9.999000099990002e-05	2.059376111200905e-02
ENSG00000049192.15	81	90	2.000000000000000e-04	3.728269202633504e-02
ENSG00000049239.14	81	90	3.000000000000000e-04	5.194194863432531e-02
ENSG00000049449.11	81	90	9.999000099990002e-05	2.059376111200905e-02
ENSG00000049541.12	81	90	9.999000099990002e-05	2.059376111200905e-02
ENSG00000050426.17	81	90	9.999000099990002e-05	2.059376111200905e-02
ENSG00000050438.18	81	90	9.999000099990002e-05	2.059376111200905e-02
ENSG00000050820.18	81	90	9.999000099990002e-05	2.059376111200905e-02
ENSG00000051180.18	81	90	9.999000099990002e-05	2.059376111200905e-02
ENSG00000051341.16	81	90	9.999000099990002e-05	2.059376111200905e-02
ENSG00000051523.13	81	90	5.000000000000000e-04	7.851466600936653e-02
ENSG00000051620.12	81	90	9.999000099990002e-05	2.059376111200905e-02
ENSG00000052723.13	81	90	5.000000000000000e-04	7.851466600936653e-02
ENSG00000052802.14	81	90	1.000000000000000e-04	2.059376111200905e-02
ENSG00000052841.17	81	90	9.999000099990002e-05	2.059376111200905e-02
ENSG00000053328.10	81	90	9.999000099990002e-05	2.059376111200905e-02
ENSG00000053371.14	81	90	5.999999999999999e-04	9.084748663101604e-02
ENSG00000053372.6	81	90	9.999000099990002e-05	2.059376111200905e-02
ENSG00000053770.13	81	90	9.999000099990002e-05	2.059376111200905e-02
ENSG00000054267.23	81	90	4.000000000000000e-04	6.548302711036876e-02
ENSG00000054392.14	81	90	3.000000000000000e-04	5.194194863432531e-02
ENSG00000054611.15	81	90	3.000000000000000e-04	5.194194863432531e-02
ENSG00000054967.14	81	90	9.999000099990002e-05	2.059376111200905e-02
ENSG00000055208.21	81	90	4.000000000000000e-04	6.548302711036876e-02
ENSG00000055211.15	81	90	9.999000099990002e-05	2.059376111200905e-02
ENSG00000056736.11	81	90	1.000000000000000e-04	2.059376111200905e-02
ENSG00000056998.22	81	90	9.999000099990002e-05	2.059376111200905e-02
ENSG00000057935.15	81	90	9.999000099990002e-05	2.059376111200905e-02
ENSG00000058272.20	81	90	9.999000099990002e-05	2.059376111200905e-02
ENSG00000058453.18	81	90	9.999000099990002e-05	2.059376111200905e-02
ENSG00000058673.17	81	90	4.000000000000000e-04	6.548302711036876e-02
ENSG00000058729.12	81	90	2.000000000000000e-04	3.728269202633504e-02
ENSG00000058804.13	81	90	9.999000099990002e-05	2.059376111200905e-02
ENSG00000059573.10	81	90	5.000000000000000e-04	7.851466600936653e-02
ENSG00000060069.19	81	90	9.999000099990002e-05	2.059376111200905e-02
ENSG00000060491.18	81	90	5.000000000000000e-04	7.851466600936653e-02
ENSG00000060982.16	81	90	9.999000099990002e-05	2.059376111200905e-02
ENSG00000061337.16	81	90	3.000000000000000e-04	5.194194863432531e-02
ENSG00000061938.22	81	90	9.999000099990002e-05	2.059376111200905e-02
ENSG00000061987.17	81	90	9.999000099990002e-05	2.059376111200905e-02
ENSG00000062194.17	81	90	9.999000099990002e-05	2.059376111200905e-02
ENSG00000062485.20	81	90	9.999000099990002e-05	2.059376111200905e-02
ENSG00000062582.15	81	90	9.999000099990002e-05	2.059376111200905e-02
ENSG00000062822.17	81	90	9.999000099990002e-05	2.059376111200905e-02
ENSG00000063046.19	81	90	3.000000000000000e-04	5.194194863432531e-02
ENSG00000063169.13	81	90	9.999000099990002e-05	2.059376111200905e-02
ENSG00000063176.17	81	90	9.999000099990002e-05	2.059376111200905e-02
ENSG00000063244.15	81	90	9.999000099990002e-05	2.059376111200905e-02
ENSG00000063245.16	81	90	9.999000099990002e-05	2.059376111200905e-02
ENSG00000063587.15	81	90	2.000000000000000e-04	3.728269202633504e-02
ENSG00000063660.10	81	90	9.999000099990002e-05	2.059376111200905e-02
ENSG00000063978.18	81	90	9.999000099990002e-05	2.059376111200905e-02
ENSG00000064309.17	81	90	9.999000099990002e-05	2.059376111200905e-02
ENSG00000064393.17	81	90	2.000000000000000e-04	3.728269202633504e-02
ENSG00000064419.15	81	90	1.000000000000000e-04	2.059376111200905e-02
ENSG00000064545.16	81	90	9.999000099990002e-05	2.059376111200905e-02
ENSG00000064601.22	81	90	1.000000000000000e-04	2.059376111200905e-02
ENSG00000064787.15	81	90	3.000000000000000e-04	5.194194863432531e-02
ENSG00000064932.17	81	90	9.999000099990002e-05	2.059376111200905e-02
ENSG00000064961.20	81	90	9.999000099990002e-05	2.059376111200905e-02
ENSG00000065000.21	81	90	1.000000000000000e-04	2.059376111200905e-02
ENSG00000065054.15	81	90	9.999000099990002e-05	2.059376111200905e-02
ENSG00000065057.10	81	90	9.999000099990002e-05	2.059376111200905e-02
ENSG00000065154.13	81	90	1.000000000000000e-04	2.059376111200905e-02
ENSG00000065268.12	81	90	9.999000099990002e-05	2.059376111200905e-02
ENSG00000065328.18	81	90	9.999000099990002e-05	2.059376111200905e-02
ENSG00000065491.9	81	90	9.999000099990002e-05	2.059376111200905e-02
ENSG00000065534.21	81	90	9.999000099990002e-05	2.059376111200905e-02
ENSG00000065615.15	81	90	9.999000099990002e-05	2.059376111200905e-02
ENSG00000065618.22	81	90	9.999000099990002e-05	2.059376111200905e-02
ENSG00000065802.13	81	90	1.000000000000000e-04	2.059376111200905e-02
ENSG00000065833.10	81	90	1.000000000000000e-04	2.059376111200905e-02
ENSG00000065882.19	81	90	1.000000000000000e-04	2.059376111200905e-02
ENSG00000065883.19	81	90	9.999000099990002e-05	2.059376111200905e-02
ENSG00000065978.20	81	90	9.999000099990002e-05	2.059376111200905e-02
ENSG00000066027.13	81	90	9.999000099990002e-05	2.059376111200905e-02
ENSG00000066044.16	81	90	9.999000099990002e-05	2.059376111200905e-02
ENSG00000066230.12	81	90	9.999000099990002e-05	2.059376111200905e-02
ENSG00000066279.20	81	90	9.999000099990002e-05	2.059376111200905e-02
ENSG00000066322.16	81	90	3.000000000000000e-04	5.194194863432531e-02
ENSG00000066422.8	81	90	9.999000099990002e-05	2.059376111200905e-02
ENSG00000066455.14	81	90	9.999000099990002e-05	2.059376111200905e-02
ENSG00000066629.20	81	90	5.999999999999999e-04	9.084748663101604e-02
ENSG00000066697.16	81	90	1.000000000000000e-04	2.059376111200905e-02
ENSG00000066777.10	81	90	9.999000099990002e-05	2.059376111200905e-02
ENSG00000066855.17	81	90	9.999000099990002e-05	2.059376111200905e-02
ENSG00000067066.18	81	90	9.999000099990002e-05	2.059376111200905e-02
ENSG00000067082.16	81	90	9.999000099990002e-05	2.059376111200905e-02
ENSG00000067113.18	81	90	5.000000000000000e-04	7.851466600936653e-02
ENSG00000067167.9	81	90	9.999000099990002e-05	2.059376111200905e-02
ENSG00000067182.10	81	90	9.999000099990002e-05	2.059376111200905e-02
ENSG00000067369.15	81	90	9.999000099990002e-05	2.059376111200905e-02
ENSG00000067445.23	81	90	3.000000000000000e-04	5.194194863432531e-02
ENSG00000067560.15	81	90	9.999000099990002e-05	2.059376111200905e-02
ENSG00000067955.16	81	90	9.999000099990002e-05	2.059376111200905e-02
ENSG00000068001.15	81	90	9.999000099990002e-05	2.059376111200905e-02
ENSG00000068028.19	81	90	3.000000000000000e-04	5.194194863432531e-02
ENSG00000068305.20	81	90	1.000000000000000e-04	2.059376111200905e-02
ENSG00000068438.16	81	90	9.999000099990002e-05	2.059376111200905e-02
ENSG00000068489.13	81	90	9.999000099990002e-05	2.059376111200905e-02
ENSG00000068650.20	81	90	3.000000000000000e-04	5.194194863432531e-02
ENSG00000068697.8	81	90	9.999000099990002e-05	2.059376111200905e-02
ENSG00000068912.16	81	90	3.000000000000000e-04	5.194194863432531e-02
ENSG00000069275.14	81	90	9.999000099990002e-05	2.059376111200905e-02
ENSG00000069345.13	81	90	9.999000099990002e-05	2.059376111200905e-02
ENSG00000069482.8	81	90	9.999000099990002e-05	2.059376111200905e-02
ENSG00000069943.11	81	90	9.999000099990002e-05	2.059376111200905e-02
ENSG00000070010.20	81	90	9.999000099990002e-05	2.059376111200905e-02
ENSG00000070047.14	81	90	5.999999999999999e-04	9.084748663101604e-02
ENSG00000070182.22	81	90	9.999000099990002e-05	2.059376111200905e-02
ENSG00000070214.18	81	90	9.999000099990002e-05	2.059376111200905e-02
ENSG00000070269.15	81	90	1.000000000000000e-04	2.059376111200905e-02
ENSG00000070423.19	81	90	9.999000099990002e-05	2.059376111200905e-02
ENSG00000070444.16	81	90	1.000000000000000e-04	2.059376111200905e-02
ENSG00000070476.16	81	90	9.999000099990002e-05	2.059376111200905e-02
ENSG00000070540.14	81	90	9.999000099990002e-05	2.059376111200905e-02
ENSG00000070814.23	81	90	9.999000099990002e-05	2.059376111200905e-02
ENSG00000070950.11	81	90	1.000000000000000e-04	2.059376111200905e-02
ENSG00000071082.12	81	90	9.999000099990002e-05	2.059376111200905e-02
ENSG00000071242.14	81	90	9.999000099990002e-05	2.059376111200905e-02
ENSG00000071282.13	81	90	9.999000099990002e-05	2.059376111200905e-02
ENSG00000071539.15	81	90	9.999000099990002e-05	2.059376111200905e-02
ENSG00000071564.20	81	90	9.999000099990002e-05	2.059376111200905e-02
ENSG00000071575.12	81	90	9.999000099990002e-05	2.059376111200905e-02
ENSG00000071626.18	81	90	9.999000099990002e-05	2.059376111200905e-02
ENSG00000071655.19	81	90	9.999000099990002e-05	2.059376111200905e-02
ENSG00000071889.18	81	90	9.999000099990002e-05	2.059376111200905e-02
ENSG00000071967.13	81	90	9.999000099990002e-05	2.059376111200905e-02
ENSG00000072135.14	81	90	4.000000000000000e-04	6.548302711036876e-02
ENSG00000072210.20	81	90	5.000000000000000e-04	7.851466600936653e-02
ENSG00000072401.16	81	90	9.999000099990002e-05	2.059376111200905e-02
ENSG00000072422.18	81	90	9.999000099990002e-05	2.059376111200905e-02
ENSG00000072501.20	81	90	9.999000099990002e-05	2.059376111200905e-02
ENSG00000072506.15	81	90	2.000000000000000e-04	3.728269202633504e-02
ENSG00000072571.21	81	90	9.999000099990002e-05	2.059376111200905e-02
ENSG00000072786.14	81	90	9.999000099990002e-05	2.059376111200905e-02
ENSG00000072803.19	81	90	2.000000000000000e-04	3.728269202633504e-02
ENSG00000072952.22	81	90	3.000000000000000e-04	5.194194863432531e-02
ENSG00000072958.10	81	90	9.999000099990002e-05	2.059376111200905e-02
ENSG00000073050.13	81	90	9.999000099990002e-05	2.059376111200905e-02
ENSG00000073111.16	81	90	9.999000099990002e-05	2.059376111200905e-02
ENSG00000073150.14	81	90	9.999000099990002e-05	2.059376111200905e-02
ENSG00000073169.15	81	90	9.999000099990002e-05	2.059376111200905e-02
ENSG00000073536.19	81	90	1.000000000000000e-04	2.059376111200905e-02
ENSG00000074047.23	81	90	9.999000099990002e-05	2.059376111200905e-02
ENSG00000074071.16	81	90	9.999000099990002e-05	2.059376111200905e-02
ENSG00000074416.17	81	90	9.999000099990002e-05	2.059376111200905e-02
ENSG00000074800.17	81	90	5.000000000000000e-04	7.851466600936653e-02
ENSG00000074842.9	81	90	9.999000099990002e-05	2.059376111200905e-02
ENSG00000074855.11	81	90	9.999000099990002e-05	2.059376111200905e-02
ENSG00000075089.11	81	90	9.999000099990002e-05	2.059376111200905e-02
ENSG00000075131.11	81	90	9.999000099990002e-05	2.059376111200905e-02
ENSG00000075218.20	81	90	9.999000099990002e-05	2.059376111200905e-02
ENSG00000075234.18	81	90	5.999999999999999e-04	9.084748663101604e-02
ENSG00000075292.21	81	90	9.999000099990002e-05	2.059376111200905e-02
ENSG00000075407.20	81	90	9.999000099990002e-05	2.059376111200905e-02
ENSG00000075413.20	81	90	1.000000000000000e-04	2.059376111200905e-02
ENSG00000075415.16	81	90	9.999000099990002e-05	2.059376111200905e-02
ENSG00000075618.19	81	90	9.999000099990002e-05	2.059376111200905e-02
ENSG00000075624.18	81	90	5.999999999999999e-04	9.084748663101604e-02
ENSG00000075651.18	81	90	1.000000000000000e-04	2.059376111200905e-02
ENSG00000075702.19	81	90	9.999000099990002e-05	2.059376111200905e-02
ENSG00000075785.15	81	90	1.000000000000000e-04	2.059376111200905e-02
ENSG00000075826.18	81	90	9.999000099990002e-05	2.059376111200905e-02
ENSG00000076003.6	81	90	4.000000000000000e-04	6.548302711036876e-02
ENSG00000076043.12	81	90	4.000000000000000e-04	6.548302711036876e-02
ENSG00000076053.13	81	90	5.999999999999999e-04	9.084748663101604e-02
ENSG00000076201.17	81	90	3.000000000000000e-04	5.194194863432531e-02
ENSG00000076258.11	81	90	9.999000099990002e-05	2.059376111200905e-02
ENSG00000076356.8	81	90	9.999000099990002e-05	2.059376111200905e-02
ENSG00000076382.18	81	90	9.999000099990002e-05	2.059376111200905e-02
ENSG00000076662.12	81	90	4.000000000000000e-04	6.548302711036876e-02
ENSG00000076685.20	81	90	9.999000099990002e-05	2.059376111200905e-02
ENSG00000076716.10	81	90	9.999000099990002e-05	2.059376111200905e-02
ENSG00000076924.13	81	90	9.999000099990002e-05	2.059376111200905e-02
ENSG00000076928.21	81	90	1.000000000000000e-04	2.059376111200905e-02
ENSG00000077097.18	81	90	9.999000099990002e-05	2.059376111200905e-02
ENSG00000077147.17	81	90	9.999000099990002e-05	2.059376111200905e-02
ENSG00000077152.13	81	90	9.999000099990002e-05	2.059376111200905e-02
ENSG00000077254.15	81	90	9.999000099990002e-05	2.059376111200905e-02
ENSG00000077348.11	81	90	1.000000000000000e-04	2.059376111200905e-02
ENSG00000077454.18	81	90	9.999000099990002e-05	2.059376111200905e-02
ENSG00000077463.16	81	90	9.999000099990002e-05	2.059376111200905e-02
ENSG00000077514.10	81	90	9.999000099990002e-05	2.059376111200905e-02
ENSG00000077549.20	81	90	5.999999999999999e-04	9.084748663101604e-02
ENSG00000077585.15	81	90	4.000000000000000e-04	6.548302711036876e-02
ENSG00000077943.9	81	90	9.999000099990002e-05	2.059376111200905e-02
ENSG00000078018.23	81	90	9.999000099990002e-05	2.059376111200905e-02
ENSG00000078070.15	81	90	4.000000000000000e-04	6.548302711036876e-02
ENSG00000078098.16	81	90	9.999000099990002e-05	2.059376111200905e-02
ENSG00000078140.15	81	90	9.999000099990002e-05	2.059376111200905e-02
ENSG00000078142.15	81	90	9.999000099990002e-05	2.059376111200905e-02
ENSG00000078269.15	81	90	9.999000099990002e-05	2.059376111200905e-02
ENSG00000078369.20	81	90	2.000000000000000e-04	3.728269202633504e-02
ENSG00000078399.19	81	90	1.000000000000000e-04	2.059376111200905e-02
ENSG00000078725.14	81	90	9.999000099990002e-05	2.059376111200905e-02
ENSG00000078902.17	81	90	1.000000000000000e-04	2.059376111200905e-02
ENSG00000079156.18	81	90	9.999000099990002e-05	2.059376111200905e-02
ENSG00000079313.16	81	90	2.000000000000000e-04	3.728269202633504e-02
ENSG00000079435.11	81	90	1.000000000000000e-04	2.059376111200905e-02
ENSG00000079462.9	81	90	9.999000099990002e-05	2.059376111200905e-02
ENSG00000079616.15	81	90	9.999000099990002e-05	2.059376111200905e-02
ENSG00000079974.20	81	90	3.000000000000000e-04	5.194194863432531e-02
ENSG00000080493.20	81	90	2.000000000000000e-04	3.728269202633504e-02
ENSG00000080503.26	81	90	5.000000000000000e-04	7.851466600936653e-02
ENSG00000080546.15	81	90	9.999000099990002e-05	2.059376111200905e-02
ENSG00000080603.18	81	90	5.999999999999999e-04	9.084748663101604e-02
ENSG00000080839.13	81	90	9.999000099990002e-05	2.059376111200905e-02
ENSG00000080845.20	81	90	9.999000099990002e-05	2.059376111200905e-02
ENSG00000080986.14	81	90	9.999000099990002e-05	2.059376111200905e-02
ENSG00000081051.8	81	90	1.000000000000000e-04	2.059376111200905e-02
ENSG00000081277.13	81	90	9.999000099990002e-05	2.059376111200905e-02
ENSG00000081377.18	81	90	9.999000099990002e-05	2.059376111200905e-02
ENSG00000081665.15	81	90	3.000000000000000e-04	5.194194863432531e-02
ENSG00000082269.18	81	90	1.000000000000000e-04	2.059376111200905e-02
ENSG00000082482.15	81	90	4.000000000000000e-04	6.548302711036876e-02
ENSG00000082497.13	81	90	9.999000099990002e-05	2.059376111200905e-02
ENSG00000083097.15	81	90	3.000000000000000e-04	5.194194863432531e-02
ENSG00000083223.19	81	90	9.999000099990002e-05	2.059376111200905e-02
ENSG00000083454.24	81	90	1.000000000000000e-04	2.059376111200905e-02
ENSG00000083544.17	81	90	9.999000099990002e-05	2.059376111200905e-02
ENSG00000083720.14	81	90	9.999000099990002e-05	2.059376111200905e-02
ENSG00000083750.14	81	90	9.999000099990002e-05	2.059376111200905e-02
ENSG00000083812.14	81	90	9.999000099990002e-05	2.059376111200905e-02
ENSG00000083814.14	81	90	1.000000000000000e-04	2.059376111200905e-02
ENSG00000083896.14	81	90	4.000000000000000e-04	6.548302711036876e-02
ENSG00000083937.10	81	90	2.000000000000000e-04	3.728269202633504e-02
ENSG00000084073.11	81	90	1.000000000000000e-04	2.059376111200905e-02
ENSG00000084234.19	81	90	2.000000000000000e-04	3.728269202633504e-02
ENSG00000084444.15	81	90	9.999000099990002e-05	2.059376111200905e-02
ENSG00000084463.9	81	90	9.999000099990002e-05	2.059376111200905e-02
ENSG00000084676.17	81	90	4.000000000000000e-04	6.548302711036876e-02
ENSG00000084710.15	81	90	9.999000099990002e-05	2.059376111200905e-02
ENSG00000084754.13	81	90	3.000000000000000e-04	5.194194863432531e-02
ENSG00000084774.15	81	90	9.999000099990002e-05	2.059376111200905e-02
ENSG00000085274.17	81	90	9.999000099990002e-05	2.059376111200905e-02
ENSG00000085382.13	81	90	3.000000000000000e-04	5.194194863432531e-02
ENSG00000085465.14	81	90	5.000000000000000e-04	7.851466600936653e-02
ENSG00000085644.15	81	90	9.999000099990002e-05	2.059376111200905e-02
ENSG00000085832.19	81	90	9.999000099990002e-05	2.059376111200905e-02
ENSG00000085840.14	81	90	9.999000099990002e-05	2.059376111200905e-02
ENSG00000085872.16	81	90	9.999000099990002e-05	2.059376111200905e-02
ENSG00000085999.14	81	90	9.999000099990002e-05	2.059376111200905e-02
ENSG00000086065.15	81	90	9.999000099990002e-05	2.059376111200905e-02
ENSG00000086200.18	81	90	1.000000000000000e-04	2.059376111200905e-02
ENSG00000086475.16	81	90	5.000000000000000e-04	7.851466600936653e-02
ENSG00000086758.18	81	90	1.000000000000000e-04	2.059376111200905e-02
ENSG00000086827.10	81	90	9.999000099990002e-05	2.059376111200905e-02
ENSG00000087245.13	81	90	9.999000099990002e-05	2.059376111200905e-02
ENSG00000087266.19	81	90	9.999000099990002e-05	2.059376111200905e-02
ENSG00000087269.17	81	90	9.999000099990002e-05	2.059376111200905e-02
ENSG00000087299.13	81	90	9.999000099990002e-05	2.059376111200905e-02
ENSG00000087495.18	81	90	9.999000099990002e-05	2.059376111200905e-02
ENSG00000087586.19	81	90	9.999000099990002e-05	2.059376111200905e-02
ENSG00000088247.19	81	90	9.999000099990002e-05	2.059376111200905e-02
ENSG00000088325.17	81	90	9.999000099990002e-05	2.059376111200905e-02
ENSG00000088766.13	81	90	9.999000099990002e-05	2.059376111200905e-02
ENSG00000088812.19	81	90	5.000000000000000e-04	7.851466600936653e-02
ENSG00000088888.19	81	90	9.999000099990002e-05	2.059376111200905e-02
ENSG00000088930.9	81	90	2.000000000000000e-04	3.728269202633504e-02
ENSG00000088970.17	81	90	1.000000000000000e-04	2.059376111200905e-02
ENSG00000089060.13	81	90	4.000000000000000e-04	6.548302711036876e-02
ENSG00000089063.17	81	90	4.000000000000000e-04	6.548302711036876e-02
ENSG00000089159.18	81	90	9.999000099990002e-05	2.059376111200905e-02
ENSG00000089289.17	81	90	9.999000099990002e-05	2.059376111200905e-02
ENSG00000089327.17	81	90	1.000000000000000e-04	2.059376111200905e-02
ENSG00000089335.23	81	90	9.999000099990002e-05	2.059376111200905e-02
ENSG00000089472.19	81	90	9.999000099990002e-05	2.059376111200905e-02
ENSG00000089505.18	81	90	9.999000099990002e-05	2.059376111200905e-02
ENSG00000089685.16	81	90	9.999000099990002e-05	2.059376111200905e-02
ENSG00000089737.20	81	90	1.000000000000000e-04	2.059376111200905e-02
ENSG00000089876.13	81	90	9.999000099990002e-05	2.059376111200905e-02
ENSG00000090273.15	81	90	2.000000000000000e-04	3.728269202633504e-02
ENSG00000090316.17	81	90	9.999000099990002e-05	2.059376111200905e-02
ENSG00000090487.12	81	90	9.999000099990002e-05	2.059376111200905e-02
ENSG00000090889.13	81	90	9.999000099990002e-05	2.059376111200905e-02
ENSG00000091073.21	81	90	9.999000099990002e-05	2.059376111200905e-02
ENSG00000091409.18	81	90	9.999000099990002e-05	2.059376111200905e-02
ENSG00000091622.16	81	90	1.000000000000000e-04	2.059376111200905e-02
ENSG00000091651.10	81	90	9.999000099990002e-05	2.059376111200905e-02
ENSG00000092020.12	81	90	2.000000000000000e-04	3.728269202633504e-02
ENSG00000092140.17	81	90	9.999000099990002e-05	2.059376111200905e-02
ENSG00000092201.11	81	90	1.000000000000000e-04	2.059376111200905e-02
ENSG00000092330.20	81	90	9.999000099990002e-05	2.059376111200905e-02
ENSG00000092439.16	81	90	1.000000000000000e-04	2.059376111200905e-02
ENSG00000092445.13	81	90	9.999000099990002e-05	2.059376111200905e-02
ENSG00000092470.13	81	90	9.999000099990002e-05	2.059376111200905e-02
ENSG00000092607.15	81	90	1.000000000000000e-04	2.059376111200905e-02
ENSG00000092820.20	81	90	2.000000000000000e-04	3.728269202633504e-02
ENSG00000092853.15	81	90	9.999000099990002e-05	2.059376111200905e-02
ENSG00000092964.18	81	90	9.999000099990002e-05	2.059376111200905e-02
ENSG00000093000.20	81	90	9.999000099990002e-05	2.059376111200905e-02
ENSG00000093009.12	81	90	9.999000099990002e-05	2.059376111200905e-02
ENSG00000093217.12	81	90	1.000000000000000e-04	2.059376111200905e-02
ENSG00000094804.13	81	90	9.999000099990002e-05	2.059376111200905e-02
ENSG00000094916.17	81	90	9.999000099990002e-05	2.059376111200905e-02
ENSG00000095002.17	81	90	5.999999999999999e-04	9.084748663101604e-02
ENSG00000095015.7	81	90	9.999000099990002e-05	2.059376111200905e-02
ENSG00000095319.15	81	90	1.000000000000000e-04	2.059376111200905e-02
ENSG00000095321.19	81	90	1.000000000000000e-04	2.059376111200905e-02
ENSG00000095380.12	81	90	1.000000000000000e-04	2.059376111200905e-02
ENSG00000095383.20	81	90	9.999000099990002e-05	2.059376111200905e-02
ENSG00000095397.19	81	90	9.999000099990002e-05	2.059376111200905e-02
ENSG00000095752.7	81	90	9.999000099990002e-05	2.059376111200905e-02
ENSG00000095906.18	81	90	9.999000099990002e-05	2.059376111200905e-02
ENSG00000095951.19	81	90	9.999000099990002e-05	2.059376111200905e-02
ENSG00000096063.17	81	90	9.999000099990002e-05	2.059376111200905e-02
ENSG00000096093.17	81	90	2.000000000000000e-04	3.728269202633504e-02
ENSG00000096717.13	81	90	9.999000099990002e-05	2.059376111200905e-02
ENSG00000096746.19	81	90	4.000000000000000e-04	6.548302711036876e-02
ENSG00000097021.22	81	90	9.999000099990002e-05	2.059376111200905e-02
ENSG00000097046.14	81	90	9.999000099990002e-05	2.059376111200905e-02
ENSG00000099139.15	81	90	2.000000000000000e-04	3.728269202633504e-02
ENSG00000099246.20	81	90	9.999000099990002e-05	2.059376111200905e-02
ENSG00000099290.18	81	90	2.000000000000000e-04	3.728269202633504e-02
ENSG00000099331.15	81	90	3.000000000000000e-04	5.194194863432531e-02
ENSG00000099364.18	81	90	9.999000099990002e-05	2.059376111200905e-02
ENSG00000099377.15	81	90	9.999000099990002e-05	2.059376111200905e-02
ENSG00000099381.20	81	90	5.000000000000000e-04	7.851466600936653e-02
ENSG00000099385.13	81	90	9.999000099990002e-05	2.059376111200905e-02
ENSG00000099624.9	81	90	9.999000099990002e-05	2.059376111200905e-02
ENSG00000099795.8	81	90	9.999000099990002e-05	2.059376111200905e-02
ENSG00000099800.9	81	90	9.999000099990002e-05	2.059376111200905e-02
ENSG00000099804.10	81	90	1.000000000000000e-04	2.059376111200905e-02
ENSG00000099814.18	81	90	9.999000099990002e-05	2.059376111200905e-02
ENSG00000099817.13	81	90	9.999000099990002e-05	2.059376111200905e-02
ENSG00000099901.19	81	90	9.999000099990002e-05	2.059376111200905e-02
ENSG00000099904.17	81	90	1.000000000000000e-04	2.059376111200905e-02
ENSG00000099917.18	81	90	9.999000099990002e-05	2.059376111200905e-02
ENSG00000099956.21	81	90	1.000000000000000e-04	2.059376111200905e-02
ENSG00000099995.20	81	90	9.999000099990002e-05	2.059376111200905e-02
ENSG00000100003.18	81	90	2.000000000000000e-04	3.728269202633504e-02
ENSG00000100028.13	81	90	9.999000099990002e-05	2.059376111200905e-02
ENSG00000100030.16	81	90	1.000000000000000e-04	2.059376111200905e-02
ENSG00000100034.14	81	90	9.999000099990002e-05	2.059376111200905e-02
ENSG00000100036.13	81	90	9.999000099990002e-05	2.059376111200905e-02
ENSG00000100056.13	81	90	9.999000099990002e-05	2.059376111200905e-02
ENSG00000100075.11	81	90	9.999000099990002e-05	2.059376111200905e-02
ENSG00000100106.22	81	90	9.999000099990002e-05	2.059376111200905e-02
ENSG00000100124.16	81	90	9.999000099990002e-05	2.059376111200905e-02
ENSG00000100129.18	81	90	1.000000000000000e-04	2.059376111200905e-02
ENSG00000100138.15	81	90	9.999000099990002e-05	2.059376111200905e-02
ENSG00000100139.15	81	90	9.999000099990002e-05	2.059376111200905e-02
ENSG00000100147.16	81	90	9.999000099990002e-05	2.059376111200905e-02
ENSG00000100162.17	81	90	9.999000099990002e-05	2.059376111200905e-02
ENSG00000100201.23	81	90	9.999000099990002e-05	2.059376111200905e-02
ENSG00000100211.13	81	90	2.000000000000000e-04	3.728269202633504e-02
ENSG00000100239.17	81	90	9.999000099990002e-05	2.059376111200905e-02
ENSG00000100242.17	81	90	9.999000099990002e-05	2.059376111200905e-02
ENSG00000100258.19	81	90	9.999000099990002e-05	2.059376111200905e-02
ENSG00000100263.15	81	90	5.000000000000000e-04	7.851466600936653e-02
ENSG00000100266.20	81	90	9.999000099990002e-05	2.059376111200905e-02
ENSG00000100280.18	81	90	9.999000099990002e-05	2.059376111200905e-02
ENSG00000100288.21	81	90	1.000000000000000e-04	2.059376111200905e-02
ENSG00000100297.17	81	90	9.999000099990002e-05	2.059376111200905e-02
ENSG00000100299.19	81	90	9.999000099990002e-05	2.059376111200905e-02
ENSG00000100300.19	81	90	9.999000099990002e-05	2.059376111200905e-02
ENSG00000100302.8	81	90	9.999000099990002e-05	2.059376111200905e-02
ENSG00000100304.13	81	90	9.999000099990002e-05	2.059376111200905e-02
ENSG00000100335.16	81	90	9.999000099990002e-05	2.059376111200905e-02
ENSG00000100342.23	81	90	9.999000099990002e-05	2.059376111200905e-02
ENSG00000100359.22	81	90	9.999000099990002e-05	2.059376111200905e-02
ENSG00000100379.19	81	90	2.000000000000000e-04	3.728269202633504e-02
ENSG00000100380.16	81	90	9.999000099990002e-05	2.059376111200905e-02
ENSG00000100387.10	81	90	1.000000000000000e-04	2.059376111200905e-02
ENSG00000100395.16	81	90	1.000000000000000e-04	2.059376111200905e-02
ENSG00000100401.22	81	90	9.999000099990002e-05	2.059376111200905e-02
ENSG00000100403.13	81	90	1.000000000000000e-04	2.059376111200905e-02
ENSG00000100413.18	81	90	9.999000099990002e-05	2.059376111200905e-02
ENSG00000100416.16	81	90	9.999000099990002e-05	2.059376111200905e-02
ENSG00000100417.13	81	90	5.999999999999999e-04	9.084748663101604e-02
ENSG00000100418.9	81	90	9.999000099990002e-05	2.059376111200905e-02
ENSG00000100422.15	81	90	9.999000099990002e-05	2.059376111200905e-02
ENSG00000100425.21	81	90	9.999000099990002e-05	2.059376111200905e-02
ENSG00000100426.9	81	90	9.999000099990002e-05	2.059376111200905e-02
ENSG00000100478.18	81	90	2.000000000000000e-04	3.728269202633504e-02
ENSG00000100479.15	81	90	3.000000000000000e-04	5.194194863432531e-02
ENSG00000100485.13	81	90	2.000000000000000e-04	3.728269202633504e-02
ENSG00000100504.18	81	90	9.999000099990002e-05	2.059376111200905e-02
ENSG00000100526.22	81	90	9.999000099990002e-05	2.059376111200905e-02
ENSG00000100558.10	81	90	9.999000099990002e-05	2.059376111200905e-02
ENSG00000100578.18	81	90	9.999000099990002e-05	2.059376111200905e-02
ENSG00000100614.19	81	90	9.999000099990002e-05	2.059376111200905e-02
ENSG00000100629.18	81	90	9.999000099990002e-05	2.059376111200905e-02
ENSG00000100632.12	81	90	2.000000000000000e-04	3.728269202633504e-02
ENSG00000100711.15	81	90	2.000000000000000e-04	3.728269202633504e-02
ENSG00000100714.19	81	90	9.999000099990002e-05	2.059376111200905e-02
ENSG00000100726.16	81	90	9.999000099990002e-05	2.059376111200905e-02
ENSG00000100739.12	81	90	5.000000000000000e-04	7.851466600936653e-02
ENSG00000100749.10	81	90	9.999000099990002e-05	2.059376111200905e-02
ENSG00000100764.15	81	90	3.000000000000000e-04	5.194194863432531e-02
ENSG00000100814.20	81	90	9.999000099990002e-05	2.059376111200905e-02
ENSG00000100852.15	81	90	1.000000000000000e-04	2.059376111200905e-02
ENSG00000100865.15	81	90	4.000000000000000e-04	6.548302711036876e-02
ENSG00000100867.16	81	90	9.999000099990002e-05	2.059376111200905e-02
ENSG00000100908.15	81	90	5.999999999999999e-04	9.084748663101604e-02
ENSG00000100934.16	81	90	1.000000000000000e-04	2.059376111200905e-02
ENSG00000100968.14	81	90	3.000000000000000e-04	5.194194863432531e-02
ENSG00000100983.13	81	90	2.000000000000000e-04	3.728269202633504e-02
ENSG00000100994.13	81	90	9.999000099990002e-05	2.059376111200905e-02
ENSG00000101003.12	81	90	9.999000099990002e-05	2.059376111200905e-02
ENSG00000101052.14	81	90	9.999000099990002e-05	2.059376111200905e-02
ENSG00000101057.17	81	90	9.999000099990002e-05	2.059376111200905e-02
ENSG00000101126.19	81	90	9.999000099990002e-05	2.059376111200905e-02
ENSG00000101152.13	81	90	9.999000099990002e-05	2.059376111200905e-02
ENSG00000101181.19	81	90	9.999000099990002e-05	2.059376111200905e-02
ENSG00000101182.16	81	90	2.000000000000000e-04	3.728269202633504e-02
ENSG00000101189.8	81	90	9.999000099990002e-05	2.059376111200905e-02
ENSG00000101190.14	81	90	3.000000000000000e-04	5.194194863432531e-02
ENSG00000101194.19	81	90	9.999000099990002e-05	2.059376111200905e-02
ENSG00000101199.14	81	90	5.000000000000000e-04	7.851466600936653e-02
ENSG00000101216.12	81	90	9.999000099990002e-05	2.059376111200905e-02
ENSG00000101220.19	81	90	9.999000099990002e-05	2.059376111200905e-02
ENSG00000101224.19	81	90	1.000000000000000e-04	2.059376111200905e-02
ENSG00000101246.21	81	90	9.999000099990002e-05	2.059376111200905e-02
ENSG00000101265.17	81	90	9.999000099990002e-05	2.059376111200905e-02
ENSG00000101298.16	81	90	9.999000099990002e-05	2.059376111200905e-02
ENSG00000101311.18	81	90	1.000000000000000e-04	2.059376111200905e-02
ENSG00000101337.17	81	90	9.999000099990002e-05	2.059376111200905e-02
ENSG00000101361.18	81	90	9.999000099990002e-05	2.059376111200905e-02
ENSG00000101367.10	81	90	3.000000000000000e-04	5.194194863432531e-02
ENSG00000101384.13	81	90	1.000000000000000e-04	2.059376111200905e-02
ENSG00000101407.14	81	90	3.000000000000000e-04	5.194194863432531e-02
ENSG00000101412.14	81	90	9.999000099990002e-05	2.059376111200905e-02
ENSG00000101417.13	81	90	3.000000000000000e-04	5.194194863432531e-02
ENSG00000101442.11	81	90	3.000000000000000e-04	5.194194863432531e-02
ENSG00000101444.13	81	90	9.999000099990002e-05	2.059376111200905e-02
ENSG00000101447.15	81	90	9.999000099990002e-05	2.059376111200905e-02
ENSG00000101546.13	81	90	1.000000000000000e-04	2.059376111200905e-02
ENSG00000101608.14	81	90	1.000000000000000e-04	2.059376111200905e-02
ENSG00000101654.19	81	90	9.999000099990002e-05	2.059376111200905e-02
ENSG00000101751.12	81	90	9.999000099990002e-05	2.059376111200905e-02
ENSG00000101811.16	81	90	9.999000099990002e-05	2.059376111200905e-02
ENSG00000101825.8	81	90	9.999000099990002e-05	2.059376111200905e-02
ENSG00000101856.11	81	90	9.999000099990002e-05	2.059376111200905e-02
ENSG00000101868.14	81	90	9.999000099990002e-05	2.059376111200905e-02
ENSG00000101911.14	81	90	1.000000000000000e-04	2.059376111200905e-02
ENSG00000101945.18	81	90	9.999000099990002e-05	2.059376111200905e-02
ENSG00000101997.14	81	90	9.999000099990002e-05	2.059376111200905e-02
ENSG00000102007.12	81	90	1.000000000000000e-04	2.059376111200905e-02
ENSG00000102030.17	81	90	9.999000099990002e-05	2.059376111200905e-02
ENSG00000102034.19	81	90	1.000000000000000e-04	2.059376111200905e-02
ENSG00000102038.17	81	90	9.999000099990002e-05	2.059376111200905e-02
ENSG00000102096.10	81	90	2.000000000000000e-04	3.728269202633504e-02
ENSG00000102103.19	81	90	2.000000000000000e-04	3.728269202633504e-02
ENSG00000102144.16	81	90	5.999999999999999e-04	9.084748663101604e-02
ENSG00000102158.23	81	90	1.000000000000000e-04	2.059376111200905e-02
ENSG00000102172.17	81	90	9.999000099990002e-05	2.059376111200905e-02
ENSG00000102178.13	81	90	9.999000099990002e-05	2.059376111200905e-02
ENSG00000102189.18	81	90	1.000000000000000e-04	2.059376111200905e-02
ENSG00000102225.18	81	90	9.999000099990002e-05	2.059376111200905e-02
ENSG00000102287.19	81	90	9.999000099990002e-05	2.059376111200905e-02
ENSG00000102384.15	81	90	9.999000099990002e-05	2.059376111200905e-02
ENSG00000102393.15	81	90	9.999000099990002e-05	2.059376111200905e-02
ENSG00000102466.17	81	90	5.000000000000000e-04	7.851466600936653e-02
ENSG00000102572.16	81	90	1.000000000000000e-04	2.059376111200905e-02
ENSG00000102678.7	81	90	9.999000099990002e-05	2.059376111200905e-02
ENSG00000102760.14	81	90	9.999000099990002e-05	2.059376111200905e-02
ENSG00000102781.15	81	90	9.999000099990002e-05	2.059376111200905e-02
ENSG00000102796.13	81	90	9.999000099990002e-05	2.059376111200905e-02
ENSG00000102804.17	81	90	9.999000099990002e-05	2.059376111200905e-02
ENSG00000102805.16	81	90	9.999000099990002e-05	2.059376111200905e-02
ENSG00000102870.7	81	90	9.999000099990002e-05	2.059376111200905e-02
ENSG00000102871.17	81	90	4.000000000000000e-04	6.548302711036876e-02
ENSG00000102879.18	81	90	4.000000000000000e-04	6.548302711036876e-02
ENSG00000102893.19	81	90	9.999000099990002e-05	2.059376111200905e-02
ENSG00000102897.11	81	90	9.999000099990002e-05	2.059376111200905e-02
ENSG00000102898.14	81	90	9.999000099990002e-05	2.059376111200905e-02
ENSG00000102900.14	81	90	9.999000099990002e-05	2.059376111200905e-02
ENSG00000102901.14	81	90	9.999000099990002e-05	2.059376111200905e-02
ENSG00000102967.13	81	90	2.000000000000000e-04	3.728269202633504e-02
ENSG00000102974.17	81	90	9.999000099990002e-05	2.059376111200905e-02
ENSG00000102977.19	81	90	5.000000000000000e-04	7.851466600936653e-02
ENSG00000102978.14	81	90	3.000000000000000e-04	5.194194863432531e-02
ENSG00000103018.19	81	90	9.999000099990002e-05	2.059376111200905e-02
ENSG00000103024.9	81	90	9.999000099990002e-05	2.059376111200905e-02
ENSG00000103061.14	81	90	2.000000000000000e-04	3.728269202633504e-02
ENSG00000103111.15	81	90	2.000000000000000e-04	3.728269202633504e-02
ENSG00000103121.10	81	90	9.999000099990002e-05	2.059376111200905e-02
ENSG00000103152.12	81	90	9.999000099990002e-05	2.059376111200905e-02
ENSG00000103168.18	81	90	4.000000000000000e-04	6.548302711036876e-02
ENSG00000103187.8	81	90	9.999000099990002e-05	2.059376111200905e-02
ENSG00000103249.20	81	90	1.000000000000000e-04	2.059376111200905e-02
ENSG00000103254.11	81	90	9.999000099990002e-05	2.059376111200905e-02
ENSG00000103257.11	81	90	4.000000000000000e-04	6.548302711036876e-02
ENSG00000103260.10	81	90	9.999000099990002e-05	2.059376111200905e-02
ENSG00000103266.12	81	90	2.000000000000000e-04	3.728269202633504e-02
ENSG00000103274.12	81	90	2.000000000000000e-04	3.728269202633504e-02
ENSG00000103326.13	81	90	2.000000000000000e-04	3.728269202633504e-02
ENSG00000103335.23	81	90	1.000000000000000e-04	2.059376111200905e-02
ENSG00000103342.14	81	90	9.999000099990002e-05	2.059376111200905e-02
ENSG00000103363.17	81	90	9.999000099990002e-05	2.059376111200905e-02
ENSG00000103404.16	81	90	9.999000099990002e-05	2.059376111200905e-02
ENSG00000103449.14	81	90	9.999000099990002e-05	2.059376111200905e-02
ENSG00000103479.18	81	90	9.999000099990002e-05	2.059376111200905e-02
ENSG00000103489.13	81	90	9.999000099990002e-05	2.059376111200905e-02
ENSG00000103495.15	81	90	1.000000000000000e-04	2.059376111200905e-02
ENSG00000103507.15	81	90	1.000000000000000e-04	2.059376111200905e-02
ENSG00000103653.18	81	90	9.999000099990002e-05	2.059376111200905e-02
ENSG00000103671.11	81	90	9.999000099990002e-05	2.059376111200905e-02
ENSG00000103710.11	81	90	2.000000000000000e-04	3.728269202633504e-02
ENSG00000103888.18	81	90	9.999000099990002e-05	2.059376111200905e-02
ENSG00000103942.14	81	90	9.999000099990002e-05	2.059376111200905e-02
ENSG00000103966.12	81	90	9.999000099990002e-05	2.059376111200905e-02
ENSG00000103995.14	81	90	9.999000099990002e-05	2.059376111200905e-02
ENSG00000104043.16	81	90	9.999000099990002e-05	2.059376111200905e-02
ENSG00000104047.16	81	90	9.999000099990002e-05	2.059376111200905e-02
ENSG00000104064.19	81	90	2.000000000000000e-04	3.728269202633504e-02
ENSG00000104147.10	81	90	9.999000099990002e-05	2.059376111200905e-02
ENSG00000104177.20	81	90	4.000000000000000e-04	6.548302711036876e-02
ENSG00000104213.14	81	90	2.000000000000000e-04	3.728269202633504e-02
ENSG00000104324.17	81	90	9.999000099990002e-05	2.059376111200905e-02
ENSG00000104343.22	81	90	1.000000000000000e-04	2.059376111200905e-02
ENSG00000104388.16	81	90	9.999000099990002e-05	2.059376111200905e-02
ENSG00000104412.9	81	90	1.000000000000000e-04	2.059376111200905e-02
ENSG00000104415.14	81	90	9.999000099990002e-05	2.059376111200905e-02
ENSG00000104427.14	81	90	9.999000099990002e-05	2.059376111200905e-02
ENSG00000104432.16	81	90	9.999000099990002e-05	2.059376111200905e-02
ENSG00000104450.14	81	90	5.999999999999999e-04	9.084748663101604e-02
ENSG00000104549.13	81	90	9.999000099990002e-05	2.059376111200905e-02
ENSG00000104671.9	81	90	9.999000099990002e-05	2.059376111200905e-02
ENSG00000104679.12	81	90	5.999999999999999e-04	9.084748663101604e-02
ENSG00000104738.20	81	90	9.999000099990002e-05	2.059376111200905e-02
ENSG00000104763.21	81	90	3.000000000000000e-04	5.194194863432531e-02
ENSG00000104765.17	81	90	3.000000000000000e-04	5.194194863432531e-02
ENSG00000104783.16	81	90	1.000000000000000e-04	2.059376111200905e-02
ENSG00000104825.18	81	90	9.999000099990002e-05	2.059376111200905e-02
ENSG00000104826.15	81	90	2.000000000000000e-04	3.728269202633504e-02
ENSG00000104827.12	81	90	3.000000000000000e-04	5.194194863432531e-02
ENSG00000104866.12	81	90	4.000000000000000e-04	6.548302711036876e-02
ENSG00000104870.14	81	90	2.000000000000000e-04	3.728269202633504e-02
ENSG00000104885.20	81	90	9.999000099990002e-05	2.059376111200905e-02
ENSG00000104886.13	81	90	9.999000099990002e-05	2.059376111200905e-02
ENSG00000104889.8	81	90	9.999000099990002e-05	2.059376111200905e-02
ENSG00000104897.11	81	90	9.999000099990002e-05	2.059376111200905e-02
ENSG00000104903.6	81	90	9.999000099990002e-05	2.059376111200905e-02
ENSG00000104969.12	81	90	9.999000099990002e-05	2.059376111200905e-02
ENSG00000104973.20	81	90	4.000000000000000e-04	6.548302711036876e-02
ENSG00000105011.10	81	90	9.999000099990002e-05	2.059376111200905e-02
ENSG00000105063.20	81	90	9.999000099990002e-05	2.059376111200905e-02
ENSG00000105085.11	81	90	9.999000099990002e-05	2.059376111200905e-02
ENSG00000105127.11	81	90	9.999000099990002e-05	2.059376111200905e-02
ENSG00000105135.17	81	90	9.999000099990002e-05	2.059376111200905e-02
ENSG00000105137.14	81	90	4.000000000000000e-04	6.548302711036876e-02
ENSG00000105171.11	81	90	2.000000000000000e-04	3.728269202633504e-02
ENSG00000105185.13	81	90	1.000000000000000e-04	2.059376111200905e-02
ENSG00000105197.12	81	90	9.999000099990002e-05	2.059376111200905e-02
ENSG00000105220.18	81	90	9.999000099990002e-05	2.059376111200905e-02
ENSG00000105245.10	81	90	9.999000099990002e-05	2.059376111200905e-02
ENSG00000105248.17	81	90	1.000000000000000e-04	2.059376111200905e-02
ENSG00000105325.16	81	90	9.999000099990002e-05	2.059376111200905e-02
ENSG00000105329.12	81	90	9.999000099990002e-05	2.059376111200905e-02
ENSG00000105341.19	81	90	9.999000099990002e-05	2.059376111200905e-02
ENSG00000105355.10	81	90	9.999000099990002e-05	2.059376111200905e-02
ENSG00000105364.15	81	90	9.999000099990002e-05	2.059376111200905e-02
ENSG00000105373.20	81	90	4.000000000000000e-04	6.548302711036876e-02
ENSG00000105379.11	81	90	9.999000099990002e-05	2.059376111200905e-02
ENSG00000105401.11	81	90	1.000000000000000e-04	2.059376111200905e-02
ENSG00000105404.12	81	90	5.000000000000000e-04	7.851466600936653e-02
ENSG00000105447.14	81	90	9.999000099990002e-05	2.059376111200905e-02
ENSG00000105472.15	81	90	9.999000099990002e-05	2.059376111200905e-02
ENSG00000105486.16	81	90	9.999000099990002e-05	2.059376111200905e-02
ENSG00000105576.17	81	90	9.999000099990002e-05	2.059376111200905e-02
ENSG00000105612.11	81	90	9.999000099990002e-05	2.059376111200905e-02
ENSG00000105618.15	81	90	9.999000099990002e-05	2.059376111200905e-02
ENSG00000105656.14	81	90	1.000000000000000e-04	2.059376111200905e-02
ENSG00000105662.17	81	90	3.000000000000000e-04	5.194194863432531e-02
ENSG00000105669.15	81	90	9.999000099990002e-05	2.059376111200905e-02
ENSG00000105676.15	81	90	1.000000000000000e-04	2.059376111200905e-02
ENSG00000105677.13	81	90	2.000000000000000e-04	3.728269202633504e-02
ENSG00000105696.10	81	90	5.999999999999999e-04	9.084748663101604e-02
ENSG00000105699.18	81	90	1.000000000000000e-04	2.059376111200905e-02
ENSG00000105700.12	81	90	2.000000000000000e-04	3.728269202633504e-02
ENSG00000105708.9	81	90	1.000000000000000e-04	2.059376111200905e-02
ENSG00000105722.12	81	90	9.999000099990002e-05	2.059376111200905e-02
ENSG00000105726.18	81	90	5.999999999999999e-04	9.084748663101604e-02
ENSG00000105732.14	81	90	9.999000099990002e-05	2.059376111200905e-02
ENSG00000105771.15	81	90	1.000000000000000e-04	2.059376111200905e-02
ENSG00000105792.20	81	90	9.999000099990002e-05	2.059376111200905e-02
ENSG00000105825.15	81	90	9.999000099990002e-05	2.059376111200905e-02
ENSG00000105829.13	81	90	1.000000000000000e-04	2.059376111200905e-02
ENSG00000105854.14	81	90	4.000000000000000e-04	6.548302711036876e-02
ENSG00000105855.11	81	90	1.000000000000000e-04	2.059376111200905e-02
ENSG00000105856.15	81	90	2.000000000000000e-04	3.728269202633504e-02
ENSG00000105976.17	81	90	9.999000099990002e-05	2.059376111200905e-02
ENSG00000106003.14	81	90	1.000000000000000e-04	2.059376111200905e-02
ENSG00000106009.17	81	90	9.999000099990002e-05	2.059376111200905e-02
ENSG00000106049.10	81	90	9.999000099990002e-05	2.059376111200905e-02
ENSG00000106052.15	81	90	9.999000099990002e-05	2.059376111200905e-02
ENSG00000106069.27	81	90	1.000000000000000e-04	2.059376111200905e-02
ENSG00000106077.20	81	90	9.999000099990002e-05	2.059376111200905e-02
ENSG00000106089.13	81	90	9.999000099990002e-05	2.059376111200905e-02
ENSG00000106125.15	81	90	9.999000099990002e-05	2.059376111200905e-02
ENSG00000106144.21	81	90	9.999000099990002e-05	2.059376111200905e-02
ENSG00000106153.15	81	90	9.999000099990002e-05	2.059376111200905e-02
ENSG00000106211.11	81	90	5.999999999999999e-04	9.084748663101604e-02
ENSG00000106244.14	81	90	9.999000099990002e-05	2.059376111200905e-02
ENSG00000106246.19	81	90	9.999000099990002e-05	2.059376111200905e-02
ENSG00000106266.12	81	90	9.999000099990002e-05	2.059376111200905e-02
ENSG00000106268.17	81	90	9.999000099990002e-05	2.059376111200905e-02
ENSG00000106299.9	81	90	9.999000099990002e-05	2.059376111200905e-02
ENSG00000106348.20	81	90	9.999000099990002e-05	2.059376111200905e-02
ENSG00000106351.14	81	90	4.000000000000000e-04	6.548302711036876e-02
ENSG00000106366.10	81	90	2.000000000000000e-04	3.728269202633504e-02
ENSG00000106443.18	81	90	1.000000000000000e-04	2.059376111200905e-02
ENSG00000106462.13	81	90	9.999000099990002e-05	2.059376111200905e-02
ENSG00000106477.21	81	90	9.999000099990002e-05	2.059376111200905e-02
ENSG00000106537.9	81	90	9.999000099990002e-05	2.059376111200905e-02
ENSG00000106571.16	81	90	9.999000099990002e-05	2.059376111200905e-02
ENSG00000106609.17	81	90	4.000000000000000e-04	6.548302711036876e-02
ENSG00000106628.14	81	90	9.999000099990002e-05	2.059376111200905e-02
ENSG00000106636.10	81	90	9.999000099990002e-05	2.059376111200905e-02
ENSG00000106638.19	81	90	9.999000099990002e-05	2.059376111200905e-02
ENSG00000106682.16	81	90	1.000000000000000e-04	2.059376111200905e-02
ENSG00000106733.22	81	90	5.999999999999999e-04	9.084748663101604e-02
ENSG00000106823.14	81	90	9.999000099990002e-05	2.059376111200905e-02
ENSG00000106991.16	81	90	2.000000000000000e-04	3.728269202633504e-02
ENSG00000107020.11	81	90	9.999000099990002e-05	2.059376111200905e-02
ENSG00000107036.13	81	90	3.000000000000000e-04	5.194194863432531e-02
ENSG00000107077.22	81	90	5.999999999999999e-04	9.084748663101604e-02
ENSG00000107186.18	81	90	9.999000099990002e-05	2.059376111200905e-02
ENSG00000107201.13	81	90	9.999000099990002e-05	2.059376111200905e-02
ENSG00000107281.11	81	90	9.999000099990002e-05	2.059376111200905e-02
ENSG00000107338.11	81	90	2.000000000000000e-04	3.728269202633504e-02
ENSG00000107362.15	81	90	1.000000000000000e-04	2.059376111200905e-02
ENSG00000107371.15	81	90	9.999000099990002e-05	2.059376111200905e-02
ENSG00000107372.14	81	90	1.000000000000000e-04	2.059376111200905e-02
ENSG00000107404.22	81	90	9.999000099990002e-05	2.059376111200905e-02
ENSG00000107566.15	81	90	5.999999999999999e-04	9.084748663101604e-02
ENSG00000107758.17	81	90	9.999000099990002e-05	2.059376111200905e-02
ENSG00000107779.17	81	90	1.000000000000000e-04	2.059376111200905e-02
ENSG00000107829.16	81	90	9.999000099990002e-05	2.059376111200905e-02
ENSG00000107854.7	81	90	5.999999999999999e-04	9.084748663101604e-02
ENSG00000107872.15	81	90	9.999000099990002e-05	2.059376111200905e-02
ENSG00000107929.17	81	90	1.000000000000000e-04	2.059376111200905e-02
ENSG00000107957.17	81	90	4.000000000000000e-04	6.548302711036876e-02
ENSG00000107968.11	81	90	1.000000000000000e-04	2.059376111200905e-02
ENSG00000108010.13	81	90	9.999000099990002e-05	2.059376111200905e-02
ENSG00000108091.12	81	90	2.000000000000000e-04	3.728269202633504e-02
ENSG00000108106.15	81	90	9.999000099990002e-05	2.059376111200905e-02
ENSG00000108175.20	81	90	2.000000000000000e-04	3.728269202633504e-02
ENSG00000108179.15	81	90	9.999000099990002e-05	2.059376111200905e-02
ENSG00000108239.10	81	90	9.999000099990002e-05	2.059376111200905e-02
ENSG00000108262.17	81	90	9.999000099990002e-05	2.059376111200905e-02
ENSG00000108344.16	81	90	9.999000099990002e-05	2.059376111200905e-02
ENSG00000108381.12	81	90	9.999000099990002e-05	2.059376111200905e-02
ENSG00000108406.11	81	90	9.999000099990002e-05	2.059376111200905e-02
ENSG00000108474.17	81	90	5.999999999999999e-04	9.084748663101604e-02
ENSG00000108479.14	81	90	9.999000099990002e-05	2.059376111200905e-02
ENSG00000108518.9	81	90	1.000000000000000e-04	2.059376111200905e-02
ENSG00000108528.15	81	90	9.999000099990002e-05	2.059376111200905e-02
ENSG00000108551.6	81	90	9.999000099990002e-05	2.059376111200905e-02
ENSG00000108557.21	81	90	9.999000099990002e-05	2.059376111200905e-02
ENSG00000108561.8	81	90	9.999000099990002e-05	2.059376111200905e-02
ENSG00000108641.20	81	90	4.000000000000000e-04	6.548302711036876e-02
ENSG00000108671.12	81	90	2.000000000000000e-04	3.728269202633504e-02
ENSG00000108691.10	81	90	3.000000000000000e-04	5.194194863432531e-02
ENSG00000108798.10	81	90	9.999000099990002e-05	2.059376111200905e-02
ENSG00000108829.11	81	90	9.999000099990002e-05	2.059376111200905e-02
ENSG00000108846.17	81	90	3.000000000000000e-04	5.194194863432531e-02
ENSG00000108854.17	81	90	9.999000099990002e-05	2.059376111200905e-02
ENSG00000108984.17	81	90	9.999000099990002e-05	2.059376111200905e-02
ENSG00000109046.16	81	90	9.999000099990002e-05	2.059376111200905e-02
ENSG00000109089.8	81	90	9.999000099990002e-05	2.059376111200905e-02
ENSG00000109099.17	81	90	9.999000099990002e-05	2.059376111200905e-02
ENSG00000109113.21	81	90	9.999000099990002e-05	2.059376111200905e-02
ENSG00000109171.16	81	90	1.000000000000000e-04	2.059376111200905e-02
ENSG00000109180.16	81	90	9.999000099990002e-05	2.059376111200905e-02
ENSG00000109270.14	81	90	9.999000099990002e-05	2.059376111200905e-02
ENSG00000109339.25	81	90	3.000000000000000e-04	5.194194863432531e-02
ENSG00000109436.9	81	90	4.000000000000000e-04	6.548302711036876e-02
ENSG00000109458.11	81	90	1.000000000000000e-04	2.059376111200905e-02
ENSG00000109472.15	81	90	9.999000099990002e-05	2.059376111200905e-02
ENSG00000109475.19	81	90	9.999000099990002e-05	2.059376111200905e-02
ENSG00000109519.15	81	90	9.999000099990002e-05	2.059376111200905e-02
ENSG00000109654.17	81	90	9.999000099990002e-05	2.059376111200905e-02
ENSG00000109674.5	81	90	9.999000099990002e-05	2.059376111200905e-02
ENSG00000109685.20	81	90	9.999000099990002e-05	2.059376111200905e-02
ENSG00000109689.20	81	90	2.000000000000000e-04	3.728269202633504e-02
ENSG00000109736.16	81	90	9.999000099990002e-05	2.059376111200905e-02
ENSG00000109743.13	81	90	9.999000099990002e-05	2.059376111200905e-02
ENSG00000109805.11	81	90	9.999000099990002e-05	2.059376111200905e-02
ENSG00000109881.18	81	90	9.999000099990002e-05	2.059376111200905e-02
ENSG00000109944.12	81	90	5.999999999999999e-04	9.084748663101604e-02
ENSG00000110011.15	81	90	3.000000000000000e-04	5.194194863432531e-02
ENSG00000110013.14	81	90	9.999000099990002e-05	2.059376111200905e-02
ENSG00000110046.15	81	90	9.999000099990002e-05	2.059376111200905e-02
ENSG00000110047.19	81	90	4.000000000000000e-04	6.548302711036876e-02
ENSG00000110063.11	81	90	9.999000099990002e-05	2.059376111200905e-02
ENSG00000110075.16	81	90	9.999000099990002e-05	2.059376111200905e-02
ENSG00000110080.21	81	90	9.999000099990002e-05	2.059376111200905e-02
ENSG00000110092.5	81	90	9.999000099990002e-05	2.059376111200905e-02
ENSG00000110104.13	81	90	9.999000099990002e-05	2.059376111200905e-02
ENSG00000110171.21	81	90	9.999000099990002e-05	2.059376111200905e-02
ENSG00000110200.10	81	90	1.000000000000000e-04	2.059376111200905e-02
ENSG00000110274.17	81	90	2.000000000000000e-04	3.728269202633504e-02
ENSG00000110315.8	81	90	9.999000099990002e-05	2.059376111200905e-02
ENSG00000110318.16	81	90	9.999000099990002e-05	2.059376111200905e-02
ENSG00000110330.11	81	90	2.000000000000000e-04	3.728269202633504e-02
ENSG00000110344.11	81	90	3.000000000000000e-04	5.194194863432531e-02
ENSG00000110400.11	81	90	9.999000099990002e-05	2.059376111200905e-02
ENSG00000110427.18	81	90	9.999000099990002e-05	2.059376111200905e-02
ENSG00000110497.16	81	90	2.000000000000000e-04	3.728269202633504e-02
ENSG00000110697.15	81	90	9.999000099990002e-05	2.059376111200905e-02
ENSG00000110700.8	81	90	1.000000000000000e-04	2.059376111200905e-02
ENSG00000110717.14	81	90	3.000000000000000e-04	5.194194863432531e-02
ENSG00000110723.12	81	90	1.000000000000000e-04	2.059376111200905e-02
ENSG00000110768.13	81	90	9.999000099990002e-05	2.059376111200905e-02
ENSG00000110801.15	81	90	2.000000000000000e-04	3.728269202633504e-02
ENSG00000110880.12	81	90	9.999000099990002e-05	2.059376111200905e-02
ENSG00000111058.9	81	90	5.000000000000000e-04	7.851466600936653e-02
ENSG00000111144.11	81	90	5.000000000000000e-04	7.851466600936653e-02
ENSG00000111186.14	81	90	1.000000000000000e-04	2.059376111200905e-02
ENSG00000111206.14	81	90	9.999000099990002e-05	2.059376111200905e-02
ENSG00000111247.16	81	90	9.999000099990002e-05	2.059376111200905e-02
ENSG00000111252.12	81	90	9.999000099990002e-05	2.059376111200905e-02
ENSG00000111261.15	81	90	1.000000000000000e-04	2.059376111200905e-02
ENSG00000111269.4	81	90	9.999000099990002e-05	2.059376111200905e-02
ENSG00000111276.13	81	90	5.999999999999999e-04	9.084748663101604e-02
ENSG00000111300.11	81	90	2.000000000000000e-04	3.728269202633504e-02
ENSG00000111424.13	81	90	5.000000000000000e-04	7.851466600936653e-02
ENSG00000111445.15	81	90	9.999000099990002e-05	2.059376111200905e-02
ENSG00000111481.11	81	90	1.000000000000000e-04	2.059376111200905e-02
ENSG00000111530.14	81	90	4.000000000000000e-04	6.548302711036876e-02
ENSG00000111540.17	81	90	5.000000000000000e-04	7.851466600936653e-02
ENSG00000111596.15	81	90	9.999000099990002e-05	2.059376111200905e-02
ENSG00000111602.13	81	90	9.999000099990002e-05	2.059376111200905e-02
ENSG00000111653.21	81	90	9.999000099990002e-05	2.059376111200905e-02
ENSG00000111665.13	81	90	9.999000099990002e-05	2.059376111200905e-02
ENSG00000111667.15	81	90	9.999000099990002e-05	2.059376111200905e-02
ENSG00000111671.11	81	90	9.999000099990002e-05	2.059376111200905e-02
ENSG00000111676.16	81	90	9.999000099990002e-05	2.059376111200905e-02
ENSG00000111684.12	81	90	3.000000000000000e-04	5.194194863432531e-02
ENSG00000111725.11	81	90	9.999000099990002e-05	2.059376111200905e-02
ENSG00000111737.13	81	90	5.999999999999999e-04	9.084748663101604e-02
ENSG00000111780.8	81	90	9.999000099990002e-05	2.059376111200905e-02
ENSG00000111788.10	81	90	9.999000099990002e-05	2.059376111200905e-02
ENSG00000111799.23	81	90	9.999000099990002e-05	2.059376111200905e-02
ENSG00000111801.17	81	90	9.999000099990002e-05	2.059376111200905e-02
ENSG00000111817.20	81	90	9.999000099990002e-05	2.059376111200905e-02
ENSG00000111832.13	81	90	9.999000099990002e-05	2.059376111200905e-02
ENSG00000111859.18	81	90	9.999000099990002e-05	2.059376111200905e-02
ENSG00000111875.9	81	90	5.000000000000000e-04	7.851466600936653e-02
ENSG00000111897.8	81	90	9.999000099990002e-05	2.059376111200905e-02
ENSG00000111911.8	81	90	9.999000099990002e-05	2.059376111200905e-02
ENSG00000111913.21	81	90	1.000000000000000e-04	2.059376111200905e-02
ENSG00000112029.10	81	90	9.999000099990002e-05	2.059376111200905e-02
ENSG00000112033.15	81	90	9.999000099990002e-05	2.059376111200905e-02
ENSG00000112039.7	81	90	9.999000099990002e-05	2.059376111200905e-02
ENSG00000112078.15	81	90	2.000000000000000e-04	3.728269202633504e-02
ENSG00000112110.11	81	90	5.999999999999999e-04	9.084748663101604e-02
ENSG00000112118.21	81	90	9.999000099990002e-05	2.059376111200905e-02
ENSG00000112144.16	81	90	9.999000099990002e-05	2.059376111200905e-02
ENSG00000112208.12	81	90	9.999000099990002e-05	2.059376111200905e-02
ENSG00000112234.10	81	90	2.000000000000000e-04	3.728269202633504e-02
ENSG00000112282.19	81	90	9.999000099990002e-05	2.059376111200905e-02
ENSG00000112290.14	81	90	9.999000099990002e-05	2.059376111200905e-02
ENSG00000112312.11	81	90	9.999000099990002e-05	2.059376111200905e-02
ENSG00000112335.16	81	90	9.999000099990002e-05	2.059376111200905e-02
ENSG00000112343.12	81	90	9.999000099990002e-05	2.059376111200905e-02
ENSG00000112367.13	81	90	9.999000099990002e-05	2.059376111200905e-02
ENSG00000112406.6	81	90	9.999000099990002e-05	2.059376111200905e-02
ENSG00000112531.18	81	90	2.000000000000000e-04	3.728269202633504e-02
ENSG00000112576.13	81	90	1.000000000000000e-04	2.059376111200905e-02
ENSG00000112578.12	81	90	9.999000099990002e-05	2.059376111200905e-02
ENSG00000112624.15	81	90	1.000000000000000e-04	2.059376111200905e-02
ENSG00000112667.14	81	90	9.999000099990002e-05	2.059376111200905e-02
ENSG00000112699.12	81	90	1.000000000000000e-04	2.059376111200905e-02
ENSG00000112701.19	81	90	9.999000099990002e-05	2.059376111200905e-02
ENSG00000112742.11	81	90	9.999000099990002e-05	2.059376111200905e-02
ENSG00000112769.21	81	90	9.999000099990002e-05	2.059376111200905e-02
ENSG00000112877.9	81	90	9.999000099990002e-05	2.059376111200905e-02
ENSG00000112902.13	81	90	9.999000099990002e-05	2.059376111200905e-02
ENSG00000112941.15	81	90	9.999000099990002e-05	2.059376111200905e-02
ENSG00000112964.15	81	90	1.000000000000000e-04	2.059376111200905e-02
ENSG00000112972.16	81	90	9.999000099990002e-05	2.059376111200905e-02
ENSG00000112984.13	81	90	1.000000000000000e-04	2.059376111200905e-02
ENSG00000113240.15	81	90	9.999000099990002e-05	2.059376111200905e-02
ENSG00000113269.15	81	90	9.999000099990002e-05	2.059376111200905e-02
ENSG00000113328.22	81	90	9.999000099990002e-05	2.059376111200905e-02
ENSG00000113368.13	81	90	9.999000099990002e-05	2.059376111200905e-02
ENSG00000113369.9	81	90	9.999000099990002e-05	2.059376111200905e-02
ENSG00000113384.15	81	90	9.999000099990002e-05	2.059376111200905e-02
ENSG00000113391.20	81	90	1.000000000000000e-04	2.059376111200905e-02
ENSG00000113456.21	81	90	2.000000000000000e-04	3.728269202633504e-02
ENSG00000113552.17	81	90	5.000000000000000e-04	7.851466600936653e-02
ENSG00000113558.20	81	90	9.999000099990002e-05	2.059376111200905e-02
ENSG00000113569.18	81	90	2.000000000000000e-04	3.728269202633504e-02
ENSG00000113593.13	81	90	9.999000099990002e-05	2.059376111200905e-02
ENSG00000113645.16	81	90	2.000000000000000e-04	3.728269202633504e-02
ENSG00000113648.18	81	90	9.999000099990002e-05	2.059376111200905e-02
ENSG00000113719.18	81	90	1.000000000000000e-04	2.059376111200905e-02
ENSG00000113721.15	81	90	9.999000099990002e-05	2.059376111200905e-02
ENSG00000113758.15	81	90	9.999000099990002e-05	2.059376111200905e-02
ENSG00000113805.10	81	90	9.999000099990002e-05	2.059376111200905e-02
ENSG00000113851.17	81	90	9.999000099990002e-05	2.059376111200905e-02
ENSG00000113971.22	81	90	1.000000000000000e-04	2.059376111200905e-02
ENSG00000114019.16	81	90	5.000000000000000e-04	7.851466600936653e-02
ENSG00000114026.22	81	90	2.000000000000000e-04	3.728269202633504e-02
ENSG00000114120.15	81	90	9.999000099990002e-05	2.059376111200905e-02
ENSG00000114302.18	81	90	9.999000099990002e-05	2.059376111200905e-02
ENSG00000114316.14	81	90	9.999000099990002e-05	2.059376111200905e-02
ENSG00000114346.15	81	90	9.999000099990002e-05	2.059376111200905e-02
ENSG00000114353.18	81	90	2.000000000000000e-04	3.728269202633504e-02
ENSG00000114354.16	81	90	9.999000099990002e-05	2.059376111200905e-02
ENSG00000114395.12	81	90	9.999000099990002e-05	2.059376111200905e-02
ENSG00000114416.20	81	90	1.000000000000000e-04	2.059376111200905e-02
ENSG00000114446.6	81	90	9.999000099990002e-05	2.059376111200905e-02
ENSG00000114491.15	81	90	9.999000099990002e-05	2.059376111200905e-02
ENSG00000114529.14	81	90	1.000000000000000e-04	2.059376111200905e-02
ENSG00000114648.13	81	90	1.000000000000000e-04	2.059376111200905e-02
ENSG00000114698.16	81	90	9.999000099990002e-05	2.059376111200905e-02
ENSG00000114738.12	81	90	1.000000000000000e-04	2.059376111200905e-02
ENSG00000114767.8	81	90	9.999000099990002e-05	2.059376111200905e-02
ENSG00000114784.4	81	90	9.999000099990002e-05	2.059376111200905e-02
ENSG00000114796.17	81	90	9.999000099990002e-05	2.059376111200905e-02
ENSG00000114902.15	81	90	1.000000000000000e-04	2.059376111200905e-02
ENSG00000114999.9	81	90	9.999000099990002e-05	2.059376111200905e-02
ENSG00000115084.16	81	90	9.999000099990002e-05	2.059376111200905e-02
ENSG00000115128.8	81	90	9.999000099990002e-05	2.059376111200905e-02
ENSG00000115159.18	81	90	1.000000000000000e-04	2.059376111200905e-02
ENSG00000115163.16	81	90	9.999000099990002e-05	2.059376111200905e-02
ENSG00000115170.17	81	90	9.999000099990002e-05	2.059376111200905e-02
ENSG00000115204.16	81	90	9.999000099990002e-05	2.059376111200905e-02
ENSG00000115233.13	81	90	9.999000099990002e-05	2.059376111200905e-02
ENSG00000115241.12	81	90	9.999000099990002e-05	2.059376111200905e-02
ENSG00000115252.20	81	90	3.000000000000000e-04	5.194194863432531e-02
ENSG00000115266.12	81	90	1.000000000000000e-04	2.059376111200905e-02
ENSG00000115267.10	81	90	9.999000099990002e-05	2.059376111200905e-02
ENSG00000115268.11	81	90	5.999999999999999e-04	9.084748663101604e-02
ENSG00000115286.22	81	90	9.999000099990002e-05	2.059376111200905e-02
ENSG00000115295.22	81	90	9.999000099990002e-05	2.059376111200905e-02
ENSG00000115339.16	81	90	9.999000099990002e-05	2.059376111200905e-02
ENSG00000115355.19	81	90	2.000000000000000e-04	3.728269202633504e-02
ENSG00000115363.15	81	90	9.999000099990002e-05	2.059376111200905e-02
ENSG00000115414.22	81	90	9.999000099990002e-05	2.059376111200905e-02
ENSG00000115415.22	81	90	9.999000099990002e-05	2.059376111200905e-02
ENSG00000115446.13	81	90	9.999000099990002e-05	2.059376111200905e-02
ENSG00000115464.15	81	90	9.999000099990002e-05	2.059376111200905e-02
ENSG00000115504.16	81	90	9.999000099990002e-05	2.059376111200905e-02
ENSG00000115524.18	81	90	9.999000099990002e-05	2.059376111200905e-02
ENSG00000115525.19	81	90	1.000000000000000e-04	2.059376111200905e-02
ENSG00000115540.16	81	90	9.999000099990002e-05	2.059376111200905e-02
ENSG00000115568.17	81	90	9.999000099990002e-05	2.059376111200905e-02
ENSG00000115661.15	81	90	4.000000000000000e-04	6.548302711036876e-02
ENSG00000115677.19	81	90	5.999999999999999e-04	9.084748663101604e-02
ENSG00000115687.15	81	90	9.999000099990002e-05	2.059376111200905e-02
ENSG00000115756.14	81	90	9.999000099990002e-05	2.059376111200905e-02
ENSG00000115760.16	81	90	9.999000099990002e-05	2.059376111200905e-02
ENSG00000115827.15	81	90	3.000000000000000e-04	5.194194863432531e-02
ENSG00000115828.18	81	90	5.000000000000000e-04	7.851466600936653e-02
ENSG00000115839.21	81	90	1.000000000000000e-04	2.059376111200905e-02
ENSG00000115841.22	81	90	9.999000099990002e-05	2.059376111200905e-02
ENSG00000115844.11	81	90	1.000000000000000e-04	2.059376111200905e-02
ENSG00000115884.12	81	90	9.999000099990002e-05	2.059376111200905e-02
ENSG00000115944.16	81	90	9.999000099990002e-05	2.059376111200905e-02
ENSG00000115977.22	81	90	5.000000000000000e-04	7.851466600936653e-02
ENSG00000116017.12	81	90	9.999000099990002e-05	2.059376111200905e-02
ENSG00000116030.18	81	90	9.999000099990002e-05	2.059376111200905e-02
ENSG00000116044.18	81	90	9.999000099990002e-05	2.059376111200905e-02
ENSG00000116117.20	81	90	9.999000099990002e-05	2.059376111200905e-02
ENSG00000116120.12	81	90	9.999000099990002e-05	2.059376111200905e-02
ENSG00000116161.19	81	90	1.000000000000000e-04	2.059376111200905e-02
ENSG00000116171.20	81	90	9.999000099990002e-05	2.059376111200905e-02
ENSG00000116194.14	81	90	9.999000099990002e-05	2.059376111200905e-02
ENSG00000116209.13	81	90	9.999000099990002e-05	2.059376111200905e-02
ENSG00000116221.16	81	90	2.000000000000000e-04	3.728269202633504e-02
ENSG00000116237.17	81	90	1.000000000000000e-04	2.059376111200905e-02
ENSG00000116251.12	81	90	1.000000000000000e-04	2.059376111200905e-02
ENSG00000116266.12	81	90	9.999000099990002e-05	2.059376111200905e-02
ENSG00000116396.15	81	90	9.999000099990002e-05	2.059376111200905e-02
ENSG00000116455.14	81	90	9.999000099990002e-05	2.059376111200905e-02
ENSG00000116473.16	81	90	9.999000099990002e-05	2.059376111200905e-02
ENSG00000116514.18	81	90	9.999000099990002e-05	2.059376111200905e-02
ENSG00000116521.13	81	90	1.000000000000000e-04	2.059376111200905e-02
ENSG00000116525.14	81	90	5.999999999999999e-04	9.084748663101604e-02
ENSG00000116539.14	81	90	9.999000099990002e-05	2.059376111200905e-02
ENSG00000116649.11	81	90	1.000000000000000e-04	2.059376111200905e-02
ENSG00000116670.18	81	90	9.999000099990002e-05	2.059376111200905e-02
ENSG00000116678.20	81	90	9.999000099990002e-05	2.059376111200905e-02
ENSG00000116685.18	81	90	9.999000099990002e-05	2.059376111200905e-02
ENSG00000116691.12	81	90	9.999000099990002e-05	2.059376111200905e-02
ENSG00000116701.17	81	90	5.000000000000000e-04	7.851466600936653e-02
ENSG00000116731.23	81	90	2.000000000000000e-04	3.728269202633504e-02
ENSG00000116754.15	81	90	1.000000000000000e-04	2.059376111200905e-02
ENSG00000116771.7	81	90	3.000000000000000e-04	5.194194863432531e-02
ENSG00000116774.13	81	90	2.000000000000000e-04	3.728269202633504e-02
ENSG00000116809.13	81	90	9.999000099990002e-05	2.059376111200905e-02
ENSG00000116830.13	81	90	9.999000099990002e-05	2.059376111200905e-02
ENSG00000116871.17	81	90	9.999000099990002e-05	2.059376111200905e-02
ENSG00000116885.19	81	90	9.999000099990002e-05	2.059376111200905e-02
ENSG00000116954.9	81	90	3.000000000000000e-04	5.194194863432531e-02
ENSG00000117000.9	81	90	5.000000000000000e-04	7.851466600936653e-02
ENSG00000117139.19	81	90	4.000000000000000e-04	6.548302711036876e-02
ENSG00000117143.15	81	90	9.999000099990002e-05	2.059376111200905e-02
ENSG00000117151.14	81	90	9.999000099990002e-05	2.059376111200905e-02
ENSG00000117155.18	81	90	9.999000099990002e-05	2.059376111200905e-02
ENSG00000117174.12	81	90	9.999000099990002e-05	2.059376111200905e-02
ENSG00000117228.12	81	90	3.000000000000000e-04	5.194194863432531e-02
ENSG00000117305.16	81	90	1.000000000000000e-04	2.059376111200905e-02
ENSG00000117308.16	81	90	9.999000099990002e-05	2.059376111200905e-02
ENSG00000117318.10	81	90	9.999000099990002e-05	2.059376111200905e-02
ENSG00000117335.22	81	90	9.999000099990002e-05	2.059376111200905e-02
ENSG00000117362.14	81	90	4.000000000000000e-04	6.548302711036876e-02
ENSG00000117394.25	81	90	1.000000000000000e-04	2.059376111200905e-02
ENSG00000117395.14	81	90	9.999000099990002e-05	2.059376111200905e-02
ENSG00000117399.15	81	90	9.999000099990002e-05	2.059376111200905e-02
ENSG00000117407.18	81	90	1.000000000000000e-04	2.059376111200905e-02
ENSG00000117419.17	81	90	5.000000000000000e-04	7.851466600936653e-02
ENSG00000117593.13	81	90	9.999000099990002e-05	2.059376111200905e-02
ENSG00000117602.14	81	90	1.000000000000000e-04	2.059376111200905e-02
ENSG00000117614.11	81	90	2.000000000000000e-04	3.728269202633504e-02
ENSG00000117616.19	81	90	9.999000099990002e-05	2.059376111200905e-02
ENSG00000117620.16	81	90	9.999000099990002e-05	2.059376111200905e-02
ENSG00000117632.24	81	90	9.999000099990002e-05	2.059376111200905e-02
ENSG00000117640.19	81	90	3.000000000000000e-04	5.194194863432531e-02
ENSG00000117643.17	81	90	5.999999999999999e-04	9.084748663101604e-02
ENSG00000117650.14	81	90	9.999000099990002e-05	2.059376111200905e-02
ENSG00000117691.11	81	90	9.999000099990002e-05	2.059376111200905e-02
ENSG00000117713.22	81	90	5.000000000000000e-04	7.851466600936653e-02
ENSG00000117724.16	81	90	9.999000099990002e-05	2.059376111200905e-02
ENSG00000117748.11	81	90	1.000000000000000e-04	2.059376111200905e-02
ENSG00000117751.19	81	90	9.999000099990002e-05	2.059376111200905e-02
ENSG00000117877.11	81	90	1.000000000000000e-04	2.059376111200905e-02
ENSG00000117906.15	81	90	5.000000000000000e-04	7.851466600936653e-02
ENSG00000118046.19	81	90	9.999000099990002e-05	2.059376111200905e-02
ENSG00000118193.13	81	90	9.999000099990002e-05	2.059376111200905e-02
ENSG00000118292.10	81	90	9.999000099990002e-05	2.059376111200905e-02
ENSG00000118412.13	81	90	9.999000099990002e-05	2.059376111200905e-02
ENSG00000118496.6	81	90	9.999000099990002e-05	2.059376111200905e-02
ENSG00000118518.18	81	90	9.999000099990002e-05	2.059376111200905e-02
ENSG00000118655.9	81	90	9.999000099990002e-05	2.059376111200905e-02
ENSG00000118680.15	81	90	1.000000000000000e-04	2.059376111200905e-02
ENSG00000118785.16	81	90	2.000000000000000e-04	3.728269202633504e-02
ENSG00000118894.16	81	90	9.999000099990002e-05	2.059376111200905e-02
ENSG00000118898.17	81	90	1.000000000000000e-04	2.059376111200905e-02
ENSG00000118965.17	81	90	9.999000099990002e-05	2.059376111200905e-02
ENSG00000118971.10	81	90	5.000000000000000e-04	7.851466600936653e-02
ENSG00000119004.18	81	90	1.000000000000000e-04	2.059376111200905e-02
ENSG00000119048.10	81	90	9.999000099990002e-05	2.059376111200905e-02
ENSG00000119138.5	81	90	9.999000099990002e-05	2.059376111200905e-02
ENSG00000119185.14	81	90	1.000000000000000e-04	2.059376111200905e-02
ENSG00000119203.15	81	90	2.000000000000000e-04	3.728269202633504e-02
ENSG00000119318.14	81	90	1.000000000000000e-04	2.059376111200905e-02
ENSG00000119328.13	81	90	3.000000000000000e-04	5.194194863432531e-02
ENSG00000119333.13	81	90	9.999000099990002e-05	2.059376111200905e-02
ENSG00000119383.22	81	90	9.999000099990002e-05	2.059376111200905e-02
ENSG00000119396.13	81	90	5.000000000000000e-04	7.851466600936653e-02
ENSG00000119401.12	81	90	3.000000000000000e-04	5.194194863432531e-02
ENSG00000119403.16	81	90	9.999000099990002e-05	2.059376111200905e-02
ENSG00000119487.18	81	90	9.999000099990002e-05	2.059376111200905e-02
ENSG00000119523.11	81	90	9.999000099990002e-05	2.059376111200905e-02
ENSG00000119559.18	81	90	9.999000099990002e-05	2.059376111200905e-02
ENSG00000119574.14	81	90	9.999000099990002e-05	2.059376111200905e-02
ENSG00000119632.5	81	90	9.999000099990002e-05	2.059376111200905e-02
ENSG00000119636.17	81	90	9.999000099990002e-05	2.059376111200905e-02
ENSG00000119638.15	81	90	1.000000000000000e-04	2.059376111200905e-02
ENSG00000119650.14	81	90	9.999000099990002e-05	2.059376111200905e-02
ENSG00000119681.13	81	90	3.000000000000000e-04	5.194194863432531e-02
ENSG00000119684.17	81	90	3.000000000000000e-04	5.194194863432531e-02
ENSG00000119699.9	81	90	9.999000099990002e-05	2.059376111200905e-02
ENSG00000119711.14	81	90	1.000000000000000e-04	2.059376111200905e-02
ENSG00000119729.13	81	90	9.999000099990002e-05	2.059376111200905e-02
ENSG00000119760.17	81	90	9.999000099990002e-05	2.059376111200905e-02
ENSG00000119778.16	81	90	3.000000000000000e-04	5.194194863432531e-02
ENSG00000119820.12	81	90	9.999000099990002e-05	2.059376111200905e-02
ENSG00000119844.18	81	90	9.999000099990002e-05	2.059376111200905e-02
ENSG00000119878.8	81	90	9.999000099990002e-05	2.059376111200905e-02
ENSG00000119899.14	81	90	1.000000000000000e-04	2.059376111200905e-02
ENSG00000119922.11	81	90	9.999000099990002e-05	2.059376111200905e-02
ENSG00000119950.21	81	90	9.999000099990002e-05	2.059376111200905e-02
ENSG00000119953.15	81	90	2.000000000000000e-04	3.728269202633504e-02
ENSG00000119969.17	81	90	9.999000099990002e-05	2.059376111200905e-02
ENSG00000119979.19	81	90	9.999000099990002e-05	2.059376111200905e-02
ENSG00000120053.13	81	90	4.000000000000000e-04	6.548302711036876e-02
ENSG00000120217.14	81	90	9.999000099990002e-05	2.059376111200905e-02
ENSG00000120262.11	81	90	9.999000099990002e-05	2.059376111200905e-02
ENSG00000120265.22	81	90	1.000000000000000e-04	2.059376111200905e-02
ENSG00000120314.19	81	90	9.999000099990002e-05	2.059376111200905e-02
ENSG00000120334.17	81	90	9.999000099990002e-05	2.059376111200905e-02
ENSG00000120370.14	81	90	1.000000000000000e-04	2.059376111200905e-02
ENSG00000120438.13	81	90	9.999000099990002e-05	2.059376111200905e-02
ENSG00000120539.16	81	90	9.999000099990002e-05	2.059376111200905e-02
ENSG00000120594.18	81	90	1.000000000000000e-04	2.059376111200905e-02
ENSG00000120656.15	81	90	9.999000099990002e-05	2.059376111200905e-02
ENSG00000120658.15	81	90	4.000000000000000e-04	6.548302711036876e-02
ENSG00000120686.13	81	90	4.000000000000000e-04	6.548302711036876e-02
ENSG00000120696.9	81	90	9.999000099990002e-05	2.059376111200905e-02
ENSG00000120697.11	81	90	4.000000000000000e-04	6.548302711036876e-02
ENSG00000120699.15	81	90	1.000000000000000e-04	2.059376111200905e-02
ENSG00000120709.12	81	90	9.999000099990002e-05	2.059376111200905e-02
ENSG00000120727.14	81	90	9.999000099990002e-05	2.059376111200905e-02
ENSG00000120756.14	81	90	1.000000000000000e-04	2.059376111200905e-02
ENSG00000120798.18	81	90	2.000000000000000e-04	3.728269202633504e-02
ENSG00000120802.16	81	90	9.999000099990002e-05	2.059376111200905e-02
ENSG00000120820.14	81	90	9.999000099990002e-05	2.059376111200905e-02
ENSG00000120837.9	81	90	3.000000000000000e-04	5.194194863432531e-02
ENSG00000120889.14	81	90	2.000000000000000e-04	3.728269202633504e-02
ENSG00000120925.17	81	90	2.000000000000000e-04	3.728269202633504e-02
ENSG00000120942.14	81	90	3.000000000000000e-04	5.194194863432531e-02
ENSG00000121058.6	81	90	2.000000000000000e-04	3.728269202633504e-02
ENSG00000121064.14	81	90	9.999000099990002e-05	2.059376111200905e-02
ENSG00000121068.15	81	90	5.999999999999999e-04	9.084748663101604e-02
ENSG00000121152.11	81	90	9.999000099990002e-05	2.059376111200905e-02
ENSG00000121210.17	81	90	9.999000099990002e-05	2.059376111200905e-02
ENSG00000121236.22	81	90	1.000000000000000e-04	2.059376111200905e-02
ENSG00000121281.13	81	90	1.000000000000000e-04	2.059376111200905e-02
ENSG00000121289.19	81	90	9.999000099990002e-05	2.059376111200905e-02
ENSG00000121310.18	81	90	5.999999999999999e-04	9.084748663101604e-02
ENSG00000121410.13	81	90	9.999000099990002e-05	2.059376111200905e-02
ENSG00000121417.15	81	90	2.000000000000000e-04	3.728269202633504e-02
ENSG00000121440.15	81	90	9.999000099990002e-05	2.059376111200905e-02
ENSG00000121621.8	81	90	9.999000099990002e-05	2.059376111200905e-02
ENSG00000121644.20	81	90	9.999000099990002e-05	2.059376111200905e-02
ENSG00000121741.18	81	90	9.999000099990002e-05	2.059376111200905e-02
ENSG00000121851.14	81	90	3.000000000000000e-04	5.194194863432531e-02
ENSG00000121864.11	81	90	1.000000000000000e-04	2.059376111200905e-02
ENSG00000121879.7	81	90	9.999000099990002e-05	2.059376111200905e-02
ENSG00000121964.16	81	90	9.999000099990002e-05	2.059376111200905e-02
ENSG00000121989.16	81	90	9.999000099990002e-05	2.059376111200905e-02
ENSG00000122026.13	81	90	9.999000099990002e-05	2.059376111200905e-02
ENSG00000122042.10	81	90	9.999000099990002e-05	2.059376111200905e-02
ENSG00000122121.13	81	90	2.000000000000000e-04	3.728269202633504e-02
ENSG00000122140.14	81	90	9.999000099990002e-05	2.059376111200905e-02
ENSG00000122176.13	81	90	9.999000099990002e-05	2.059376111200905e-02
ENSG00000122257.21	81	90	9.999000099990002e-05	2.059376111200905e-02
ENSG00000122335.18	81	90	9.999000099990002e-05	2.059376111200905e-02
ENSG00000122481.18	81	90	9.999000099990002e-05	2.059376111200905e-02
ENSG00000122483.19	81	90	9.999000099990002e-05	2.059376111200905e-02
ENSG00000122484.10	81	90	1.000000000000000e-04	2.059376111200905e-02
ENSG00000122507.22	81	90	9.999000099990002e-05	2.059376111200905e-02
ENSG00000122547.13	81	90	9.999000099990002e-05	2.059376111200905e-02
ENSG00000122642.12	81	90	9.999000099990002e-05	2.059376111200905e-02
ENSG00000122707.13	81	90	9.999000099990002e-05	2.059376111200905e-02
ENSG00000122729.20	81	90	9.999000099990002e-05	2.059376111200905e-02
ENSG00000122779.19	81	90	9.999000099990002e-05	2.059376111200905e-02
ENSG00000122863.7	81	90	9.999000099990002e-05	2.059376111200905e-02
ENSG00000122870.12	81	90	9.999000099990002e-05	2.059376111200905e-02
ENSG00000122882.12	81	90	2.000000000000000e-04	3.728269202633504e-02
ENSG00000122884.14	81	90	1.000000000000000e-04	2.059376111200905e-02
ENSG00000122952.18	81	90	9.999000099990002e-05	2.059376111200905e-02
ENSG00000122966.19	81	90	9.999000099990002e-05	2.059376111200905e-02
ENSG00000122970.17	81	90	1.000000000000000e-04	2.059376111200905e-02
ENSG00000123064.14	81	90	9.999000099990002e-05	2.059376111200905e-02
ENSG00000123091.6	81	90	1.000000000000000e-04	2.059376111200905e-02
ENSG00000123096.13	81	90	9.999000099990002e-05	2.059376111200905e-02
ENSG00000123136.16	81	90	9.999000099990002e-05	2.059376111200905e-02
ENSG00000123144.11	81	90	9.999000099990002e-05	2.059376111200905e-02
ENSG00000123146.21	81	90	1.000000000000000e-04	2.059376111200905e-02
ENSG00000123154.13	81	90	1.000000000000000e-04	2.059376111200905e-02
ENSG00000123159.17	81	90	9.999000099990002e-05	2.059376111200905e-02
ENSG00000123219.14	81	90	9.999000099990002e-05	2.059376111200905e-02
ENSG00000123240.18	81	90	3.000000000000000e-04	5.194194863432531e-02
ENSG00000123349.16	81	90	9.999000099990002e-05	2.059376111200905e-02
ENSG00000123374.11	81	90	9.999000099990002e-05	2.059376111200905e-02
ENSG00000123416.16	81	90	9.999000099990002e-05	2.059376111200905e-02
ENSG00000123427.17	81	90	9.999000099990002e-05	2.059376111200905e-02
ENSG00000123444.15	81	90	9.999000099990002e-05	2.059376111200905e-02
ENSG00000123472.14	81	90	9.999000099990002e-05	2.059376111200905e-02
ENSG00000123473.18	81	90	9.999000099990002e-05	2.059376111200905e-02
ENSG00000123485.12	81	90	9.999000099990002e-05	2.059376111200905e-02
ENSG00000123505.21	81	90	1.000000000000000e-04	2.059376111200905e-02
ENSG00000123607.17	81	90	9.999000099990002e-05	2.059376111200905e-02
ENSG00000123689.7	81	90	2.000000000000000e-04	3.728269202633504e-02
ENSG00000123700.6	81	90	9.999000099990002e-05	2.059376111200905e-02
ENSG00000123810.10	81	90	2.000000000000000e-04	3.728269202633504e-02
ENSG00000123975.6	81	90	9.999000099990002e-05	2.059376111200905e-02
ENSG00000123989.16	81	90	3.000000000000000e-04	5.194194863432531e-02
ENSG00000124074.13	81	90	3.000000000000000e-04	5.194194863432531e-02
ENSG00000124098.10	81	90	9.999000099990002e-05	2.059376111200905e-02
ENSG00000124151.20	81	90	2.000000000000000e-04	3.728269202633504e-02
ENSG00000124155.20	81	90	3.000000000000000e-04	5.194194863432531e-02
ENSG00000124214.22	81	90	9.999000099990002e-05	2.059376111200905e-02
ENSG00000124249.7	81	90	3.000000000000000e-04	5.194194863432531e-02
ENSG00000124356.18	81	90	1.000000000000000e-04	2.059376111200905e-02
ENSG00000124357.14	81	90	1.000000000000000e-04	2.059376111200905e-02
ENSG00000124370.12	81	90	1.000000000000000e-04	2.059376111200905e-02
ENSG00000124444.17	81	90	9.999000099990002e-05	2.059376111200905e-02
ENSG00000124466.9	81	90	5.000000000000000e-04	7.851466600936653e-02
ENSG00000124486.16	81	90	9.999000099990002e-05	2.059376111200905e-02
ENSG00000124541.8	81	90	9.999000099990002e-05	2.059376111200905e-02
ENSG00000124562.11	81	90	9.999000099990002e-05	2.059376111200905e-02
ENSG00000124570.22	81	90	9.999000099990002e-05	2.059376111200905e-02
ENSG00000124608.6	81	90	9.999000099990002e-05	2.059376111200905e-02
ENSG00000124766.7	81	90	9.999000099990002e-05	2.059376111200905e-02
ENSG00000124783.15	81	90	2.000000000000000e-04	3.728269202633504e-02
ENSG00000124786.14	81	90	9.999000099990002e-05	2.059376111200905e-02
ENSG00000124788.19	81	90	1.000000000000000e-04	2.059376111200905e-02
ENSG00000124802.13	81	90	5.000000000000000e-04	7.851466600936653e-02
ENSG00000125124.15	81	90	9.999000099990002e-05	2.059376111200905e-02
ENSG00000125148.8	81	90	9.999000099990002e-05	2.059376111200905e-02
ENSG00000125166.14	81	90	9.999000099990002e-05	2.059376111200905e-02
ENSG00000125319.16	81	90	9.999000099990002e-05	2.059376111200905e-02
ENSG00000125450.12	81	90	9.999000099990002e-05	2.059376111200905e-02
ENSG00000125459.19	81	90	9.999000099990002e-05	2.059376111200905e-02
ENSG00000125503.14	81	90	9.999000099990002e-05	2.059376111200905e-02
ENSG00000125505.18	81	90	5.000000000000000e-04	7.851466600936653e-02
ENSG00000125520.15	81	90	9.999000099990002e-05	2.059376111200905e-02
ENSG00000125534.12	81	90	9.999000099990002e-05	2.059376111200905e-02
ENSG00000125637.17	81	90	9.999000099990002e-05	2.059376111200905e-02
ENSG00000125648.16	81	90	1.000000000000000e-04	2.059376111200905e-02
ENSG00000125651.15	81	90	9.999000099990002e-05	2.059376111200905e-02
ENSG00000125652.9	81	90	2.000000000000000e-04	3.728269202633504e-02
ENSG00000125656.13	81	90	9.999000099990002e-05	2.059376111200905e-02
ENSG00000125691.16	81	90	9.999000099990002e-05	2.059376111200905e-02
ENSG00000125744.13	81	90	3.000000000000000e-04	5.194194863432531e-02
ENSG00000125817.8	81	90	9.999000099990002e-05	2.059376111200905e-02
ENSG00000125821.14	81	90	3.000000000000000e-04	5.194194863432531e-02
ENSG00000125827.10	81	90	2.000000000000000e-04	3.728269202633504e-02
ENSG00000125834.14	81	90	2.000000000000000e-04	3.728269202633504e-02
ENSG00000125835.21	81	90	9.999000099990002e-05	2.059376111200905e-02
ENSG00000125843.13	81	90	2.000000000000000e-04	3.728269202633504e-02
ENSG00000125844.18	81	90	9.999000099990002e-05	2.059376111200905e-02
ENSG00000125863.20	81	90	1.000000000000000e-04	2.059376111200905e-02
ENSG00000125868.17	81	90	9.999000099990002e-05	2.059376111200905e-02
ENSG00000125875.16	81	90	5.000000000000000e-04	7.851466600936653e-02
ENSG00000125885.14	81	90	9.999000099990002e-05	2.059376111200905e-02
ENSG00000125898.14	81	90	9.999000099990002e-05	2.059376111200905e-02
ENSG00000125901.7	81	90	9.999000099990002e-05	2.059376111200905e-02
ENSG00000125912.12	81	90	9.999000099990002e-05	2.059376111200905e-02
ENSG00000125945.16	81	90	9.999000099990002e-05	2.059376111200905e-02
ENSG00000125962.17	81	90	3.000000000000000e-04	5.194194863432531e-02
ENSG00000125967.18	81	90	2.000000000000000e-04	3.728269202633504e-02
ENSG00000125968.11	81	90	9.999000099990002e-05	2.059376111200905e-02
ENSG00000125970.13	81	90	9.999000099990002e-05	2.059376111200905e-02
ENSG00000126067.13	81	90	9.999000099990002e-05	2.059376111200905e-02
ENSG00000126215.15	81	90	9.999000099990002e-05	2.059376111200905e-02
ENSG00000126216.16	81	90	9.999000099990002e-05	2.059376111200905e-02
ENSG00000126243.9	81	90	1.000000000000000e-04	2.059376111200905e-02
ENSG00000126254.13	81	90	9.999000099990002e-05	2.059376111200905e-02
ENSG00000126261.13	81	90	9.999000099990002e-05	2.059376111200905e-02
ENSG00000126368.6	81	90	9.999000099990002e-05	2.059376111200905e-02
ENSG00000126391.15	81	90	9.999000099990002e-05	2.059376111200905e-02
ENSG00000126453.12	81	90	9.999000099990002e-05	2.059376111200905e-02
ENSG00000126461.16	81	90	9.999000099990002e-05	2.059376111200905e-02
ENSG00000126464.15	81	90	9.999000099990002e-05	2.059376111200905e-02
ENSG00000126522.18	81	90	5.000000000000000e-04	7.851466600936653e-02
ENSG00000126561.19	81	90	1.000000000000000e-04	2.059376111200905e-02
ENSG00000126602.12	81	90	9.999000099990002e-05	2.059376111200905e-02
ENSG00000126705.16	81	90	1.000000000000000e-04	2.059376111200905e-02
ENSG00000126756.13	81	90	2.000000000000000e-04	3.728269202633504e-02
ENSG00000126775.9	81	90	9.999000099990002e-05	2.059376111200905e-02
ENSG00000126787.14	81	90	9.999000099990002e-05	2.059376111200905e-02
ENSG00000126790.13	81	90	9.999000099990002e-05	2.059376111200905e-02
ENSG00000126804.15	81	90	1.000000000000000e-04	2.059376111200905e-02
ENSG00000126821.9	81	90	9.999000099990002e-05	2.059376111200905e-02
ENSG00000126822.19	81	90	9.999000099990002e-05	2.059376111200905e-02
ENSG00000126903.17	81	90	1.000000000000000e-04	2.059376111200905e-02
ENSG00000126945.10	81	90	9.999000099990002e-05	2.059376111200905e-02
ENSG00000126947.14	81	90	9.999000099990002e-05	2.059376111200905e-02
ENSG00000127083.9	81	90	9.999000099990002e-05	2.059376111200905e-02
ENSG00000127125.10	81	90	1.000000000000000e-04	2.059376111200905e-02
ENSG00000127184.14	81	90	9.999000099990002e-05	2.059376111200905e-02
ENSG00000127191.20	81	90	1.000000000000000e-04	2.059376111200905e-02
ENSG00000127418.16	81	90	1.000000000000000e-04	2.059376111200905e-02
ENSG00000127423.11	81	90	9.999000099990002e-05	2.059376111200905e-02
ENSG00000127445.15	81	90	9.999000099990002e-05	2.059376111200905e-02
ENSG00000127528.6	81	90	9.999000099990002e-05	2.059376111200905e-02
ENSG00000127564.18	81	90	9.999000099990002e-05	2.059376111200905e-02
ENSG00000127580.18	81	90	9.999000099990002e-05	2.059376111200905e-02
ENSG00000127586.18	81	90	9.999000099990002e-05	2.059376111200905e-02
ENSG00000127616.23	81	90	9.999000099990002e-05	2.059376111200905e-02
ENSG00000127666.12	81	90	9.999000099990002e-05	2.059376111200905e-02
ENSG00000127774.8	81	90	9.999000099990002e-05	2.059376111200905e-02
ENSG00000127914.20	81	90	9.999000099990002e-05	2.059376111200905e-02
ENSG00000127946.18	81	90	3.000000000000000e-04	5.194194863432531e-02
ENSG00000127948.18	81	90	5.000000000000000e-04	7.851466600936653e-02
ENSG00000127954.14	81	90	9.999000099990002e-05	2.059376111200905e-02
ENSG00000127980.17	81	90	9.999000099990002e-05	2.059376111200905e-02
ENSG00000127990.20	81	90	9.999000099990002e-05	2.059376111200905e-02
ENSG00000127993.16	81	90	9.999000099990002e-05	2.059376111200905e-02
ENSG00000127995.18	81	90	9.999000099990002e-05	2.059376111200905e-02
ENSG00000128050.10	81	90	1.000000000000000e-04	2.059376111200905e-02
ENSG00000128185.11	81	90	9.999000099990002e-05	2.059376111200905e-02
ENSG00000128191.18	81	90	9.999000099990002e-05	2.059376111200905e-02
ENSG00000128228.6	81	90	9.999000099990002e-05	2.059376111200905e-02
ENSG00000128245.16	81	90	5.999999999999999e-04	9.084748663101604e-02
ENSG00000128274.18	81	90	9.999000099990002e-05	2.059376111200905e-02
ENSG00000128283.8	81	90	1.000000000000000e-04	2.059376111200905e-02
ENSG00000128298.19	81	90	9.999000099990002e-05	2.059376111200905e-02
ENSG00000128309.19	81	90	9.999000099990002e-05	2.059376111200905e-02
ENSG00000128311.15	81	90	3.000000000000000e-04	5.194194863432531e-02
ENSG00000128340.17	81	90	9.999000099990002e-05	2.059376111200905e-02
ENSG00000128408.9	81	90	9.999000099990002e-05	2.059376111200905e-02
ENSG00000128564.9	81	90	4.000000000000000e-04	6.548302711036876e-02
ENSG00000128567.18	81	90	9.999000099990002e-05	2.059376111200905e-02
ENSG00000128578.11	81	90	9.999000099990002e-05	2.059376111200905e-02
ENSG00000128591.18	81	90	9.999000099990002e-05	2.059376111200905e-02
ENSG00000128594.9	81	90	9.999000099990002e-05	2.059376111200905e-02
ENSG00000128626.13	81	90	9.999000099990002e-05	2.059376111200905e-02
ENSG00000128641.20	81	90	2.000000000000000e-04	3.728269202633504e-02
ENSG00000128656.16	81	90	3.000000000000000e-04	5.194194863432531e-02
ENSG00000128694.13	81	90	4.000000000000000e-04	6.548302711036876e-02
ENSG00000128699.16	81	90	9.999000099990002e-05	2.059376111200905e-02
ENSG00000128708.14	81	90	9.999000099990002e-05	2.059376111200905e-02
ENSG00000128789.23	81	90	1.000000000000000e-04	2.059376111200905e-02
ENSG00000128791.13	81	90	1.000000000000000e-04	2.059376111200905e-02
ENSG00000128805.16	81	90	9.999000099990002e-05	2.059376111200905e-02
ENSG00000128829.13	81	90	5.000000000000000e-04	7.851466600936653e-02
ENSG00000128944.14	81	90	9.999000099990002e-05	2.059376111200905e-02
ENSG00000128973.14	81	90	2.000000000000000e-04	3.728269202633504e-02
ENSG00000129003.19	81	90	9.999000099990002e-05	2.059376111200905e-02
ENSG00000129009.14	81	90	4.000000000000000e-04	6.548302711036876e-02
ENSG00000129028.9	81	90	2.000000000000000e-04	3.728269202633504e-02
ENSG00000129048.8	81	90	9.999000099990002e-05	2.059376111200905e-02
ENSG00000129116.21	81	90	9.999000099990002e-05	2.059376111200905e-02
ENSG00000129173.14	81	90	2.000000000000000e-04	3.728269202633504e-02
ENSG00000129195.17	81	90	9.999000099990002e-05	2.059376111200905e-02
ENSG00000129255.17	81	90	1.000000000000000e-04	2.059376111200905e-02
ENSG00000129295.11	81	90	1.000000000000000e-04	2.059376111200905e-02
ENSG00000129351.19	81	90	4.000000000000000e-04	6.548302711036876e-02
ENSG00000129355.7	81	90	9.999000099990002e-05	2.059376111200905e-02
ENSG00000129484.15	81	90	1.000000000000000e-04	2.059376111200905e-02
ENSG00000129515.21	81	90	2.000000000000000e-04	3.728269202633504e-02
ENSG00000129518.11	81	90	9.999000099990002e-05	2.059376111200905e-02
ENSG00000129534.15	81	90	9.999000099990002e-05	2.059376111200905e-02
ENSG00000129636.14	81	90	1.000000000000000e-04	2.059376111200905e-02
ENSG00000129657.17	81	90	1.000000000000000e-04	2.059376111200905e-02
ENSG00000129675.17	81	90	9.999000099990002e-05	2.059376111200905e-02
ENSG00000129810.16	81	90	9.999000099990002e-05	2.059376111200905e-02
ENSG00000129824.16	81	90	1.000000000000000e-04	2.059376111200905e-02
ENSG00000129911.9	81	90	9.999000099990002e-05	2.059376111200905e-02
ENSG00000129932.11	81	90	9.999000099990002e-05	2.059376111200905e-02
ENSG00000129968.18	81	90	9.999000099990002e-05	2.059376111200905e-02
ENSG00000130024.16	81	90	9.999000099990002e-05	2.059376111200905e-02
ENSG00000130052.14	81	90	9.999000099990002e-05	2.059376111200905e-02
ENSG00000130175.11	81	90	9.999000099990002e-05	2.059376111200905e-02
ENSG00000130177.17	81	90	9.999000099990002e-05	2.059376111200905e-02
ENSG00000130193.9	81	90	9.999000099990002e-05	2.059376111200905e-02
ENSG00000130204.14	81	90	9.999000099990002e-05	2.059376111200905e-02
ENSG00000130299.18	81	90	9.999000099990002e-05	2.059376111200905e-02
ENSG00000130305.18	81	90	1.000000000000000e-04	2.059376111200905e-02
ENSG00000130312.7	81	90	9.999000099990002e-05	2.059376111200905e-02
ENSG00000130332.16	81	90	9.999000099990002e-05	2.059376111200905e-02
ENSG00000130382.10	81	90	3.000000000000000e-04	5.194194863432531e-02
ENSG00000130402.15	81	90	3.000000000000000e-04	5.194194863432531e-02
ENSG00000130479.12	81	90	1.000000000000000e-04	2.059376111200905e-02
ENSG00000130511.17	81	90	9.999000099990002e-05	2.059376111200905e-02
ENSG00000130518.19	81	90	9.999000099990002e-05	2.059376111200905e-02
ENSG00000130520.12	81	90	9.999000099990002e-05	2.059376111200905e-02
ENSG00000130522.6	81	90	1.000000000000000e-04	2.059376111200905e-02
ENSG00000130590.14	81	90	3.000000000000000e-04	5.194194863432531e-02
ENSG00000130640.16	81	90	9.999000099990002e-05	2.059376111200905e-02
ENSG00000130669.18	81	90	9.999000099990002e-05	2.059376111200905e-02
ENSG00000130684.15	81	90	9.999000099990002e-05	2.059376111200905e-02
ENSG00000130695.17	81	90	9.999000099990002e-05	2.059376111200905e-02
ENSG00000130699.20	81	90	9.999000099990002e-05	2.059376111200905e-02
ENSG00000130706.14	81	90	9.999000099990002e-05	2.059376111200905e-02
ENSG00000130707.19	81	90	9.999000099990002e-05	2.059376111200905e-02
ENSG00000130713.18	81	90	9.999000099990002e-05	2.059376111200905e-02
ENSG00000130720.14	81	90	5.000000000000000e-04	7.851466600936653e-02
ENSG00000130725.9	81	90	9.999000099990002e-05	2.059376111200905e-02
ENSG00000130726.13	81	90	9.999000099990002e-05	2.059376111200905e-02
ENSG00000130734.11	81	90	9.999000099990002e-05	2.059376111200905e-02
ENSG00000130748.7	81	90	9.999000099990002e-05	2.059376111200905e-02
ENSG00000130770.19	81	90	4.000000000000000e-04	6.548302711036876e-02
ENSG00000130810.21	81	90	9.999000099990002e-05	2.059376111200905e-02
ENSG00000130816.18	81	90	5.000000000000000e-04	7.851466600936653e-02
ENSG00000130826.20	81	90	9.999000099990002e-05	2.059376111200905e-02
ENSG00000130881.14	81	90	9.999000099990002e-05	2.059376111200905e-02
ENSG00000130935.11	81	90	5.999999999999999e-04	9.084748663101604e-02
ENSG00000130940.15	81	90	1.000000000000000e-04	2.059376111200905e-02
ENSG00000130958.14	81	90	4.000000000000000e-04	6.548302711036876e-02
ENSG00000130985.18	81	90	9.999000099990002e-05	2.059376111200905e-02
ENSG00000130988.14	81	90	2.000000000000000e-04	3.728269202633504e-02
ENSG00000131013.5	81	90	2.000000000000000e-04	3.728269202633504e-02
ENSG00000131019.12	81	90	9.999000099990002e-05	2.059376111200905e-02
ENSG00000131051.25	81	90	9.999000099990002e-05	2.059376111200905e-02
ENSG00000131080.16	81	90	9.999000099990002e-05	2.059376111200905e-02
ENSG00000131116.13	81	90	9.999000099990002e-05	2.059376111200905e-02
ENSG00000131148.10	81	90	9.999000099990002e-05	2.059376111200905e-02
ENSG00000131149.20	81	90	2.000000000000000e-04	3.728269202633504e-02
ENSG00000131153.10	81	90	9.999000099990002e-05	2.059376111200905e-02
ENSG00000131165.17	81	90	4.000000000000000e-04	6.548302711036876e-02
ENSG00000131171.14	81	90	9.999000099990002e-05	2.059376111200905e-02
ENSG00000131188.13	81	90	9.999000099990002e-05	2.059376111200905e-02
ENSG00000131236.19	81	90	9.999000099990002e-05	2.059376111200905e-02
ENSG00000131323.18	81	90	1.000000000000000e-04	2.059376111200905e-02
ENSG00000131351.16	81	90	9.999000099990002e-05	2.059376111200905e-02
ENSG00000131368.10	81	90	9.999000099990002e-05	2.059376111200905e-02
ENSG00000131373.16	81	90	2.000000000000000e-04	3.728269202633504e-02
ENSG00000131462.10	81	90	9.999000099990002e-05	2.059376111200905e-02
ENSG00000131467.13	81	90	9.999000099990002e-05	2.059376111200905e-02
ENSG00000131470.15	81	90	9.999000099990002e-05	2.059376111200905e-02
ENSG00000131503.22	81	90	3.000000000000000e-04	5.194194863432531e-02
ENSG00000131504.18	81	90	9.999000099990002e-05	2.059376111200905e-02
ENSG00000131507.12	81	90	9.999000099990002e-05	2.059376111200905e-02
ENSG00000131584.20	81	90	9.999000099990002e-05	2.059376111200905e-02
ENSG00000131591.19	81	90	9.999000099990002e-05	2.059376111200905e-02
ENSG00000131634.15	81	90	2.000000000000000e-04	3.728269202633504e-02
ENSG00000131697.19	81	90	9.999000099990002e-05	2.059376111200905e-02
ENSG00000131732.13	81	90	9.999000099990002e-05	2.059376111200905e-02
ENSG00000131737.7	81	90	3.000000000000000e-04	5.194194863432531e-02
ENSG00000131747.16	81	90	9.999000099990002e-05	2.059376111200905e-02
ENSG00000131779.12	81	90	9.999000099990002e-05	2.059376111200905e-02
ENSG00000131845.15	81	90	2.000000000000000e-04	3.728269202633504e-02
ENSG00000131849.15	81	90	3.000000000000000e-04	5.194194863432531e-02
ENSG00000131876.19	81	90	9.999000099990002e-05	2.059376111200905e-02
ENSG00000131899.14	81	90	9.999000099990002e-05	2.059376111200905e-02
ENSG00000131944.11	81	90	1.000000000000000e-04	2.059376111200905e-02
ENSG00000131966.15	81	90	3.000000000000000e-04	5.194194863432531e-02
ENSG00000132004.14	81	90	9.999000099990002e-05	2.059376111200905e-02
ENSG00000132005.10	81	90	9.999000099990002e-05	2.059376111200905e-02
ENSG00000132017.12	81	90	9.999000099990002e-05	2.059376111200905e-02
ENSG00000132185.19	81	90	9.999000099990002e-05	2.059376111200905e-02
ENSG00000132256.21	81	90	9.999000099990002e-05	2.059376111200905e-02
ENSG00000132274.18	81	90	9.999000099990002e-05	2.059376111200905e-02
ENSG00000132300.20	81	90	1.000000000000000e-04	2.059376111200905e-02
ENSG00000132341.13	81	90	9.999000099990002e-05	2.059376111200905e-02
ENSG00000132359.18	81	90	2.000000000000000e-04	3.728269202633504e-02
ENSG00000132361.19	81	90	9.999000099990002e-05	2.059376111200905e-02
ENSG00000132382.16	81	90	9.999000099990002e-05	2.059376111200905e-02
ENSG00000132406.13	81	90	9.999000099990002e-05	2.059376111200905e-02
ENSG00000132424.18	81	90	9.999000099990002e-05	2.059376111200905e-02
ENSG00000132432.15	81	90	4.000000000000000e-04	6.548302711036876e-02
ENSG00000132436.14	81	90	9.999000099990002e-05	2.059376111200905e-02
ENSG00000132465.13	81	90	9.999000099990002e-05	2.059376111200905e-02
ENSG00000132471.12	81	90	9.999000099990002e-05	2.059376111200905e-02
ENSG00000132475.11	81	90	9.999000099990002e-05	2.059376111200905e-02
ENSG00000132507.19	81	90	9.999000099990002e-05	2.059376111200905e-02
ENSG00000132530.18	81	90	1.000000000000000e-04	2.059376111200905e-02
ENSG00000132541.12	81	90	9.999000099990002e-05	2.059376111200905e-02
ENSG00000132549.20	81	90	9.999000099990002e-05	2.059376111200905e-02
ENSG00000132600.19	81	90	5.999999999999999e-04	9.084748663101604e-02
ENSG00000132646.12	81	90	9.999000099990002e-05	2.059376111200905e-02
ENSG00000132661.5	81	90	9.999000099990002e-05	2.059376111200905e-02
ENSG00000132718.10	81	90	9.999000099990002e-05	2.059376111200905e-02
ENSG00000132763.16	81	90	9.999000099990002e-05	2.059376111200905e-02
ENSG00000132768.15	81	90	9.999000099990002e-05	2.059376111200905e-02
ENSG00000132773.13	81	90	9.999000099990002e-05	2.059376111200905e-02
ENSG00000132780.18	81	90	9.999000099990002e-05	2.059376111200905e-02
ENSG00000132819.17	81	90	9.999000099990002e-05	2.059376111200905e-02
ENSG00000132823.12	81	90	9.999000099990002e-05	2.059376111200905e-02
ENSG00000132825.7	81	90	9.999000099990002e-05	2.059376111200905e-02
ENSG00000132837.16	81	90	9.999000099990002e-05	2.059376111200905e-02
ENSG00000132842.17	81	90	4.000000000000000e-04	6.548302711036876e-02
ENSG00000132849.22	81	90	5.000000000000000e-04	7.851466600936653e-02
ENSG00000132950.20	81	90	9.999000099990002e-05	2.059376111200905e-02
ENSG00000132952.13	81	90	1.000000000000000e-04	2.059376111200905e-02
ENSG00000133027.19	81	90	9.999000099990002e-05	2.059376111200905e-02
ENSG00000133104.15	81	90	9.999000099990002e-05	2.059376111200905e-02
ENSG00000133111.4	81	90	1.000000000000000e-04	2.059376111200905e-02
ENSG00000133112.18	81	90	9.999000099990002e-05	2.059376111200905e-02
ENSG00000133119.14	81	90	9.999000099990002e-05	2.059376111200905e-02
ENSG00000133138.21	81	90	2.000000000000000e-04	3.728269202633504e-02
ENSG00000133142.20	81	90	5.999999999999999e-04	9.084748663101604e-02
ENSG00000133216.17	81	90	4.000000000000000e-04	6.548302711036876e-02
ENSG00000133250.14	81	90	9.999000099990002e-05	2.059376111200905e-02
ENSG00000133265.12	81	90	9.999000099990002e-05	2.059376111200905e-02
ENSG00000133302.14	81	90	9.999000099990002e-05	2.059376111200905e-02
ENSG00000133315.13	81	90	9.999000099990002e-05	2.059376111200905e-02
ENSG00000133606.12	81	90	9.999000099990002e-05	2.059376111200905e-02
ENSG00000133678.15	81	90	5.999999999999999e-04	9.084748663101604e-02
ENSG00000133703.15	81	90	2.000000000000000e-04	3.728269202633504e-02
ENSG00000133789.16	81	90	9.999000099990002e-05	2.059376111200905e-02
ENSG00000133858.17	81	90	9.999000099990002e-05	2.059376111200905e-02
ENSG00000133872.15	81	90	1.000000000000000e-04	2.059376111200905e-02
ENSG00000134049.7	81	90	9.999000099990002e-05	2.059376111200905e-02
ENSG00000134057.16	81	90	9.999000099990002e-05	2.059376111200905e-02
ENSG00000134072.12	81	90	9.999000099990002e-05	2.059376111200905e-02
ENSG00000134086.11	81	90	9.999000099990002e-05	2.059376111200905e-02
ENSG00000134186.13	81	90	1.000000000000000e-04	2.059376111200905e-02
ENSG00000134202.13	81	90	3.000000000000000e-04	5.194194863432531e-02
ENSG00000134222.17	81	90	1.000000000000000e-04	2.059376111200905e-02
ENSG00000134248.15	81	90	9.999000099990002e-05	2.059376111200905e-02
ENSG00000134283.19	81	90	4.000000000000000e-04	6.548302711036876e-02
ENSG00000134308.15	81	90	9.999000099990002e-05	2.059376111200905e-02
ENSG00000134313.18	81	90	1.000000000000000e-04	2.059376111200905e-02
ENSG00000134330.19	81	90	9.999000099990002e-05	2.059376111200905e-02
ENSG00000134352.22	81	90	9.999000099990002e-05	2.059376111200905e-02
ENSG00000134363.13	81	90	9.999000099990002e-05	2.059376111200905e-02
ENSG00000134419.16	81	90	9.999000099990002e-05	2.059376111200905e-02
ENSG00000134574.13	81	90	9.999000099990002e-05	2.059376111200905e-02
ENSG00000134690.12	81	90	9.999000099990002e-05	2.059376111200905e-02
ENSG00000134717.19	81	90	2.000000000000000e-04	3.728269202633504e-02
ENSG00000134744.15	81	90	9.999000099990002e-05	2.059376111200905e-02
ENSG00000134780.11	81	90	9.999000099990002e-05	2.059376111200905e-02
ENSG00000134809.10	81	90	5.000000000000000e-04	7.851466600936653e-02
ENSG00000134815.21	81	90	9.999000099990002e-05	2.059376111200905e-02
ENSG00000134825.17	81	90	2.000000000000000e-04	3.728269202633504e-02
ENSG00000134851.14	81	90	9.999000099990002e-05	2.059376111200905e-02
ENSG00000134882.17	81	90	9.999000099990002e-05	2.059376111200905e-02
ENSG00000134884.16	81	90	9.999000099990002e-05	2.059376111200905e-02
ENSG00000134897.15	81	90	9.999000099990002e-05	2.059376111200905e-02
ENSG00000134900.14	81	90	9.999000099990002e-05	2.059376111200905e-02
ENSG00000134955.13	81	90	2.000000000000000e-04	3.728269202633504e-02
ENSG00000134996.13	81	90	4.000000000000000e-04	6.548302711036876e-02
ENSG00000135045.7	81	90	3.000000000000000e-04	5.194194863432531e-02
ENSG00000135052.17	81	90	9.999000099990002e-05	2.059376111200905e-02
ENSG00000135074.17	81	90	9.999000099990002e-05	2.059376111200905e-02
ENSG00000135093.14	81	90	2.000000000000000e-04	3.728269202633504e-02
ENSG00000135124.17	81	90	2.000000000000000e-04	3.728269202633504e-02
ENSG00000135148.13	81	90	9.999000099990002e-05	2.059376111200905e-02
ENSG00000135185.13	81	90	9.999000099990002e-05	2.059376111200905e-02
ENSG00000135205.16	81	90	9.999000099990002e-05	2.059376111200905e-02
ENSG00000135272.14	81	90	2.000000000000000e-04	3.728269202633504e-02
ENSG00000135297.18	81	90	3.000000000000000e-04	5.194194863432531e-02
ENSG00000135315.13	81	90	9.999000099990002e-05	2.059376111200905e-02
ENSG00000135317.15	81	90	9.999000099990002e-05	2.059376111200905e-02
ENSG00000135338.15	81	90	9.999000099990002e-05	2.059376111200905e-02
ENSG00000135341.20	81	90	9.999000099990002e-05	2.059376111200905e-02
ENSG00000135414.10	81	90	9.999000099990002e-05	2.059376111200905e-02
ENSG00000135451.14	81	90	9.999000099990002e-05	2.059376111200905e-02
ENSG00000135452.11	81	90	9.999000099990002e-05	2.059376111200905e-02
ENSG00000135476.13	81	90	9.999000099990002e-05	2.059376111200905e-02
ENSG00000135506.18	81	90	9.999000099990002e-05	2.059376111200905e-02
ENSG00000135617.5	81	90	9.999000099990002e-05	2.059376111200905e-02
ENSG00000135624.18	81	90	9.999000099990002e-05	2.059376111200905e-02
ENSG00000135632.13	81	90	3.000000000000000e-04	5.194194863432531e-02
ENSG00000135678.13	81	90	9.999000099990002e-05	2.059376111200905e-02
ENSG00000135679.28	81	90	9.999000099990002e-05	2.059376111200905e-02
ENSG00000135763.11	81	90	5.000000000000000e-04	7.851466600936653e-02
ENSG00000135766.10	81	90	9.999000099990002e-05	2.059376111200905e-02
ENSG00000135775.15	81	90	2.000000000000000e-04	3.728269202633504e-02
ENSG00000135823.14	81	90	9.999000099990002e-05	2.059376111200905e-02
ENSG00000135828.12	81	90	9.999000099990002e-05	2.059376111200905e-02
ENSG00000135829.18	81	90	9.999000099990002e-05	2.059376111200905e-02
ENSG00000135870.14	81	90	2.000000000000000e-04	3.728269202633504e-02
ENSG00000135924.18	81	90	9.999000099990002e-05	2.059376111200905e-02
ENSG00000135929.10	81	90	5.000000000000000e-04	7.851466600936653e-02
ENSG00000135931.20	81	90	9.999000099990002e-05	2.059376111200905e-02
ENSG00000135945.11	81	90	1.000000000000000e-04	2.059376111200905e-02
ENSG00000135968.23	81	90	9.999000099990002e-05	2.059376111200905e-02
ENSG00000135974.12	81	90	3.000000000000000e-04	5.194194863432531e-02
ENSG00000135999.14	81	90	9.999000099990002e-05	2.059376111200905e-02
ENSG00000136003.17	81	90	9.999000099990002e-05	2.059376111200905e-02
ENSG00000136048.15	81	90	9.999000099990002e-05	2.059376111200905e-02
ENSG00000136108.16	81	90	9.999000099990002e-05	2.059376111200905e-02
ENSG00000136122.19	81	90	9.999000099990002e-05	2.059376111200905e-02
ENSG00000136146.16	81	90	9.999000099990002e-05	2.059376111200905e-02
ENSG00000136147.19	81	90	3.000000000000000e-04	5.194194863432531e-02
ENSG00000136156.16	81	90	5.999999999999999e-04	9.084748663101604e-02
ENSG00000136161.14	81	90	2.000000000000000e-04	3.728269202633504e-02
ENSG00000136167.16	81	90	4.000000000000000e-04	6.548302711036876e-02
ENSG00000136205.19	81	90	1.000000000000000e-04	2.059376111200905e-02
ENSG00000136213.11	81	90	9.999000099990002e-05	2.059376111200905e-02
ENSG00000136235.18	81	90	9.999000099990002e-05	2.059376111200905e-02
ENSG00000136244.13	81	90	1.000000000000000e-04	2.059376111200905e-02
ENSG00000136270.15	81	90	1.000000000000000e-04	2.059376111200905e-02
ENSG00000136271.12	81	90	1.000000000000000e-04	2.059376111200905e-02
ENSG00000136279.22	81	90	9.999000099990002e-05	2.059376111200905e-02
ENSG00000136280.18	81	90	9.999000099990002e-05	2.059376111200905e-02
ENSG00000136295.17	81	90	5.000000000000000e-04	7.851466600936653e-02
ENSG00000136436.17	81	90	5.000000000000000e-04	7.851466600936653e-02
ENSG00000136448.14	81	90	2.000000000000000e-04	3.728269202633504e-02
ENSG00000136450.13	81	90	9.999000099990002e-05	2.059376111200905e-02
ENSG00000136485.16	81	90	9.999000099990002e-05	2.059376111200905e-02
ENSG00000136492.11	81	90	9.999000099990002e-05	2.059376111200905e-02
ENSG00000136518.18	81	90	1.000000000000000e-04	2.059376111200905e-02
ENSG00000136560.15	81	90	9.999000099990002e-05	2.059376111200905e-02
ENSG00000136643.13	81	90	9.999000099990002e-05	2.059376111200905e-02
ENSG00000136699.21	81	90	9.999000099990002e-05	2.059376111200905e-02
ENSG00000136710.11	81	90	4.000000000000000e-04	6.548302711036876e-02
ENSG00000136715.20	81	90	9.999000099990002e-05	2.059376111200905e-02
ENSG00000136718.11	81	90	9.999000099990002e-05	2.059376111200905e-02
ENSG00000136783.11	81	90	9.999000099990002e-05	2.059376111200905e-02
ENSG00000136802.13	81	90	5.000000000000000e-04	7.851466600936653e-02
ENSG00000136811.17	81	90	9.999000099990002e-05	2.059376111200905e-02
ENSG00000136813.16	81	90	5.000000000000000e-04	7.851466600936653e-02
ENSG00000136824.20	81	90	9.999000099990002e-05	2.059376111200905e-02
ENSG00000136830.13	81	90	9.999000099990002e-05	2.059376111200905e-02
ENSG00000136856.19	81	90	9.999000099990002e-05	2.059376111200905e-02
ENSG00000136870.11	81	90	9.999000099990002e-05	2.059376111200905e-02
ENSG00000136874.12	81	90	2.000000000000000e-04	3.728269202633504e-02
ENSG00000136875.14	81	90	9.999000099990002e-05	2.059376111200905e-02
ENSG00000136897.8	81	90	3.000000000000000e-04	5.194194863432531e-02
ENSG00000136908.19	81	90	9.999000099990002e-05	2.059376111200905e-02
ENSG00000136925.16	81	90	2.000000000000000e-04	3.728269202633504e-02
ENSG00000136930.14	81	90	2.000000000000000e-04	3.728269202633504e-02
ENSG00000136936.12	81	90	5.000000000000000e-04	7.851466600936653e-02
ENSG00000136940.15	81	90	3.000000000000000e-04	5.194194863432531e-02
ENSG00000136942.16	81	90	1.000000000000000e-04	2.059376111200905e-02
ENSG00000136950.14	81	90	1.000000000000000e-04	2.059376111200905e-02
ENSG00000136960.14	81	90	4.000000000000000e-04	6.548302711036876e-02
ENSG00000136982.7	81	90	5.000000000000000e-04	7.851466600936653e-02
ENSG00000136999.6	81	90	9.999000099990002e-05	2.059376111200905e-02
ENSG00000137038.9	81	90	3.000000000000000e-04	5.194194863432531e-02
ENSG00000137054.17	81	90	9.999000099990002e-05	2.059376111200905e-02
ENSG00000137073.25	81	90	9.999000099990002e-05	2.059376111200905e-02
ENSG00000137100.17	81	90	4.000000000000000e-04	6.548302711036876e-02
ENSG00000137135.19	81	90	9.999000099990002e-05	2.059376111200905e-02
ENSG00000137145.22	81	90	9.999000099990002e-05	2.059376111200905e-02
ENSG00000137166.19	81	90	9.999000099990002e-05	2.059376111200905e-02
ENSG00000137198.11	81	90	5.000000000000000e-04	7.851466600936653e-02
ENSG00000137267.8	81	90	9.999000099990002e-05	2.059376111200905e-02
ENSG00000137309.22	81	90	9.999000099990002e-05	2.059376111200905e-02
ENSG00000137310.14	81	90	9.999000099990002e-05	2.059376111200905e-02
ENSG00000137338.7	81	90	9.999000099990002e-05	2.059376111200905e-02
ENSG00000137393.11	81	90	2.000000000000000e-04	3.728269202633504e-02
ENSG00000137404.16	81	90	9.999000099990002e-05	2.059376111200905e-02
ENSG00000137414.8	81	90	9.999000099990002e-05	2.059376111200905e-02
ENSG00000137463.6	81	90	9.999000099990002e-05	2.059376111200905e-02
ENSG00000137494.15	81	90	5.999999999999999e-04	9.084748663101604e-02
ENSG00000137501.19	81	90	5.999999999999999e-04	9.084748663101604e-02
ENSG00000137504.16	81	90	9.999000099990002e-05	2.059376111200905e-02
ENSG00000137509.13	81	90	9.999000099990002e-05	2.059376111200905e-02
ENSG00000137547.10	81	90	9.999000099990002e-05	2.059376111200905e-02
ENSG00000137691.14	81	90	9.999000099990002e-05	2.059376111200905e-02
ENSG00000137692.13	81	90	2.000000000000000e-04	3.728269202633504e-02
ENSG00000137720.8	81	90	9.999000099990002e-05	2.059376111200905e-02
ENSG00000137764.21	81	90	9.999000099990002e-05	2.059376111200905e-02
ENSG00000137801.12	81	90	9.999000099990002e-05	2.059376111200905e-02
ENSG00000137804.15	81	90	9.999000099990002e-05	2.059376111200905e-02
ENSG00000137807.17	81	90	9.999000099990002e-05	2.059376111200905e-02
ENSG00000137809.18	81	90	9.999000099990002e-05	2.059376111200905e-02
ENSG00000137812.21	81	90	1.000000000000000e-04	2.059376111200905e-02
ENSG00000137822.14	81	90	1.000000000000000e-04	2.059376111200905e-02
ENSG00000137834.16	81	90	9.999000099990002e-05	2.059376111200905e-02
ENSG00000137868.20	81	90	9.999000099990002e-05	2.059376111200905e-02
ENSG00000137871.22	81	90	9.999000099990002e-05	2.059376111200905e-02
ENSG00000137876.12	81	90	9.999000099990002e-05	2.059376111200905e-02
ENSG00000137877.10	81	90	4.000000000000000e-04	6.548302711036876e-02
ENSG00000137936.19	81	90	5.000000000000000e-04	7.851466600936653e-02
ENSG00000137944.18	81	90	9.999000099990002e-05	2.059376111200905e-02
ENSG00000137975.8	81	90	2.000000000000000e-04	3.728269202633504e-02
ENSG00000138029.15	81	90	2.000000000000000e-04	3.728269202633504e-02
ENSG00000138036.19	81	90	9.999000099990002e-05	2.059376111200905e-02
ENSG00000138061.14	81	90	9.999000099990002e-05	2.059376111200905e-02
ENSG00000138069.19	81	90	9.999000099990002e-05	2.059376111200905e-02
ENSG00000138074.16	81	90	2.000000000000000e-04	3.728269202633504e-02
ENSG00000138078.17	81	90	2.000000000000000e-04	3.728269202633504e-02
ENSG00000138080.15	81	90	9.999000099990002e-05	2.059376111200905e-02
ENSG00000138081.23	81	90	9.999000099990002e-05	2.059376111200905e-02
ENSG00000138085.19	81	90	9.999000099990002e-05	2.059376111200905e-02
ENSG00000138092.12	81	90	9.999000099990002e-05	2.059376111200905e-02
ENSG00000138095.21	81	90	9.999000099990002e-05	2.059376111200905e-02
ENSG00000138107.14	81	90	9.999000099990002e-05	2.059376111200905e-02
ENSG00000138119.18	81	90	3.000000000000000e-04	5.194194863432531e-02
ENSG00000138131.5	81	90	9.999000099990002e-05	2.059376111200905e-02
ENSG00000138160.8	81	90	9.999000099990002e-05	2.059376111200905e-02
ENSG00000138166.7	81	90	9.999000099990002e-05	2.059376111200905e-02
ENSG00000138172.12	81	90	1.000000000000000e-04	2.059376111200905e-02
ENSG00000138180.17	81	90	9.999000099990002e-05	2.059376111200905e-02
ENSG00000138182.16	81	90	9.999000099990002e-05	2.059376111200905e-02
ENSG00000138246.17	81	90	9.999000099990002e-05	2.059376111200905e-02
ENSG00000138286.16	81	90	9.999000099990002e-05	2.059376111200905e-02
ENSG00000138356.15	81	90	2.000000000000000e-04	3.728269202633504e-02
ENSG00000138376.12	81	90	9.999000099990002e-05	2.059376111200905e-02
ENSG00000138378.21	81	90	9.999000099990002e-05	2.059376111200905e-02
ENSG00000138385.17	81	90	2.000000000000000e-04	3.728269202633504e-02
ENSG00000138433.17	81	90	9.999000099990002e-05	2.059376111200905e-02
ENSG00000138449.12	81	90	9.999000099990002e-05	2.059376111200905e-02
ENSG00000138463.10	81	90	3.000000000000000e-04	5.194194863432531e-02
ENSG00000138496.18	81	90	9.999000099990002e-05	2.059376111200905e-02
ENSG00000138594.15	81	90	9.999000099990002e-05	2.059376111200905e-02
ENSG00000138600.12	81	90	2.000000000000000e-04	3.728269202633504e-02
ENSG00000138623.10	81	90	9.999000099990002e-05	2.059376111200905e-02
ENSG00000138629.17	81	90	1.000000000000000e-04	2.059376111200905e-02
ENSG00000138639.18	81	90	5.000000000000000e-04	7.851466600936653e-02
ENSG00000138640.16	81	90	9.999000099990002e-05	2.059376111200905e-02
ENSG00000138641.20	81	90	4.000000000000000e-04	6.548302711036876e-02
ENSG00000138674.18	81	90	9.999000099990002e-05	2.059376111200905e-02
ENSG00000138675.17	81	90	4.000000000000000e-04	6.548302711036876e-02
ENSG00000138688.17	81	90	9.999000099990002e-05	2.059376111200905e-02
ENSG00000138756.20	81	90	5.000000000000000e-04	7.851466600936653e-02
ENSG00000138758.13	81	90	9.999000099990002e-05	2.059376111200905e-02
ENSG00000138764.16	81	90	9.999000099990002e-05	2.059376111200905e-02
ENSG00000138780.16	81	90	9.999000099990002e-05	2.059376111200905e-02
ENSG00000138942.18	81	90	9.999000099990002e-05	2.059376111200905e-02
ENSG00000139132.16	81	90	2.000000000000000e-04	3.728269202633504e-02
ENSG00000139178.13	81	90	9.999000099990002e-05	2.059376111200905e-02
ENSG00000139209.17	81	90	1.000000000000000e-04	2.059376111200905e-02
ENSG00000139263.13	81	90	2.000000000000000e-04	3.728269202633504e-02
ENSG00000139304.16	81	90	1.000000000000000e-04	2.059376111200905e-02
ENSG00000139323.15	81	90	5.000000000000000e-04	7.851466600936653e-02
ENSG00000139329.6	81	90	9.999000099990002e-05	2.059376111200905e-02
ENSG00000139343.12	81	90	2.000000000000000e-04	3.728269202633504e-02
ENSG00000139354.12	81	90	1.000000000000000e-04	2.059376111200905e-02
ENSG00000139405.17	81	90	9.999000099990002e-05	2.059376111200905e-02
ENSG00000139437.19	81	90	9.999000099990002e-05	2.059376111200905e-02
ENSG00000139438.7	81	90	9.999000099990002e-05	2.059376111200905e-02
ENSG00000139508.16	81	90	9.999000099990002e-05	2.059376111200905e-02
ENSG00000139514.14	81	90	9.999000099990002e-05	2.059376111200905e-02
ENSG00000139546.12	81	90	3.000000000000000e-04	5.194194863432531e-02
ENSG00000139597.19	81	90	9.999000099990002e-05	2.059376111200905e-02
ENSG00000139618.19	81	90	2.000000000000000e-04	3.728269202633504e-02
ENSG00000139625.14	81	90	2.000000000000000e-04	3.728269202633504e-02
ENSG00000139636.17	81	90	9.999000099990002e-05	2.059376111200905e-02
ENSG00000139644.14	81	90	2.000000000000000e-04	3.728269202633504e-02
ENSG00000139645.11	81	90	9.999000099990002e-05	2.059376111200905e-02
ENSG00000139668.10	81	90	9.999000099990002e-05	2.059376111200905e-02
ENSG00000139679.17	81	90	1.000000000000000e-04	2.059376111200905e-02
ENSG00000139718.12	81	90	9.999000099990002e-05	2.059376111200905e-02
ENSG00000139722.8	81	90	9.999000099990002e-05	2.059376111200905e-02
ENSG00000139826.7	81	90	9.999000099990002e-05	2.059376111200905e-02
ENSG00000139874.7	81	90	1.000000000000000e-04	2.059376111200905e-02
ENSG00000139880.21	81	90	9.999000099990002e-05	2.059376111200905e-02
ENSG00000139926.17	81	90	1.000000000000000e-04	2.059376111200905e-02
ENSG00000139946.11	81	90	9.999000099990002e-05	2.059376111200905e-02
ENSG00000139974.18	81	90	9.999000099990002e-05	2.059376111200905e-02
ENSG00000140043.13	81	90	2.000000000000000e-04	3.728269202633504e-02
ENSG00000140092.17	81	90	4.000000000000000e-04	6.548302711036876e-02
ENSG00000140259.8	81	90	1.000000000000000e-04	2.059376111200905e-02
ENSG00000140263.16	81	90	9.999000099990002e-05	2.059376111200905e-02
ENSG00000140285.13	81	90	2.000000000000000e-04	3.728269202633504e-02
ENSG00000140319.12	81	90	4.000000000000000e-04	6.548302711036876e-02
ENSG00000140320.13	81	90	4.000000000000000e-04	6.548302711036876e-02
ENSG00000140326.14	81	90	9.999000099990002e-05	2.059376111200905e-02
ENSG00000140332.19	81	90	2.000000000000000e-04	3.728269202633504e-02
ENSG00000140350.16	81	90	1.000000000000000e-04	2.059376111200905e-02
ENSG00000140365.17	81	90	9.999000099990002e-05	2.059376111200905e-02
ENSG00000140382.16	81	90	5.999999999999999e-04	9.084748663101604e-02
ENSG00000140406.4	81	90	9.999000099990002e-05	2.059376111200905e-02
ENSG00000140450.10	81	90	3.000000000000000e-04	5.194194863432531e-02
ENSG00000140451.14	81	90	9.999000099990002e-05	2.059376111200905e-02
ENSG00000140525.21	81	90	3.000000000000000e-04	5.194194863432531e-02
ENSG00000140534.15	81	90	9.999000099990002e-05	2.059376111200905e-02
ENSG00000140553.19	81	90	9.999000099990002e-05	2.059376111200905e-02
ENSG00000140564.14	81	90	9.999000099990002e-05	2.059376111200905e-02
ENSG00000140577.18	81	90	5.000000000000000e-04	7.851466600936653e-02
ENSG00000140691.19	81	90	9.999000099990002e-05	2.059376111200905e-02
ENSG00000140750.18	81	90	3.000000000000000e-04	5.194194863432531e-02
ENSG00000140941.15	81	90	9.999000099990002e-05	2.059376111200905e-02
ENSG00000140943.18	81	90	9.999000099990002e-05	2.059376111200905e-02
ENSG00000140950.17	81	90	9.999000099990002e-05	2.059376111200905e-02
ENSG00000140961.15	81	90	9.999000099990002e-05	2.059376111200905e-02
ENSG00000140983.16	81	90	9.999000099990002e-05	2.059376111200905e-02
ENSG00000140987.23	81	90	9.999000099990002e-05	2.059376111200905e-02
ENSG00000140990.16	81	90	9.999000099990002e-05	2.059376111200905e-02
ENSG00000140995.18	81	90	9.999000099990002e-05	2.059376111200905e-02
ENSG00000141098.14	81	90	9.999000099990002e-05	2.059376111200905e-02
ENSG00000141298.19	81	90	9.999000099990002e-05	2.059376111200905e-02
ENSG00000141338.16	81	90	9.999000099990002e-05	2.059376111200905e-02
ENSG00000141367.15	81	90	1.000000000000000e-04	2.059376111200905e-02
ENSG00000141376.24	81	90	2.000000000000000e-04	3.728269202633504e-02
ENSG00000141425.19	81	90	3.000000000000000e-04	5.194194863432531e-02
ENSG00000141446.13	81	90	2.000000000000000e-04	3.728269202633504e-02
ENSG00000141447.20	81	90	1.000000000000000e-04	2.059376111200905e-02
ENSG00000141456.17	81	90	9.999000099990002e-05	2.059376111200905e-02
ENSG00000141499.19	81	90	9.999000099990002e-05	2.059376111200905e-02
ENSG00000141510.20	81	90	9.999000099990002e-05	2.059376111200905e-02
ENSG00000141522.14	81	90	4.000000000000000e-04	6.548302711036876e-02
ENSG00000141526.19	81	90	9.999000099990002e-05	2.059376111200905e-02
ENSG00000141552.19	81	90	9.999000099990002e-05	2.059376111200905e-02
ENSG00000141556.23	81	90	9.999000099990002e-05	2.059376111200905e-02
ENSG00000141560.16	81	90	9.999000099990002e-05	2.059376111200905e-02
ENSG00000141568.22	81	90	9.999000099990002e-05	2.059376111200905e-02
ENSG00000141569.13	81	90	5.999999999999999e-04	9.084748663101604e-02
ENSG00000141577.15	81	90	9.999000099990002e-05	2.059376111200905e-02
ENSG00000141582.16	81	90	4.000000000000000e-04	6.548302711036876e-02
ENSG00000141682.13	81	90	9.999000099990002e-05	2.059376111200905e-02
ENSG00000141753.8	81	90	1.000000000000000e-04	2.059376111200905e-02
ENSG00000141858.12	81	90	9.999000099990002e-05	2.059376111200905e-02
ENSG00000141867.19	81	90	3.000000000000000e-04	5.194194863432531e-02
ENSG00000141905.20	81	90	9.999000099990002e-05	2.059376111200905e-02
ENSG00000141933.9	81	90	9.999000099990002e-05	2.059376111200905e-02
ENSG00000141959.18	81	90	9.999000099990002e-05	2.059376111200905e-02
ENSG00000141965.5	81	90	9.999000099990002e-05	2.059376111200905e-02
ENSG00000141971.15	81	90	3.000000000000000e-04	5.194194863432531e-02
ENSG00000141985.10	81	90	9.999000099990002e-05	2.059376111200905e-02
ENSG00000141994.17	81	90	1.000000000000000e-04	2.059376111200905e-02
ENSG00000142002.20	81	90	3.000000000000000e-04	5.194194863432531e-02
ENSG00000142065.15	81	90	1.000000000000000e-04	2.059376111200905e-02
ENSG00000142082.16	81	90	9.999000099990002e-05	2.059376111200905e-02
ENSG00000142149.10	81	90	3.000000000000000e-04	5.194194863432531e-02
ENSG00000142156.17	81	90	9.999000099990002e-05	2.059376111200905e-02
ENSG00000142192.23	81	90	1.000000000000000e-04	2.059376111200905e-02
ENSG00000142197.14	81	90	1.000000000000000e-04	2.059376111200905e-02
ENSG00000142207.8	81	90	9.999000099990002e-05	2.059376111200905e-02
ENSG00000142208.20	81	90	9.999000099990002e-05	2.059376111200905e-02
ENSG00000142230.14	81	90	9.999000099990002e-05	2.059376111200905e-02
ENSG00000142330.21	81	90	9.999000099990002e-05	2.059376111200905e-02
ENSG00000142396.12	81	90	9.999000099990002e-05	2.059376111200905e-02
ENSG00000142409.7	81	90	9.999000099990002e-05	2.059376111200905e-02
ENSG00000142453.13	81	90	9.999000099990002e-05	2.059376111200905e-02
ENSG00000142528.17	81	90	4.000000000000000e-04	6.548302711036876e-02
ENSG00000142544.8	81	90	9.999000099990002e-05	2.059376111200905e-02
ENSG00000142546.15	81	90	1.000000000000000e-04	2.059376111200905e-02
ENSG00000142552.9	81	90	1.000000000000000e-04	2.059376111200905e-02
ENSG00000142583.19	81	90	2.000000000000000e-04	3.728269202633504e-02
ENSG00000142627.14	81	90	4.000000000000000e-04	6.548302711036876e-02
ENSG00000142634.14	81	90	9.999000099990002e-05	2.059376111200905e-02
ENSG00000142669.16	81	90	5.000000000000000e-04	7.851466600936653e-02
ENSG00000142676.15	81	90	1.000000000000000e-04	2.059376111200905e-02
ENSG00000142677.5	81	90	1.000000000000000e-04	2.059376111200905e-02
ENSG00000142684.9	81	90	9.999000099990002e-05	2.059376111200905e-02
ENSG00000142687.20	81	90	9.999000099990002e-05	2.059376111200905e-02
ENSG00000142694.8	81	90	9.999000099990002e-05	2.059376111200905e-02
ENSG00000142731.12	81	90	9.999000099990002e-05	2.059376111200905e-02
ENSG00000142864.16	81	90	9.999000099990002e-05	2.059376111200905e-02
ENSG00000142945.14	81	90	9.999000099990002e-05	2.059376111200905e-02
ENSG00000143028.10	81	90	4.000000000000000e-04	6.548302711036876e-02
ENSG00000143147.16	81	90	9.999000099990002e-05	2.059376111200905e-02
ENSG00000143162.10	81	90	9.999000099990002e-05	2.059376111200905e-02
ENSG00000143164.17	81	90	9.999000099990002e-05	2.059376111200905e-02
ENSG00000143178.13	81	90	9.999000099990002e-05	2.059376111200905e-02
ENSG00000143196.6	81	90	9.999000099990002e-05	2.059376111200905e-02
ENSG00000143207.22	81	90	4.000000000000000e-04	6.548302711036876e-02
ENSG00000143222.13	81	90	1.000000000000000e-04	2.059376111200905e-02
ENSG00000143228.14	81	90	1.000000000000000e-04	2.059376111200905e-02
ENSG00000143256.6	81	90	9.999000099990002e-05	2.059376111200905e-02
ENSG00000143314.13	81	90	1.000000000000000e-04	2.059376111200905e-02
ENSG00000143322.22	81	90	9.999000099990002e-05	2.059376111200905e-02
ENSG00000143344.17	81	90	9.999000099990002e-05	2.059376111200905e-02
ENSG00000143353.13	81	90	1.000000000000000e-04	2.059376111200905e-02
ENSG00000143367.18	81	90	5.000000000000000e-04	7.851466600936653e-02
ENSG00000143368.11	81	90	9.999000099990002e-05	2.059376111200905e-02
ENSG00000143374.19	81	90	1.000000000000000e-04	2.059376111200905e-02
ENSG00000143376.15	81	90	5.000000000000000e-04	7.851466600936653e-02
ENSG00000143401.16	81	90	9.999000099990002e-05	2.059376111200905e-02
ENSG00000143416.22	81	90	9.999000099990002e-05	2.059376111200905e-02
ENSG00000143457.12	81	90	9.999000099990002e-05	2.059376111200905e-02
ENSG00000143473.15	81	90	9.999000099990002e-05	2.059376111200905e-02
ENSG00000143476.19	81	90	9.999000099990002e-05	2.059376111200905e-02
ENSG00000143486.17	81	90	9.999000099990002e-05	2.059376111200905e-02
ENSG00000143502.17	81	90	9.999000099990002e-05	2.059376111200905e-02
ENSG00000143537.15	81	90	1.000000000000000e-04	2.059376111200905e-02
ENSG00000143549.23	81	90	9.999000099990002e-05	2.059376111200905e-02
ENSG00000143554.15	81	90	3.000000000000000e-04	5.194194863432531e-02
ENSG00000143621.18	81	90	9.999000099990002e-05	2.059376111200905e-02
ENSG00000143633.14	81	90	5.999999999999999e-04	9.084748663101604e-02
ENSG00000143669.16	81	90	9.999000099990002e-05	2.059376111200905e-02
ENSG00000143702.18	81	90	9.999000099990002e-05	2.059376111200905e-02
ENSG00000143753.15	81	90	3.000000000000000e-04	5.194194863432531e-02
ENSG00000143761.18	81	90	9.999000099990002e-05	2.059376111200905e-02
ENSG00000143774.19	81	90	9.999000099990002e-05	2.059376111200905e-02
ENSG00000143793.14	81	90	9.999000099990002e-05	2.059376111200905e-02
ENSG00000143811.21	81	90	4.000000000000000e-04	6.548302711036876e-02
ENSG00000143816.8	81	90	9.999000099990002e-05	2.059376111200905e-02
ENSG00000143819.14	81	90	4.000000000000000e-04	6.548302711036876e-02
ENSG00000143942.6	81	90	2.000000000000000e-04	3.728269202633504e-02
ENSG00000143952.21	81	90	9.999000099990002e-05	2.059376111200905e-02
ENSG00000143971.10	81	90	9.999000099990002e-05	2.059376111200905e-02
ENSG00000144021.4	81	90	9.999000099990002e-05	2.059376111200905e-02
ENSG00000144028.16	81	90	1.000000000000000e-04	2.059376111200905e-02
ENSG00000144048.13	81	90	3.000000000000000e-04	5.194194863432531e-02
ENSG00000144061.15	81	90	9.999000099990002e-05	2.059376111200905e-02
ENSG00000144063.5	81	90	4.000000000000000e-04	6.548302711036876e-02
ENSG00000144134.20	81	90	9.999000099990002e-05	2.059376111200905e-02
ENSG00000144136.12	81	90	9.999000099990002e-05	2.059376111200905e-02
ENSG00000144182.18	81	90	9.999000099990002e-05	2.059376111200905e-02
ENSG00000144218.21	81	90	9.999000099990002e-05	2.059376111200905e-02
ENSG00000144224.18	81	90	9.999000099990002e-05	2.059376111200905e-02
ENSG00000144231.12	81	90	9.999000099990002e-05	2.059376111200905e-02
ENSG00000144285.24	81	90	9.999000099990002e-05	2.059376111200905e-02
ENSG00000144320.15	81	90	9.999000099990002e-05	2.059376111200905e-02
ENSG00000144355.15	81	90	9.999000099990002e-05	2.059376111200905e-02
ENSG00000144369.15	81	90	1.000000000000000e-04	2.059376111200905e-02
ENSG00000144381.19	81	90	2.000000000000000e-04	3.728269202633504e-02
ENSG00000144395.18	81	90	2.000000000000000e-04	3.728269202633504e-02
ENSG00000144445.18	81	90	2.000000000000000e-04	3.728269202633504e-02
ENSG00000144451.20	81	90	9.999000099990002e-05	2.059376111200905e-02
ENSG00000144455.15	81	90	9.999000099990002e-05	2.059376111200905e-02
ENSG00000144554.14	81	90	9.999000099990002e-05	2.059376111200905e-02
ENSG00000144566.12	81	90	9.999000099990002e-05	2.059376111200905e-02
ENSG00000144580.16	81	90	1.000000000000000e-04	2.059376111200905e-02
ENSG00000144583.5	81	90	3.000000000000000e-04	5.194194863432531e-02
ENSG00000144642.23	81	90	5.000000000000000e-04	7.851466600936653e-02
ENSG00000144711.17	81	90	1.000000000000000e-04	2.059376111200905e-02
ENSG00000144741.20	81	90	9.999000099990002e-05	2.059376111200905e-02
ENSG00000144744.19	81	90	9.999000099990002e-05	2.059376111200905e-02
ENSG00000144746.8	81	90	9.999000099990002e-05	2.059376111200905e-02
ENSG00000144747.18	81	90	2.000000000000000e-04	3.728269202633504e-02
ENSG00000144802.11	81	90	9.999000099990002e-05	2.059376111200905e-02
ENSG00000144810.17	81	90	9.999000099990002e-05	2.059376111200905e-02
ENSG00000144821.11	81	90	1.000000000000000e-04	2.059376111200905e-02
ENSG00000144834.15	81	90	9.999000099990002e-05	2.059376111200905e-02
ENSG00000144867.14	81	90	4.000000000000000e-04	6.548302711036876e-02
ENSG00000144959.12	81	90	1.000000000000000e-04	2.059376111200905e-02
ENSG00000145016.18	81	90	5.000000000000000e-04	7.851466600936653e-02
ENSG00000145214.15	81	90	9.999000099990002e-05	2.059376111200905e-02
ENSG00000145220.15	81	90	9.999000099990002e-05	2.059376111200905e-02
ENSG00000145246.15	81	90	9.999000099990002e-05	2.059376111200905e-02
ENSG00000145348.18	81	90	1.000000000000000e-04	2.059376111200905e-02
ENSG00000145358.7	81	90	1.000000000000000e-04	2.059376111200905e-02
ENSG00000145375.10	81	90	2.000000000000000e-04	3.728269202633504e-02
ENSG00000145386.12	81	90	9.999000099990002e-05	2.059376111200905e-02
ENSG00000145390.13	81	90	9.999000099990002e-05	2.059376111200905e-02
ENSG00000145494.13	81	90	9.999000099990002e-05	2.059376111200905e-02
ENSG00000145495.18	81	90	9.999000099990002e-05	2.059376111200905e-02
ENSG00000145555.15	81	90	9.999000099990002e-05	2.059376111200905e-02
ENSG00000145623.14	81	90	2.000000000000000e-04	3.728269202633504e-02
ENSG00000145687.18	81	90	9.999000099990002e-05	2.059376111200905e-02
ENSG00000145730.22	81	90	9.999000099990002e-05	2.059376111200905e-02
ENSG00000145734.20	81	90	9.999000099990002e-05	2.059376111200905e-02
ENSG00000145740.21	81	90	9.999000099990002e-05	2.059376111200905e-02
ENSG00000145779.8	81	90	9.999000099990002e-05	2.059376111200905e-02
ENSG00000145819.18	81	90	9.999000099990002e-05	2.059376111200905e-02
ENSG00000145833.17	81	90	9.999000099990002e-05	2.059376111200905e-02
ENSG00000145860.13	81	90	9.999000099990002e-05	2.059376111200905e-02
ENSG00000145861.10	81	90	9.999000099990002e-05	2.059376111200905e-02
ENSG00000145907.17	81	90	9.999000099990002e-05	2.059376111200905e-02
ENSG00000145912.11	81	90	9.999000099990002e-05	2.059376111200905e-02
ENSG00000145949.13	81	90	9.999000099990002e-05	2.059376111200905e-02
ENSG00000146063.21	81	90	1.000000000000000e-04	2.059376111200905e-02
ENSG00000146085.9	81	90	9.999000099990002e-05	2.059376111200905e-02
ENSG00000146094.17	81	90	1.000000000000000e-04	2.059376111200905e-02
ENSG00000146122.18	81	90	9.999000099990002e-05	2.059376111200905e-02
ENSG00000146263.13	81	90	9.999000099990002e-05	2.059376111200905e-02
ENSG00000146278.11	81	90	9.999000099990002e-05	2.059376111200905e-02
ENSG00000146282.20	81	90	9.999000099990002e-05	2.059376111200905e-02
ENSG00000146350.15	81	90	1.000000000000000e-04	2.059376111200905e-02
ENSG00000146374.15	81	90	5.999999999999999e-04	9.084748663101604e-02
ENSG00000146410.13	81	90	9.999000099990002e-05	2.059376111200905e-02
ENSG00000146414.18	81	90	5.999999999999999e-04	9.084748663101604e-02
ENSG00000146416.19	81	90	2.000000000000000e-04	3.728269202633504e-02
ENSG00000146457.17	81	90	9.999000099990002e-05	2.059376111200905e-02
ENSG00000146540.16	81	90	9.999000099990002e-05	2.059376111200905e-02
ENSG00000146587.19	81	90	1.000000000000000e-04	2.059376111200905e-02
ENSG00000146670.10	81	90	1.000000000000000e-04	2.059376111200905e-02
ENSG00000146700.10	81	90	1.000000000000000e-04	2.059376111200905e-02
ENSG00000146701.13	81	90	1.000000000000000e-04	2.059376111200905e-02
ENSG00000146802.14	81	90	9.999000099990002e-05	2.059376111200905e-02
ENSG00000146918.21	81	90	9.999000099990002e-05	2.059376111200905e-02
ENSG00000146963.19	81	90	9.999000099990002e-05	2.059376111200905e-02
ENSG00000147027.5	81	90	1.000000000000000e-04	2.059376111200905e-02
ENSG00000147065.19	81	90	9.999000099990002e-05	2.059376111200905e-02
ENSG00000147100.12	81	90	1.000000000000000e-04	2.059376111200905e-02
ENSG00000147119.5	81	90	9.999000099990002e-05	2.059376111200905e-02
ENSG00000147140.18	81	90	4.000000000000000e-04	6.548302711036876e-02
ENSG00000147155.12	81	90	9.999000099990002e-05	2.059376111200905e-02
ENSG00000147234.11	81	90	9.999000099990002e-05	2.059376111200905e-02
ENSG00000147274.15	81	90	9.999000099990002e-05	2.059376111200905e-02
ENSG00000147364.18	81	90	9.999000099990002e-05	2.059376111200905e-02
ENSG00000147394.21	81	90	4.000000000000000e-04	6.548302711036876e-02
ENSG00000147400.11	81	90	9.999000099990002e-05	2.059376111200905e-02
ENSG00000147403.19	81	90	4.000000000000000e-04	6.548302711036876e-02
ENSG00000147416.13	81	90	9.999000099990002e-05	2.059376111200905e-02
ENSG00000147459.18	81	90	4.000000000000000e-04	6.548302711036876e-02
ENSG00000147471.13	81	90	4.000000000000000e-04	6.548302711036876e-02
ENSG00000147533.19	81	90	9.999000099990002e-05	2.059376111200905e-02
ENSG00000147536.12	81	90	9.999000099990002e-05	2.059376111200905e-02
ENSG00000147576.18	81	90	9.999000099990002e-05	2.059376111200905e-02
ENSG00000147601.16	81	90	3.000000000000000e-04	5.194194863432531e-02
ENSG00000147604.15	81	90	9.999000099990002e-05	2.059376111200905e-02
ENSG00000147677.13	81	90	1.000000000000000e-04	2.059376111200905e-02
ENSG00000147799.13	81	90	9.999000099990002e-05	2.059376111200905e-02
ENSG00000147813.17	81	90	9.999000099990002e-05	2.059376111200905e-02
ENSG00000147853.18	81	90	9.999000099990002e-05	2.059376111200905e-02
ENSG00000147874.12	81	90	4.000000000000000e-04	6.548302711036876e-02
ENSG00000147955.19	81	90	9.999000099990002e-05	2.059376111200905e-02
ENSG00000148090.13	81	90	2.000000000000000e-04	3.728269202633504e-02
ENSG00000148154.11	81	90	9.999000099990002e-05	2.059376111200905e-02
ENSG00000148180.23	81	90	4.000000000000000e-04	6.548302711036876e-02
ENSG00000148229.14	81	90	9.999000099990002e-05	2.059376111200905e-02
ENSG00000148291.11	81	90	9.999000099990002e-05	2.059376111200905e-02
ENSG00000148296.8	81	90	9.999000099990002e-05	2.059376111200905e-02
ENSG00000148297.17	81	90	9.999000099990002e-05	2.059376111200905e-02
ENSG00000148331.13	81	90	9.999000099990002e-05	2.059376111200905e-02
ENSG00000148335.16	81	90	9.999000099990002e-05	2.059376111200905e-02
ENSG00000148343.20	81	90	4.000000000000000e-04	6.548302711036876e-02
ENSG00000148400.14	81	90	9.999000099990002e-05	2.059376111200905e-02
ENSG00000148426.14	81	90	9.999000099990002e-05	2.059376111200905e-02
ENSG00000148444.17	81	90	4.000000000000000e-04	6.548302711036876e-02
ENSG00000148450.14	81	90	9.999000099990002e-05	2.059376111200905e-02
ENSG00000148459.17	81	90	9.999000099990002e-05	2.059376111200905e-02
ENSG00000148468.18	81	90	9.999000099990002e-05	2.059376111200905e-02
ENSG00000148481.15	81	90	4.000000000000000e-04	6.548302711036876e-02
ENSG00000148572.17	81	90	9.999000099990002e-05	2.059376111200905e-02
ENSG00000148606.16	81	90	4.000000000000000e-04	6.548302711036876e-02
ENSG00000148660.23	81	90	9.999000099990002e-05	2.059376111200905e-02
ENSG00000148690.13	81	90	1.000000000000000e-04	2.059376111200905e-02
ENSG00000148730.8	81	90	3.000000000000000e-04	5.194194863432531e-02
ENSG00000148773.15	81	90	9.999000099990002e-05	2.059376111200905e-02
ENSG00000148814.19	81	90	1.000000000000000e-04	2.059376111200905e-02
ENSG00000148834.14	81	90	1.000000000000000e-04	2.059376111200905e-02
ENSG00000148841.18	81	90	9.999000099990002e-05	2.059376111200905e-02
ENSG00000148843.16	81	90	9.999000099990002e-05	2.059376111200905e-02
ENSG00000148926.11	81	90	9.999000099990002e-05	2.059376111200905e-02
ENSG00000148943.12	81	90	9.999000099990002e-05	2.059376111200905e-02
ENSG00000149091.16	81	90	9.999000099990002e-05	2.059376111200905e-02
ENSG00000149131.18	81	90	9.999000099990002e-05	2.059376111200905e-02
ENSG00000149136.10	81	90	9.999000099990002e-05	2.059376111200905e-02
ENSG00000149179.15	81	90	3.000000000000000e-04	5.194194863432531e-02
ENSG00000149182.16	81	90	4.000000000000000e-04	6.548302711036876e-02
ENSG00000149212.12	81	90	9.999000099990002e-05	2.059376111200905e-02
ENSG00000149256.16	81	90	4.000000000000000e-04	6.548302711036876e-02
ENSG00000149260.19	81	90	9.999000099990002e-05	2.059376111200905e-02
ENSG00000149262.20	81	90	5.000000000000000e-04	7.851466600936653e-02
ENSG00000149269.11	81	90	2.000000000000000e-04	3.728269202633504e-02
ENSG00000149503.15	81	90	9.999000099990002e-05	2.059376111200905e-02
ENSG00000149541.11	81	90	9.999000099990002e-05	2.059376111200905e-02
ENSG00000149548.16	81	90	9.999000099990002e-05	2.059376111200905e-02
ENSG00000149557.15	81	90	9.999000099990002e-05	2.059376111200905e-02
ENSG00000149577.18	81	90	3.000000000000000e-04	5.194194863432531e-02
ENSG00000149636.17	81	90	9.999000099990002e-05	2.059376111200905e-02
ENSG00000149639.16	81	90	9.999000099990002e-05	2.059376111200905e-02
ENSG00000149679.13	81	90	9.999000099990002e-05	2.059376111200905e-02
ENSG00000149716.14	81	90	4.000000000000000e-04	6.548302711036876e-02
ENSG00000149782.14	81	90	9.999000099990002e-05	2.059376111200905e-02
ENSG00000149923.15	81	90	9.999000099990002e-05	2.059376111200905e-02
ENSG00000149925.22	81	90	9.999000099990002e-05	2.059376111200905e-02
ENSG00000149929.17	81	90	9.999000099990002e-05	2.059376111200905e-02
ENSG00000149930.19	81	90	9.999000099990002e-05	2.059376111200905e-02
ENSG00000150316.13	81	90	3.000000000000000e-04	5.194194863432531e-02
ENSG00000150347.17	81	90	9.999000099990002e-05	2.059376111200905e-02
ENSG00000150540.15	81	90	9.999000099990002e-05	2.059376111200905e-02
ENSG00000150593.19	81	90	9.999000099990002e-05	2.059376111200905e-02
ENSG00000150594.7	81	90	4.000000000000000e-04	6.548302711036876e-02
ENSG00000150636.18	81	90	1.000000000000000e-04	2.059376111200905e-02
ENSG00000150753.13	81	90	9.999000099990002e-05	2.059376111200905e-02
ENSG00000150907.11	81	90	1.000000000000000e-04	2.059376111200905e-02
ENSG00000150977.13	81	90	9.999000099990002e-05	2.059376111200905e-02
ENSG00000150990.10	81	90	9.999000099990002e-05	2.059376111200905e-02
ENSG00000150991.17	81	90	9.999000099990002e-05	2.059376111200905e-02
ENSG00000151006.8	81	90	9.999000099990002e-05	2.059376111200905e-02
ENSG00000151065.15	81	90	5.000000000000000e-04	7.851466600936653e-02
ENSG00000151090.21	81	90	9.999000099990002e-05	2.059376111200905e-02
ENSG00000151135.11	81	90	5.000000000000000e-04	7.851466600936653e-02
ENSG00000151136.15	81	90	9.999000099990002e-05	2.059376111200905e-02
ENSG00000151151.7	81	90	4.000000000000000e-04	6.548302711036876e-02
ENSG00000151208.18	81	90	9.999000099990002e-05	2.059376111200905e-02
ENSG00000151240.19	81	90	1.000000000000000e-04	2.059376111200905e-02
ENSG00000151247.14	81	90	9.999000099990002e-05	2.059376111200905e-02
ENSG00000151292.20	81	90	1.000000000000000e-04	2.059376111200905e-02
ENSG00000151322.20	81	90	9.999000099990002e-05	2.059376111200905e-02
ENSG00000151332.21	81	90	5.999999999999999e-04	9.084748663101604e-02
ENSG00000151353.17	81	90	9.999000099990002e-05	2.059376111200905e-02
ENSG00000151366.14	81	90	3.000000000000000e-04	5.194194863432531e-02
ENSG00000151376.20	81	90	9.999000099990002e-05	2.059376111200905e-02
ENSG00000151388.11	81	90	3.000000000000000e-04	5.194194863432531e-02
ENSG00000151445.17	81	90	2.000000000000000e-04	3.728269202633504e-02
ENSG00000151503.15	81	90	9.999000099990002e-05	2.059376111200905e-02
ENSG00000151552.14	81	90	1.000000000000000e-04	2.059376111200905e-02
ENSG00000151553.16	81	90	9.999000099990002e-05	2.059376111200905e-02
ENSG00000151575.16	81	90	9.999000099990002e-05	2.059376111200905e-02
ENSG00000151657.13	81	90	5.999999999999999e-04	9.084748663101604e-02
ENSG00000151687.15	81	90	5.999999999999999e-04	9.084748663101604e-02
ENSG00000151694.16	81	90	1.000000000000000e-04	2.059376111200905e-02
ENSG00000151725.13	81	90	9.999000099990002e-05	2.059376111200905e-02
ENSG00000151748.16	81	90	9.999000099990002e-05	2.059376111200905e-02
ENSG00000151773.14	81	90	9.999000099990002e-05	2.059376111200905e-02
ENSG00000151779.15	81	90	1.000000000000000e-04	2.059376111200905e-02
ENSG00000151849.17	81	90	9.999000099990002e-05	2.059376111200905e-02
ENSG00000151929.11	81	90	9.999000099990002e-05	2.059376111200905e-02
ENSG00000152049.7	81	90	9.999000099990002e-05	2.059376111200905e-02
ENSG00000152082.16	81	90	9.999000099990002e-05	2.059376111200905e-02
ENSG00000152102.19	81	90	5.000000000000000e-04	7.851466600936653e-02
ENSG00000152219.7	81	90	5.999999999999999e-04	9.084748663101604e-02
ENSG00000152242.12	81	90	2.000000000000000e-04	3.728269202633504e-02
ENSG00000152253.10	81	90	9.999000099990002e-05	2.059376111200905e-02
ENSG00000152380.11	81	90	1.000000000000000e-04	2.059376111200905e-02
ENSG00000152409.11	81	90	9.999000099990002e-05	2.059376111200905e-02
ENSG00000152455.17	81	90	9.999000099990002e-05	2.059376111200905e-02
ENSG00000152475.8	81	90	9.999000099990002e-05	2.059376111200905e-02
ENSG00000152518.9	81	90	9.999000099990002e-05	2.059376111200905e-02
ENSG00000152520.15	81	90	9.999000099990002e-05	2.059376111200905e-02
ENSG00000152527.15	81	90	1.000000000000000e-04	2.059376111200905e-02
ENSG00000152580.10	81	90	9.999000099990002e-05	2.059376111200905e-02
ENSG00000152661.10	81	90	9.999000099990002e-05	2.059376111200905e-02
ENSG00000152904.12	81	90	9.999000099990002e-05	2.059376111200905e-02
ENSG00000152926.18	81	90	9.999000099990002e-05	2.059376111200905e-02
ENSG00000153029.17	81	90	4.000000000000000e-04	6.548302711036876e-02
ENSG00000153044.11	81	90	9.999000099990002e-05	2.059376111200905e-02
ENSG00000153046.19	81	90	5.000000000000000e-04	7.851466600936653e-02
ENSG00000153048.12	81	90	9.999000099990002e-05	2.059376111200905e-02
ENSG00000153066.14	81	90	3.000000000000000e-04	5.194194863432531e-02
ENSG00000153071.16	81	90	9.999000099990002e-05	2.059376111200905e-02
ENSG00000153201.18	81	90	9.999000099990002e-05	2.059376111200905e-02
ENSG00000153214.12	81	90	9.999000099990002e-05	2.059376111200905e-02
ENSG00000153246.14	81	90	9.999000099990002e-05	2.059376111200905e-02
ENSG00000153250.22	81	90	5.999999999999999e-04	9.084748663101604e-02
ENSG00000153291.16	81	90	1.000000000000000e-04	2.059376111200905e-02
ENSG00000153339.16	81	90	3.000000000000000e-04	5.194194863432531e-02
ENSG00000153487.14	81	90	9.999000099990002e-05	2.059376111200905e-02
ENSG00000153551.15	81	90	9.999000099990002e-05	2.059376111200905e-02
ENSG00000153714.6	81	90	2.000000000000000e-04	3.728269202633504e-02
ENSG00000153814.14	81	90	9.999000099990002e-05	2.059376111200905e-02
ENSG00000153904.22	81	90	9.999000099990002e-05	2.059376111200905e-02
ENSG00000153930.13	81	90	9.999000099990002e-05	2.059376111200905e-02
ENSG00000153976.3	81	90	9.999000099990002e-05	2.059376111200905e-02
ENSG00000153989.9	81	90	4.000000000000000e-04	6.548302711036876e-02
ENSG00000153993.15	81	90	3.000000000000000e-04	5.194194863432531e-02
ENSG00000154096.15	81	90	9.999000099990002e-05	2.059376111200905e-02
ENSG00000154102.11	81	90	9.999000099990002e-05	2.059376111200905e-02
ENSG00000154114.14	81	90	9.999000099990002e-05	2.059376111200905e-02
ENSG00000154127.10	81	90	9.999000099990002e-05	2.059376111200905e-02
ENSG00000154144.14	81	90	9.999000099990002e-05	2.059376111200905e-02
ENSG00000154146.14	81	90	9.999000099990002e-05	2.059376111200905e-02
ENSG00000154217.16	81	90	9.999000099990002e-05	2.059376111200905e-02
ENSG00000154258.17	81	90	9.999000099990002e-05	2.059376111200905e-02
ENSG00000154262.14	81	90	9.999000099990002e-05	2.059376111200905e-02
ENSG00000154263.18	81	90	1.000000000000000e-04	2.059376111200905e-02
ENSG00000154265.17	81	90	9.999000099990002e-05	2.059376111200905e-02
ENSG00000154370.17	81	90	9.999000099990002e-05	2.059376111200905e-02
ENSG00000154473.19	81	90	9.999000099990002e-05	2.059376111200905e-02
ENSG00000154511.13	81	90	1.000000000000000e-04	2.059376111200905e-02
ENSG00000154589.8	81	90	9.999000099990002e-05	2.059376111200905e-02
ENSG00000154721.16	81	90	9.999000099990002e-05	2.059376111200905e-02
ENSG00000154727.12	81	90	2.000000000000000e-04	3.728269202633504e-02
ENSG00000154736.7	81	90	9.999000099990002e-05	2.059376111200905e-02
ENSG00000154781.17	81	90	5.999999999999999e-04	9.084748663101604e-02
ENSG00000154832.17	81	90	2.000000000000000e-04	3.728269202633504e-02
ENSG00000154839.11	81	90	9.999000099990002e-05	2.059376111200905e-02
ENSG00000154920.16	81	90	9.999000099990002e-05	2.059376111200905e-02
ENSG00000154928.20	81	90	5.999999999999999e-04	9.084748663101604e-02
ENSG00000155011.10	81	90	9.999000099990002e-05	2.059376111200905e-02
ENSG00000155016.19	81	90	9.999000099990002e-05	2.059376111200905e-02
ENSG00000155034.22	81	90	9.999000099990002e-05	2.059376111200905e-02
ENSG00000155115.8	81	90	5.999999999999999e-04	9.084748663101604e-02
ENSG00000155189.13	81	90	9.999000099990002e-05	2.059376111200905e-02
ENSG00000155366.18	81	90	9.999000099990002e-05	2.059376111200905e-02
ENSG00000155393.15	81	90	2.000000000000000e-04	3.728269202633504e-02
ENSG00000155463.15	81	90	5.000000000000000e-04	7.851466600936653e-02
ENSG00000155508.15	81	90	2.000000000000000e-04	3.728269202633504e-02
ENSG00000155561.16	81	90	9.999000099990002e-05	2.059376111200905e-02
ENSG00000155636.17	81	90	2.000000000000000e-04	3.728269202633504e-02
ENSG00000155657.29	81	90	9.999000099990002e-05	2.059376111200905e-02
ENSG00000155729.14	81	90	9.999000099990002e-05	2.059376111200905e-02
ENSG00000155792.11	81	90	2.000000000000000e-04	3.728269202633504e-02
ENSG00000155957.19	81	90	9.999000099990002e-05	2.059376111200905e-02
ENSG00000155970.14	81	90	9.999000099990002e-05	2.059376111200905e-02
ENSG00000156042.19	81	90	3.000000000000000e-04	5.194194863432531e-02
ENSG00000156103.16	81	90	9.999000099990002e-05	2.059376111200905e-02
ENSG00000156136.11	81	90	9.999000099990002e-05	2.059376111200905e-02
ENSG00000156171.16	81	90	9.999000099990002e-05	2.059376111200905e-02
ENSG00000156172.7	81	90	3.000000000000000e-04	5.194194863432531e-02
ENSG00000156381.10	81	90	9.999000099990002e-05	2.059376111200905e-02
ENSG00000156467.11	81	90	9.999000099990002e-05	2.059376111200905e-02
ENSG00000156482.12	81	90	9.999000099990002e-05	2.059376111200905e-02
ENSG00000156504.18	81	90	3.000000000000000e-04	5.194194863432531e-02
ENSG00000156508.21	81	90	9.999000099990002e-05	2.059376111200905e-02
ENSG00000156509.14	81	90	9.999000099990002e-05	2.059376111200905e-02
ENSG00000156587.16	81	90	5.999999999999999e-04	9.084748663101604e-02
ENSG00000156603.21	81	90	5.999999999999999e-04	9.084748663101604e-02
ENSG00000156650.15	81	90	1.000000000000000e-04	2.059376111200905e-02
ENSG00000156671.16	81	90	1.000000000000000e-04	2.059376111200905e-02
ENSG00000156802.14	81	90	9.999000099990002e-05	2.059376111200905e-02
ENSG00000156860.16	81	90	2.000000000000000e-04	3.728269202633504e-02
ENSG00000156875.15	81	90	9.999000099990002e-05	2.059376111200905e-02
ENSG00000156931.18	81	90	9.999000099990002e-05	2.059376111200905e-02
ENSG00000156970.14	81	90	9.999000099990002e-05	2.059376111200905e-02
ENSG00000156976.18	81	90	9.999000099990002e-05	2.059376111200905e-02
ENSG00000156983.18	81	90	9.999000099990002e-05	2.059376111200905e-02
ENSG00000156990.15	81	90	1.000000000000000e-04	2.059376111200905e-02
ENSG00000157077.17	81	90	9.999000099990002e-05	2.059376111200905e-02
ENSG00000157110.17	81	90	9.999000099990002e-05	2.059376111200905e-02
ENSG00000157193.19	81	90	9.999000099990002e-05	2.059376111200905e-02
ENSG00000157214.15	81	90	5.999999999999999e-04	9.084748663101604e-02
ENSG00000157259.8	81	90	9.999000099990002e-05	2.059376111200905e-02
ENSG00000157306.15	81	90	9.999000099990002e-05	2.059376111200905e-02
ENSG00000157350.14	81	90	1.000000000000000e-04	2.059376111200905e-02
ENSG00000157404.18	81	90	9.999000099990002e-05	2.059376111200905e-02
ENSG00000157423.18	81	90	2.000000000000000e-04	3.728269202633504e-02
ENSG00000157426.15	81	90	9.999000099990002e-05	2.059376111200905e-02
ENSG00000157456.9	81	90	9.999000099990002e-05	2.059376111200905e-02
ENSG00000157542.12	81	90	1.000000000000000e-04	2.059376111200905e-02
ENSG00000157557.14	81	90	1.000000000000000e-04	2.059376111200905e-02
ENSG00000157637.14	81	90	1.000000000000000e-04	2.059376111200905e-02
ENSG00000157693.16	81	90	5.999999999999999e-04	9.084748663101604e-02
ENSG00000157778.10	81	90	9.999000099990002e-05	2.059376111200905e-02
ENSG00000157796.19	81	90	9.999000099990002e-05	2.059376111200905e-02
ENSG00000157823.18	81	90	5.999999999999999e-04	9.084748663101604e-02
ENSG00000157837.17	81	90	9.999000099990002e-05	2.059376111200905e-02
ENSG00000157895.12	81	90	9.999000099990002e-05	2.059376111200905e-02
ENSG00000157911.12	81	90	9.999000099990002e-05	2.059376111200905e-02
ENSG00000157933.12	81	90	5.999999999999999e-04	9.084748663101604e-02
ENSG00000157985.20	81	90	9.999000099990002e-05	2.059376111200905e-02
ENSG00000158019.22	81	90	9.999000099990002e-05	2.059376111200905e-02
ENSG00000158042.10	81	90	9.999000099990002e-05	2.059376111200905e-02
ENSG00000158122.13	81	90	9.999000099990002e-05	2.059376111200905e-02
ENSG00000158156.9	81	90	9.999000099990002e-05	2.059376111200905e-02
ENSG00000158201.11	81	90	1.000000000000000e-04	2.059376111200905e-02
ENSG00000158246.8	81	90	2.000000000000000e-04	3.728269202633504e-02
ENSG00000158286.14	81	90	2.000000000000000e-04	3.728269202633504e-02
ENSG00000158290.20	81	90	9.999000099990002e-05	2.059376111200905e-02
ENSG00000158321.19	81	90	2.000000000000000e-04	3.728269202633504e-02
ENSG00000158402.22	81	90	9.999000099990002e-05	2.059376111200905e-02
ENSG00000158411.11	81	90	2.000000000000000e-04	3.728269202633504e-02
ENSG00000158470.6	81	90	9.999000099990002e-05	2.059376111200905e-02
ENSG00000158545.17	81	90	9.999000099990002e-05	2.059376111200905e-02
ENSG00000158710.16	81	90	1.000000000000000e-04	2.059376111200905e-02
ENSG00000158715.7	81	90	3.000000000000000e-04	5.194194863432531e-02
ENSG00000158828.9	81	90	1.000000000000000e-04	2.059376111200905e-02
ENSG00000159055.5	81	90	9.999000099990002e-05	2.059376111200905e-02
ENSG00000159069.15	81	90	9.999000099990002e-05	2.059376111200905e-02
ENSG00000159140.23	81	90	2.000000000000000e-04	3.728269202633504e-02
ENSG00000159147.19	81	90	9.999000099990002e-05	2.059376111200905e-02
ENSG00000159216.21	81	90	9.999000099990002e-05	2.059376111200905e-02
ENSG00000159228.13	81	90	9.999000099990002e-05	2.059376111200905e-02
ENSG00000159231.7	81	90	9.999000099990002e-05	2.059376111200905e-02
ENSG00000159259.9	81	90	9.999000099990002e-05	2.059376111200905e-02
ENSG00000159322.19	81	90	9.999000099990002e-05	2.059376111200905e-02
ENSG00000159403.19	81	90	9.999000099990002e-05	2.059376111200905e-02
ENSG00000159445.14	81	90	5.999999999999999e-04	9.084748663101604e-02
ENSG00000159685.12	81	90	1.000000000000000e-04	2.059376111200905e-02
ENSG00000159692.19	81	90	9.999000099990002e-05	2.059376111200905e-02
ENSG00000159733.14	81	90	9.999000099990002e-05	2.059376111200905e-02
ENSG00000159753.15	81	90	9.999000099990002e-05	2.059376111200905e-02
ENSG00000159882.14	81	90	9.999000099990002e-05	2.059376111200905e-02
ENSG00000159899.17	81	90	1.000000000000000e-04	2.059376111200905e-02
ENSG00000160049.13	81	90	1.000000000000000e-04	2.059376111200905e-02
ENSG00000160072.21	81	90	9.999000099990002e-05	2.059376111200905e-02
ENSG00000160113.7	81	90	1.000000000000000e-04	2.059376111200905e-02
ENSG00000160193.13	81	90	9.999000099990002e-05	2.059376111200905e-02
ENSG00000160208.13	81	90	9.999000099990002e-05	2.059376111200905e-02
ENSG00000160214.14	81	90	9.999000099990002e-05	2.059376111200905e-02
ENSG00000160221.19	81	90	9.999000099990002e-05	2.059376111200905e-02
ENSG00000160226.16	81	90	4.000000000000000e-04	6.548302711036876e-02
ENSG00000160233.9	81	90	1.000000000000000e-04	2.059376111200905e-02
ENSG00000160256.15	81	90	9.999000099990002e-05	2.059376111200905e-02
ENSG00000160293.18	81	90	9.999000099990002e-05	2.059376111200905e-02
ENSG00000160294.11	81	90	9.999000099990002e-05	2.059376111200905e-02
ENSG00000160298.19	81	90	9.999000099990002e-05	2.059376111200905e-02
ENSG00000160321.16	81	90	5.999999999999999e-04	9.084748663101604e-02
ENSG00000160326.15	81	90	1.000000000000000e-04	2.059376111200905e-02
ENSG00000160336.18	81	90	4.000000000000000e-04	6.548302711036876e-02
ENSG00000160360.13	81	90	9.999000099990002e-05	2.059376111200905e-02
ENSG00000160392.15	81	90	9.999000099990002e-05	2.059376111200905e-02
ENSG00000160404.19	81	90	4.000000000000000e-04	6.548302711036876e-02
ENSG00000160446.20	81	90	9.999000099990002e-05	2.059376111200905e-02
ENSG00000160570.15	81	90	1.000000000000000e-04	2.059376111200905e-02
ENSG00000160613.16	81	90	9.999000099990002e-05	2.059376111200905e-02
ENSG00000160679.14	81	90	9.999000099990002e-05	2.059376111200905e-02
ENSG00000160695.17	81	90	9.999000099990002e-05	2.059376111200905e-02
ENSG00000160753.18	81	90	9.999000099990002e-05	2.059376111200905e-02
ENSG00000160789.26	81	90	9.999000099990002e-05	2.059376111200905e-02
ENSG00000160803.9	81	90	9.999000099990002e-05	2.059376111200905e-02
ENSG00000160877.8	81	90	9.999000099990002e-05	2.059376111200905e-02
ENSG00000160888.9	81	90	9.999000099990002e-05	2.059376111200905e-02
ENSG00000160917.16	81	90	2.000000000000000e-04	3.728269202633504e-02
ENSG00000160949.19	81	90	9.999000099990002e-05	2.059376111200905e-02
ENSG00000160953.18	81	90	9.999000099990002e-05	2.059376111200905e-02
ENSG00000160957.16	81	90	9.999000099990002e-05	2.059376111200905e-02
ENSG00000160959.9	81	90	9.999000099990002e-05	2.059376111200905e-02
ENSG00000160961.13	81	90	2.000000000000000e-04	3.728269202633504e-02
ENSG00000160972.11	81	90	9.999000099990002e-05	2.059376111200905e-02
ENSG00000160991.18	81	90	9.999000099990002e-05	2.059376111200905e-02
ENSG00000160993.5	81	90	9.999000099990002e-05	2.059376111200905e-02
ENSG00000161036.14	81	90	9.999000099990002e-05	2.059376111200905e-02
ENSG00000161091.16	81	90	9.999000099990002e-05	2.059376111200905e-02
ENSG00000161179.15	81	90	9.999000099990002e-05	2.059376111200905e-02
ENSG00000161618.11	81	90	9.999000099990002e-05	2.059376111200905e-02
ENSG00000161653.12	81	90	9.999000099990002e-05	2.059376111200905e-02
ENSG00000161671.17	81	90	4.000000000000000e-04	6.548302711036876e-02
ENSG00000161677.13	81	90	9.999000099990002e-05	2.059376111200905e-02
ENSG00000161681.18	81	90	9.999000099990002e-05	2.059376111200905e-02
ENSG00000161682.16	81	90	9.999000099990002e-05	2.059376111200905e-02
ENSG00000161692.18	81	90	9.999000099990002e-05	2.059376111200905e-02
ENSG00000161800.14	81	90	9.999000099990002e-05	2.059376111200905e-02
ENSG00000161847.16	81	90	9.999000099990002e-05	2.059376111200905e-02
ENSG00000161888.12	81	90	9.999000099990002e-05	2.059376111200905e-02
ENSG00000161939.19	81	90	9.999000099990002e-05	2.059376111200905e-02
ENSG00000161960.17	81	90	1.000000000000000e-04	2.059376111200905e-02
ENSG00000161970.16	81	90	1.000000000000000e-04	2.059376111200905e-02
ENSG00000161980.7	81	90	9.999000099990002e-05	2.059376111200905e-02
ENSG00000161981.11	81	90	9.999000099990002e-05	2.059376111200905e-02
ENSG00000161996.20	81	90	9.999000099990002e-05	2.059376111200905e-02
ENSG00000162062.16	81	90	9.999000099990002e-05	2.059376111200905e-02
ENSG00000162063.14	81	90	9.999000099990002e-05	2.059376111200905e-02
ENSG00000162065.16	81	90	9.999000099990002e-05	2.059376111200905e-02
ENSG00000162066.17	81	90	1.000000000000000e-04	2.059376111200905e-02
ENSG00000162073.15	81	90	9.999000099990002e-05	2.059376111200905e-02
ENSG00000162076.14	81	90	5.000000000000000e-04	7.851466600936653e-02
ENSG00000162129.16	81	90	9.999000099990002e-05	2.059376111200905e-02
ENSG00000162139.11	81	90	9.999000099990002e-05	2.059376111200905e-02
ENSG00000162302.14	81	90	9.999000099990002e-05	2.059376111200905e-02
ENSG00000162341.19	81	90	9.999000099990002e-05	2.059376111200905e-02
ENSG00000162378.14	81	90	1.000000000000000e-04	2.059376111200905e-02
ENSG00000162384.15	81	90	9.999000099990002e-05	2.059376111200905e-02
ENSG00000162390.19	81	90	9.999000099990002e-05	2.059376111200905e-02
ENSG00000162407.10	81	90	9.999000099990002e-05	2.059376111200905e-02
ENSG00000162413.17	81	90	1.000000000000000e-04	2.059376111200905e-02
ENSG00000162493.18	81	90	3.000000000000000e-04	5.194194863432531e-02
ENSG00000162496.11	81	90	9.999000099990002e-05	2.059376111200905e-02
ENSG00000162585.18	81	90	9.999000099990002e-05	2.059376111200905e-02
ENSG00000162595.9	81	90	9.999000099990002e-05	2.059376111200905e-02
ENSG00000162601.13	81	90	3.000000000000000e-04	5.194194863432531e-02
ENSG00000162604.14	81	90	9.999000099990002e-05	2.059376111200905e-02
ENSG00000162616.10	81	90	5.000000000000000e-04	7.851466600936653e-02
ENSG00000162630.7	81	90	9.999000099990002e-05	2.059376111200905e-02
ENSG00000162643.14	81	90	5.999999999999999e-04	9.084748663101604e-02
ENSG00000162688.18	81	90	3.000000000000000e-04	5.194194863432531e-02
ENSG00000162695.14	81	90	2.000000000000000e-04	3.728269202633504e-02
ENSG00000162746.15	81	90	9.999000099990002e-05	2.059376111200905e-02
ENSG00000162775.17	81	90	2.000000000000000e-04	3.728269202633504e-02
ENSG00000162783.11	81	90	4.000000000000000e-04	6.548302711036876e-02
ENSG00000162825.18	81	90	9.999000099990002e-05	2.059376111200905e-02
ENSG00000162910.20	81	90	9.999000099990002e-05	2.059376111200905e-02
ENSG00000162923.18	81	90	9.999000099990002e-05	2.059376111200905e-02
ENSG00000162944.12	81	90	5.000000000000000e-04	7.851466600936653e-02
ENSG00000162976.13	81	90	9.999000099990002e-05	2.059376111200905e-02
ENSG00000162980.18	81	90	9.999000099990002e-05	2.059376111200905e-02
ENSG00000163001.13	81	90	1.000000000000000e-04	2.059376111200905e-02
ENSG00000163002.14	81	90	3.000000000000000e-04	5.194194863432531e-02
ENSG00000163071.12	81	90	9.999000099990002e-05	2.059376111200905e-02
ENSG00000163162.10	81	90	9.999000099990002e-05	2.059376111200905e-02
ENSG00000163170.13	81	90	9.999000099990002e-05	2.059376111200905e-02
ENSG00000163171.9	81	90	5.999999999999999e-04	9.084748663101604e-02
ENSG00000163207.7	81	90	4.000000000000000e-04	6.548302711036876e-02
ENSG00000163235.17	81	90	4.000000000000000e-04	6.548302711036876e-02
ENSG00000163346.18	81	90	2.000000000000000e-04	3.728269202633504e-02
ENSG00000163378.14	81	90	1.000000000000000e-04	2.059376111200905e-02
ENSG00000163412.14	81	90	2.000000000000000e-04	3.728269202633504e-02
ENSG00000163430.14	81	90	9.999000099990002e-05	2.059376111200905e-02
ENSG00000163466.17	81	90	9.999000099990002e-05	2.059376111200905e-02
ENSG00000163468.16	81	90	9.999000099990002e-05	2.059376111200905e-02
ENSG00000163482.13	81	90	3.000000000000000e-04	5.194194863432531e-02
ENSG00000163507.16	81	90	9.999000099990002e-05	2.059376111200905e-02
ENSG00000163517.16	81	90	2.000000000000000e-04	3.728269202633504e-02
ENSG00000163521.17	81	90	9.999000099990002e-05	2.059376111200905e-02
ENSG00000163535.19	81	90	9.999000099990002e-05	2.059376111200905e-02
ENSG00000163565.21	81	90	5.000000000000000e-04	7.851466600936653e-02
ENSG00000163617.12	81	90	9.999000099990002e-05	2.059376111200905e-02
ENSG00000163629.14	81	90	9.999000099990002e-05	2.059376111200905e-02
ENSG00000163660.13	81	90	5.999999999999999e-04	9.084748663101604e-02
ENSG00000163661.5	81	90	9.999000099990002e-05	2.059376111200905e-02
ENSG00000163683.13	81	90	1.000000000000000e-04	2.059376111200905e-02
ENSG00000163689.22	81	90	5.000000000000000e-04	7.851466600936653e-02
ENSG00000163728.12	81	90	9.999000099990002e-05	2.059376111200905e-02
ENSG00000163743.15	81	90	1.000000000000000e-04	2.059376111200905e-02
ENSG00000163785.15	81	90	9.999000099990002e-05	2.059376111200905e-02
ENSG00000163808.18	81	90	9.999000099990002e-05	2.059376111200905e-02
ENSG00000163814.9	81	90	1.000000000000000e-04	2.059376111200905e-02
ENSG00000163818.21	81	90	2.000000000000000e-04	3.728269202633504e-02
ENSG00000163832.17	81	90	1.000000000000000e-04	2.059376111200905e-02
ENSG00000163872.17	81	90	9.999000099990002e-05	2.059376111200905e-02
ENSG00000163877.11	81	90	9.999000099990002e-05	2.059376111200905e-02
ENSG00000163918.13	81	90	9.999000099990002e-05	2.059376111200905e-02
ENSG00000163930.10	81	90	1.000000000000000e-04	2.059376111200905e-02
ENSG00000163935.15	81	90	1.000000000000000e-04	2.059376111200905e-02
ENSG00000163939.20	81	90	1.000000000000000e-04	2.059376111200905e-02
ENSG00000163945.20	81	90	3.000000000000000e-04	5.194194863432531e-02
ENSG00000163946.15	81	90	2.000000000000000e-04	3.728269202633504e-02
ENSG00000163950.14	81	90	9.999000099990002e-05	2.059376111200905e-02
ENSG00000163961.4	81	90	9.999000099990002e-05	2.059376111200905e-02
ENSG00000163975.15	81	90	2.000000000000000e-04	3.728269202633504e-02
ENSG00000164002.13	81	90	9.999000099990002e-05	2.059376111200905e-02
ENSG00000164010.16	81	90	9.999000099990002e-05	2.059376111200905e-02
ENSG00000164022.19	81	90	9.999000099990002e-05	2.059376111200905e-02
ENSG00000164024.13	81	90	5.999999999999999e-04	9.084748663101604e-02
ENSG00000164032.13	81	90	9.999000099990002e-05	2.059376111200905e-02
ENSG00000164038.17	81	90	1.000000000000000e-04	2.059376111200905e-02
ENSG00000164039.16	81	90	9.999000099990002e-05	2.059376111200905e-02
ENSG00000164040.18	81	90	9.999000099990002e-05	2.059376111200905e-02
ENSG00000164045.13	81	90	9.999000099990002e-05	2.059376111200905e-02
ENSG00000164053.23	81	90	9.999000099990002e-05	2.059376111200905e-02
ENSG00000164056.12	81	90	4.000000000000000e-04	6.548302711036876e-02
ENSG00000164074.18	81	90	5.999999999999999e-04	9.084748663101604e-02
ENSG00000164077.16	81	90	2.000000000000000e-04	3.728269202633504e-02
ENSG00000164086.10	81	90	9.999000099990002e-05	2.059376111200905e-02
ENSG00000164087.9	81	90	9.999000099990002e-05	2.059376111200905e-02
ENSG00000164088.19	81	90	9.999000099990002e-05	2.059376111200905e-02
ENSG00000164091.13	81	90	2.000000000000000e-04	3.728269202633504e-02
ENSG00000164096.14	81	90	9.999000099990002e-05	2.059376111200905e-02
ENSG00000164099.4	81	90	9.999000099990002e-05	2.059376111200905e-02
ENSG00000164104.13	81	90	1.000000000000000e-04	2.059376111200905e-02
ENSG00000164109.15	81	90	9.999000099990002e-05	2.059376111200905e-02
ENSG00000164111.16	81	90	9.999000099990002e-05	2.059376111200905e-02
ENSG00000164112.14	81	90	2.000000000000000e-04	3.728269202633504e-02
ENSG00000164117.15	81	90	9.999000099990002e-05	2.059376111200905e-02
ENSG00000164125.17	81	90	9.999000099990002e-05	2.059376111200905e-02
ENSG00000164163.12	81	90	1.000000000000000e-04	2.059376111200905e-02
ENSG00000164169.14	81	90	1.000000000000000e-04	2.059376111200905e-02
ENSG00000164171.12	81	90	9.999000099990002e-05	2.059376111200905e-02
ENSG00000164172.21	81	90	9.999000099990002e-05	2.059376111200905e-02
ENSG00000164209.18	81	90	5.999999999999999e-04	9.084748663101604e-02
ENSG00000164236.12	81	90	2.000000000000000e-04	3.728269202633504e-02
ENSG00000164237.10	81	90	2.000000000000000e-04	3.728269202633504e-02
ENSG00000164252.14	81	90	4.000000000000000e-04	6.548302711036876e-02
ENSG00000164258.13	81	90	9.999000099990002e-05	2.059376111200905e-02
ENSG00000164283.13	81	90	9.999000099990002e-05	2.059376111200905e-02
ENSG00000164309.16	81	90	5.999999999999999e-04	9.084748663101604e-02
ENSG00000164331.11	81	90	9.999000099990002e-05	2.059376111200905e-02
ENSG00000164332.9	81	90	9.999000099990002e-05	2.059376111200905e-02
ENSG00000164414.20	81	90	5.000000000000000e-04	7.851466600936653e-02
ENSG00000164430.18	81	90	9.999000099990002e-05	2.059376111200905e-02
ENSG00000164463.13	81	90	1.000000000000000e-04	2.059376111200905e-02
ENSG00000164466.14	81	90	5.999999999999999e-04	9.084748663101604e-02
ENSG00000164484.13	81	90	3.000000000000000e-04	5.194194863432531e-02
ENSG00000164603.13	81	90	9.999000099990002e-05	2.059376111200905e-02
ENSG00000164611.14	81	90	9.999000099990002e-05	2.059376111200905e-02
ENSG00000164615.7	81	90	9.999000099990002e-05	2.059376111200905e-02
ENSG00000164627.18	81	90	1.000000000000000e-04	2.059376111200905e-02
ENSG00000164631.19	81	90	9.999000099990002e-05	2.059376111200905e-02
ENSG00000164674.18	81	90	9.999000099990002e-05	2.059376111200905e-02
ENSG00000164683.19	81	90	1.000000000000000e-04	2.059376111200905e-02
ENSG00000164687.12	81	90	9.999000099990002e-05	2.059376111200905e-02
ENSG00000164751.16	81	90	1.000000000000000e-04	2.059376111200905e-02
ENSG00000164754.17	81	90	1.000000000000000e-04	2.059376111200905e-02
ENSG00000164761.10	81	90	1.000000000000000e-04	2.059376111200905e-02
ENSG00000164815.12	81	90	5.000000000000000e-04	7.851466600936653e-02
ENSG00000164830.19	81	90	1.000000000000000e-04	2.059376111200905e-02
ENSG00000164850.17	81	90	9.999000099990002e-05	2.059376111200905e-02
ENSG00000164877.20	81	90	9.999000099990002e-05	2.059376111200905e-02
ENSG00000164885.14	81	90	2.000000000000000e-04	3.728269202633504e-02
ENSG00000164889.16	81	90	1.000000000000000e-04	2.059376111200905e-02
ENSG00000164896.22	81	90	9.999000099990002e-05	2.059376111200905e-02
ENSG00000164897.15	81	90	9.999000099990002e-05	2.059376111200905e-02
ENSG00000164916.12	81	90	5.000000000000000e-04	7.851466600936653e-02
ENSG00000164919.12	81	90	9.999000099990002e-05	2.059376111200905e-02
ENSG00000164920.11	81	90	3.000000000000000e-04	5.194194863432531e-02
ENSG00000164924.19	81	90	9.999000099990002e-05	2.059376111200905e-02
ENSG00000164938.15	81	90	9.999000099990002e-05	2.059376111200905e-02
ENSG00000164953.17	81	90	9.999000099990002e-05	2.059376111200905e-02
ENSG00000164961.17	81	90	1.000000000000000e-04	2.059376111200905e-02
ENSG00000164976.10	81	90	9.999000099990002e-05	2.059376111200905e-02
ENSG00000165029.17	81	90	9.999000099990002e-05	2.059376111200905e-02
ENSG00000165060.16	81	90	1.000000000000000e-04	2.059376111200905e-02
ENSG00000165102.16	81	90	9.999000099990002e-05	2.059376111200905e-02
ENSG00000165124.19	81	90	9.999000099990002e-05	2.059376111200905e-02
ENSG00000165138.19	81	90	9.999000099990002e-05	2.059376111200905e-02
ENSG00000165171.12	81	90	9.999000099990002e-05	2.059376111200905e-02
ENSG00000165175.18	81	90	9.999000099990002e-05	2.059376111200905e-02
ENSG00000165233.19	81	90	9.999000099990002e-05	2.059376111200905e-02
ENSG00000165244.7	81	90	9.999000099990002e-05	2.059376111200905e-02
ENSG00000165259.15	81	90	2.000000000000000e-04	3.728269202633504e-02
ENSG00000165275.11	81	90	9.999000099990002e-05	2.059376111200905e-02
ENSG00000165304.9	81	90	9.999000099990002e-05	2.059376111200905e-02
ENSG00000165312.7	81	90	1.000000000000000e-04	2.059376111200905e-02
ENSG00000165322.19	81	90	9.999000099990002e-05	2.059376111200905e-02
ENSG00000165359.17	81	90	5.000000000000000e-04	7.851466600936653e-02
ENSG00000165389.7	81	90	9.999000099990002e-05	2.059376111200905e-02
ENSG00000165406.17	81	90	4.000000000000000e-04	6.548302711036876e-02
ENSG00000165480.17	81	90	9.999000099990002e-05	2.059376111200905e-02
ENSG00000165490.14	81	90	9.999000099990002e-05	2.059376111200905e-02
ENSG00000165494.13	81	90	9.999000099990002e-05	2.059376111200905e-02
ENSG00000165501.18	81	90	9.999000099990002e-05	2.059376111200905e-02
ENSG00000165512.6	81	90	9.999000099990002e-05	2.059376111200905e-02
ENSG00000165516.12	81	90	9.999000099990002e-05	2.059376111200905e-02
ENSG00000165525.19	81	90	5.000000000000000e-04	7.851466600936653e-02
ENSG00000165533.20	81	90	9.999000099990002e-05	2.059376111200905e-02
ENSG00000165572.8	81	90	4.000000000000000e-04	6.548302711036876e-02
ENSG00000165632.9	81	90	5.999999999999999e-04	9.084748663101604e-02
ENSG00000165633.14	81	90	9.999000099990002e-05	2.059376111200905e-02
ENSG00000165637.15	81	90	4.000000000000000e-04	6.548302711036876e-02
ENSG00000165644.12	81	90	9.999000099990002e-05	2.059376111200905e-02
ENSG00000165660.9	81	90	9.999000099990002e-05	2.059376111200905e-02
ENSG00000165661.18	81	90	1.000000000000000e-04	2.059376111200905e-02
ENSG00000165669.15	81	90	9.999000099990002e-05	2.059376111200905e-02
ENSG00000165684.7	81	90	9.999000099990002e-05	2.059376111200905e-02
ENSG00000165724.7	81	90	9.999000099990002e-05	2.059376111200905e-02
ENSG00000165752.18	81	90	5.000000000000000e-04	7.851466600936653e-02
ENSG00000165775.19	81	90	9.999000099990002e-05	2.059376111200905e-02
ENSG00000165863.18	81	90	4.000000000000000e-04	6.548302711036876e-02
ENSG00000165886.6	81	90	9.999000099990002e-05	2.059376111200905e-02
ENSG00000165891.17	81	90	9.999000099990002e-05	2.059376111200905e-02
ENSG00000165915.15	81	90	9.999000099990002e-05	2.059376111200905e-02
ENSG00000165916.10	81	90	9.999000099990002e-05	2.059376111200905e-02
ENSG00000165943.6	81	90	9.999000099990002e-05	2.059376111200905e-02
ENSG00000165997.6	81	90	9.999000099990002e-05	2.059376111200905e-02
ENSG00000166035.12	81	90	9.999000099990002e-05	2.059376111200905e-02
ENSG00000166046.13	81	90	9.999000099990002e-05	2.059376111200905e-02
ENSG00000166166.14	81	90	9.999000099990002e-05	2.059376111200905e-02
ENSG00000166188.4	81	90	3.000000000000000e-04	5.194194863432531e-02
ENSG00000166189.8	81	90	9.999000099990002e-05	2.059376111200905e-02
ENSG00000166197.18	81	90	4.000000000000000e-04	6.548302711036876e-02
ENSG00000166200.16	81	90	1.000000000000000e-04	2.059376111200905e-02
ENSG00000166272.19	81	90	4.000000000000000e-04	6.548302711036876e-02
ENSG00000166275.17	81	90	9.999000099990002e-05	2.059376111200905e-02
ENSG00000166278.17	81	90	3.000000000000000e-04	5.194194863432531e-02
ENSG00000166295.10	81	90	9.999000099990002e-05	2.059376111200905e-02
ENSG00000166340.19	81	90	9.999000099990002e-05	2.059376111200905e-02
ENSG00000166352.19	81	90	3.000000000000000e-04	5.194194863432531e-02
ENSG00000166435.17	81	90	3.000000000000000e-04	5.194194863432531e-02
ENSG00000166441.14	81	90	9.999000099990002e-05	2.059376111200905e-02
ENSG00000166444.20	81	90	3.000000000000000e-04	5.194194863432531e-02
ENSG00000166446.16	81	90	4.000000000000000e-04	6.548302711036876e-02
ENSG00000166451.15	81	90	9.999000099990002e-05	2.059376111200905e-02
ENSG00000166454.11	81	90	9.999000099990002e-05	2.059376111200905e-02
ENSG00000166482.13	81	90	9.999000099990002e-05	2.059376111200905e-02
ENSG00000166508.20	81	90	9.999000099990002e-05	2.059376111200905e-02
ENSG00000166681.15	81	90	1.000000000000000e-04	2.059376111200905e-02
ENSG00000166704.14	81	90	9.999000099990002e-05	2.059376111200905e-02
ENSG00000166710.24	81	90	9.999000099990002e-05	2.059376111200905e-02
ENSG00000166734.21	81	90	1.000000000000000e-04	2.059376111200905e-02
ENSG00000166741.10	81	90	3.000000000000000e-04	5.194194863432531e-02
ENSG00000166788.11	81	90	3.000000000000000e-04	5.194194863432531e-02
ENSG00000166803.15	81	90	2.000000000000000e-04	3.728269202633504e-02
ENSG00000166813.18	81	90	9.999000099990002e-05	2.059376111200905e-02
ENSG00000166833.23	81	90	3.000000000000000e-04	5.194194863432531e-02
ENSG00000166839.19	81	90	4.000000000000000e-04	6.548302711036876e-02
ENSG00000166845.16	81	90	9.999000099990002e-05	2.059376111200905e-02
ENSG00000166851.16	81	90	9.999000099990002e-05	2.059376111200905e-02
ENSG00000166881.11	81	90	9.999000099990002e-05	2.059376111200905e-02
ENSG00000166887.17	81	90	9.999000099990002e-05	2.059376111200905e-02
ENSG00000166897.17	81	90	3.000000000000000e-04	5.194194863432531e-02
ENSG00000166923.13	81	90	2.000000000000000e-04	3.728269202633504e-02
ENSG00000166925.10	81	90	9.999000099990002e-05	2.059376111200905e-02
ENSG00000167005.15	81	90	9.999000099990002e-05	2.059376111200905e-02
ENSG00000167034.10	81	90	9.999000099990002e-05	2.059376111200905e-02
ENSG00000167085.15	81	90	2.000000000000000e-04	3.728269202633504e-02
ENSG00000167103.12	81	90	9.999000099990002e-05	2.059376111200905e-02
ENSG00000167107.14	81	90	1.000000000000000e-04	2.059376111200905e-02
ENSG00000167110.20	81	90	1.000000000000000e-04	2.059376111200905e-02
ENSG00000167114.14	81	90	9.999000099990002e-05	2.059376111200905e-02
ENSG00000167136.8	81	90	1.000000000000000e-04	2.059376111200905e-02
ENSG00000167157.12	81	90	9.999000099990002e-05	2.059376111200905e-02
ENSG00000167173.20	81	90	9.999000099990002e-05	2.059376111200905e-02
ENSG00000167193.8	81	90	9.999000099990002e-05	2.059376111200905e-02
ENSG00000167202.13	81	90	1.000000000000000e-04	2.059376111200905e-02
ENSG00000167232.15	81	90	1.000000000000000e-04	2.059376111200905e-02
ENSG00000167315.19	81	90	5.000000000000000e-04	7.851466600936653e-02
ENSG00000167325.16	81	90	9.999000099990002e-05	2.059376111200905e-02
ENSG00000167377.20	81	90	9.999000099990002e-05	2.059376111200905e-02
ENSG00000167393.19	81	90	5.000000000000000e-04	7.851466600936653e-02
ENSG00000167394.14	81	90	9.999000099990002e-05	2.059376111200905e-02
ENSG00000167395.11	81	90	2.000000000000000e-04	3.728269202633504e-02
ENSG00000167447.14	81	90	9.999000099990002e-05	2.059376111200905e-02
ENSG00000167470.15	81	90	4.000000000000000e-04	6.548302711036876e-02
ENSG00000167487.12	81	90	2.000000000000000e-04	3.728269202633504e-02
ENSG00000167491.19	81	90	9.999000099990002e-05	2.059376111200905e-02
ENSG00000167508.13	81	90	1.000000000000000e-04	2.059376111200905e-02
ENSG00000167513.10	81	90	9.999000099990002e-05	2.059376111200905e-02
ENSG00000167523.15	81	90	9.999000099990002e-05	2.059376111200905e-02
ENSG00000167543.17	81	90	9.999000099990002e-05	2.059376111200905e-02
ENSG00000167550.12	81	90	9.999000099990002e-05	2.059376111200905e-02
ENSG00000167553.18	81	90	9.999000099990002e-05	2.059376111200905e-02
ENSG00000167601.13	81	90	9.999000099990002e-05	2.059376111200905e-02
ENSG00000167604.16	81	90	5.999999999999999e-04	9.084748663101604e-02
ENSG00000167617.4	81	90	9.999000099990002e-05	2.059376111200905e-02
ENSG00000167635.13	81	90	5.999999999999999e-04	9.084748663101604e-02
ENSG00000167645.18	81	90	9.999000099990002e-05	2.059376111200905e-02
ENSG00000167657.15	81	90	1.000000000000000e-04	2.059376111200905e-02
ENSG00000167658.17	81	90	4.000000000000000e-04	6.548302711036876e-02
ENSG00000167670.17	81	90	9.999000099990002e-05	2.059376111200905e-02
ENSG00000167671.13	81	90	9.999000099990002e-05	2.059376111200905e-02
ENSG00000167674.16	81	90	9.999000099990002e-05	2.059376111200905e-02
ENSG00000167700.10	81	90	9.999000099990002e-05	2.059376111200905e-02
ENSG00000167721.12	81	90	1.000000000000000e-04	2.059376111200905e-02
ENSG00000167766.23	81	90	9.999000099990002e-05	2.059376111200905e-02
ENSG00000167774.2	81	90	4.000000000000000e-04	6.548302711036876e-02
ENSG00000167775.12	81	90	9.999000099990002e-05	2.059376111200905e-02
ENSG00000167797.9	81	90	9.999000099990002e-05	2.059376111200905e-02
ENSG00000167799.11	81	90	9.999000099990002e-05	2.059376111200905e-02
ENSG00000167862.11	81	90	9.999000099990002e-05	2.059376111200905e-02
ENSG00000167889.14	81	90	3.000000000000000e-04	5.194194863432531e-02
ENSG00000167900.14	81	90	9.999000099990002e-05	2.059376111200905e-02
ENSG00000167912.9	81	90	1.000000000000000e-04	2.059376111200905e-02
ENSG00000167965.19	81	90	9.999000099990002e-05	2.059376111200905e-02
ENSG00000167967.17	81	90	9.999000099990002e-05	2.059376111200905e-02
ENSG00000167969.14	81	90	9.999000099990002e-05	2.059376111200905e-02
ENSG00000167977.10	81	90	9.999000099990002e-05	2.059376111200905e-02
ENSG00000167981.7	81	90	2.000000000000000e-04	3.728269202633504e-02
ENSG00000167996.17	81	90	9.999000099990002e-05	2.059376111200905e-02
ENSG00000168000.17	81	90	2.000000000000000e-04	3.728269202633504e-02
ENSG00000168005.10	81	90	9.999000099990002e-05	2.059376111200905e-02
ENSG00000168016.16	81	90	9.999000099990002e-05	2.059376111200905e-02
ENSG00000168026.20	81	90	9.999000099990002e-05	2.059376111200905e-02
ENSG00000168036.20	81	90	1.000000000000000e-04	2.059376111200905e-02
ENSG00000168040.6	81	90	9.999000099990002e-05	2.059376111200905e-02
ENSG00000168061.17	81	90	9.999000099990002e-05	2.059376111200905e-02
ENSG00000168078.11	81	90	9.999000099990002e-05	2.059376111200905e-02
ENSG00000168090.11	81	90	1.000000000000000e-04	2.059376111200905e-02
ENSG00000168092.15	81	90	1.000000000000000e-04	2.059376111200905e-02
ENSG00000168159.15	81	90	1.000000000000000e-04	2.059376111200905e-02
ENSG00000168216.14	81	90	9.999000099990002e-05	2.059376111200905e-02
ENSG00000168234.15	81	90	9.999000099990002e-05	2.059376111200905e-02
ENSG00000168237.19	81	90	9.999000099990002e-05	2.059376111200905e-02
ENSG00000168246.7	81	90	4.000000000000000e-04	6.548302711036876e-02
ENSG00000168273.9	81	90	1.000000000000000e-04	2.059376111200905e-02
ENSG00000168300.15	81	90	9.999000099990002e-05	2.059376111200905e-02
ENSG00000168303.9	81	90	9.999000099990002e-05	2.059376111200905e-02
ENSG00000168306.14	81	90	9.999000099990002e-05	2.059376111200905e-02
ENSG00000168310.13	81	90	4.000000000000000e-04	6.548302711036876e-02
ENSG00000168385.19	81	90	3.000000000000000e-04	5.194194863432531e-02
ENSG00000168393.14	81	90	9.999000099990002e-05	2.059376111200905e-02
ENSG00000168397.18	81	90	9.999000099990002e-05	2.059376111200905e-02
ENSG00000168411.15	81	90	9.999000099990002e-05	2.059376111200905e-02
ENSG00000168439.18	81	90	9.999000099990002e-05	2.059376111200905e-02
ENSG00000168476.13	81	90	9.999000099990002e-05	2.059376111200905e-02
ENSG00000168488.20	81	90	9.999000099990002e-05	2.059376111200905e-02
ENSG00000168496.5	81	90	9.999000099990002e-05	2.059376111200905e-02
ENSG00000168502.19	81	90	3.000000000000000e-04	5.194194863432531e-02
ENSG00000168517.12	81	90	3.000000000000000e-04	5.194194863432531e-02
ENSG00000168522.14	81	90	1.000000000000000e-04	2.059376111200905e-02
ENSG00000168528.13	81	90	9.999000099990002e-05	2.059376111200905e-02
ENSG00000168538.17	81	90	9.999000099990002e-05	2.059376111200905e-02
ENSG00000168615.14	81	90	9.999000099990002e-05	2.059376111200905e-02
ENSG00000168710.19	81	90	9.999000099990002e-05	2.059376111200905e-02
ENSG00000168779.21	81	90	9.999000099990002e-05	2.059376111200905e-02
ENSG00000168818.11	81	90	3.000000000000000e-04	5.194194863432531e-02
ENSG00000168876.10	81	90	9.999000099990002e-05	2.059376111200905e-02
ENSG00000168916.17	81	90	3.000000000000000e-04	5.194194863432531e-02
ENSG00000168924.16	81	90	9.999000099990002e-05	2.059376111200905e-02
ENSG00000168955.4	81	90	9.999000099990002e-05	2.059376111200905e-02
ENSG00000168958.22	81	90	5.000000000000000e-04	7.851466600936653e-02
ENSG00000169019.12	81	90	9.999000099990002e-05	2.059376111200905e-02
ENSG00000169026.14	81	90	9.999000099990002e-05	2.059376111200905e-02
ENSG00000169062.16	81	90	1.000000000000000e-04	2.059376111200905e-02
ENSG00000169131.14	81	90	1.000000000000000e-04	2.059376111200905e-02
ENSG00000169188.6	81	90	9.999000099990002e-05	2.059376111200905e-02
ENSG00000169221.15	81	90	1.000000000000000e-04	2.059376111200905e-02
ENSG00000169230.11	81	90	9.999000099990002e-05	2.059376111200905e-02
ENSG00000169231.14	81	90	9.999000099990002e-05	2.059376111200905e-02
ENSG00000169258.8	81	90	9.999000099990002e-05	2.059376111200905e-02
ENSG00000169271.3	81	90	3.000000000000000e-04	5.194194863432531e-02
ENSG00000169302.16	81	90	1.000000000000000e-04	2.059376111200905e-02
ENSG00000169359.17	81	90	9.999000099990002e-05	2.059376111200905e-02
ENSG00000169570.11	81	90	9.999000099990002e-05	2.059376111200905e-02
ENSG00000169592.16	81	90	9.999000099990002e-05	2.059376111200905e-02
ENSG00000169594.14	81	90	9.999000099990002e-05	2.059376111200905e-02
ENSG00000169607.14	81	90	9.999000099990002e-05	2.059376111200905e-02
ENSG00000169612.5	81	90	9.999000099990002e-05	2.059376111200905e-02
ENSG00000169635.11	81	90	9.999000099990002e-05	2.059376111200905e-02
ENSG00000169679.16	81	90	9.999000099990002e-05	2.059376111200905e-02
ENSG00000169683.9	81	90	9.999000099990002e-05	2.059376111200905e-02
ENSG00000169689.16	81	90	9.999000099990002e-05	2.059376111200905e-02
ENSG00000169692.15	81	90	9.999000099990002e-05	2.059376111200905e-02
ENSG00000169696.17	81	90	1.000000000000000e-04	2.059376111200905e-02
ENSG00000169710.10	81	90	9.999000099990002e-05	2.059376111200905e-02
ENSG00000169718.19	81	90	9.999000099990002e-05	2.059376111200905e-02
ENSG00000169727.15	81	90	9.999000099990002e-05	2.059376111200905e-02
ENSG00000169740.15	81	90	9.999000099990002e-05	2.059376111200905e-02
ENSG00000169750.10	81	90	9.999000099990002e-05	2.059376111200905e-02
ENSG00000169813.18	81	90	5.000000000000000e-04	7.851466600936653e-02
ENSG00000169826.9	81	90	1.000000000000000e-04	2.059376111200905e-02
ENSG00000169891.19	81	90	3.000000000000000e-04	5.194194863432531e-02
ENSG00000169908.13	81	90	1.000000000000000e-04	2.059376111200905e-02
ENSG00000169951.11	81	90	9.999000099990002e-05	2.059376111200905e-02
ENSG00000169957.10	81	90	9.999000099990002e-05	2.059376111200905e-02
ENSG00000169964.9	81	90	9.999000099990002e-05	2.059376111200905e-02
ENSG00000169972.14	81	90	9.999000099990002e-05	2.059376111200905e-02
ENSG00000169994.21	81	90	9.999000099990002e-05	2.059376111200905e-02
ENSG00000170037.15	81	90	5.999999999999999e-04	9.084748663101604e-02
ENSG00000170142.13	81	90	5.999999999999999e-04	9.084748663101604e-02
ENSG00000170153.11	81	90	1.000000000000000e-04	2.059376111200905e-02
ENSG00000170166.6	81	90	9.999000099990002e-05	2.059376111200905e-02
ENSG00000170185.13	81	90	3.000000000000000e-04	5.194194863432531e-02
ENSG00000170191.5	81	90	1.000000000000000e-04	2.059376111200905e-02
ENSG00000170266.16	81	90	3.000000000000000e-04	5.194194863432531e-02
ENSG00000170271.12	81	90	9.999000099990002e-05	2.059376111200905e-02
ENSG00000170310.16	81	90	4.000000000000000e-04	6.548302711036876e-02
ENSG00000170312.18	81	90	9.999000099990002e-05	2.059376111200905e-02
ENSG00000170364.14	81	90	9.999000099990002e-05	2.059376111200905e-02
ENSG00000170370.12	81	90	9.999000099990002e-05	2.059376111200905e-02
ENSG00000170385.10	81	90	9.999000099990002e-05	2.059376111200905e-02
ENSG00000170445.17	81	90	9.999000099990002e-05	2.059376111200905e-02
ENSG00000170448.13	81	90	9.999000099990002e-05	2.059376111200905e-02
ENSG00000170468.8	81	90	9.999000099990002e-05	2.059376111200905e-02
ENSG00000170498.11	81	90	9.999000099990002e-05	2.059376111200905e-02
ENSG00000170515.15	81	90	9.999000099990002e-05	2.059376111200905e-02
ENSG00000170525.22	81	90	9.999000099990002e-05	2.059376111200905e-02
ENSG00000170537.14	81	90	3.000000000000000e-04	5.194194863432531e-02
ENSG00000170545.18	81	90	1.000000000000000e-04	2.059376111200905e-02
ENSG00000170549.4	81	90	9.999000099990002e-05	2.059376111200905e-02
ENSG00000170581.16	81	90	9.999000099990002e-05	2.059376111200905e-02
ENSG00000170604.5	81	90	9.999000099990002e-05	2.059376111200905e-02
ENSG00000170632.15	81	90	4.000000000000000e-04	6.548302711036876e-02
ENSG00000170634.13	81	90	4.000000000000000e-04	6.548302711036876e-02
ENSG00000170638.11	81	90	9.999000099990002e-05	2.059376111200905e-02
ENSG00000170667.17	81	90	9.999000099990002e-05	2.059376111200905e-02
ENSG00000170779.12	81	90	9.999000099990002e-05	2.059376111200905e-02
ENSG00000170855.5	81	90	9.999000099990002e-05	2.059376111200905e-02
ENSG00000170871.12	81	90	4.000000000000000e-04	6.548302711036876e-02
ENSG00000170876.10	81	90	5.999999999999999e-04	9.084748663101604e-02
ENSG00000170899.12	81	90	9.999000099990002e-05	2.059376111200905e-02
ENSG00000170903.13	81	90	9.999000099990002e-05	2.059376111200905e-02
ENSG00000170919.17	81	90	9.999000099990002e-05	2.059376111200905e-02
ENSG00000170949.19	81	90	9.999000099990002e-05	2.059376111200905e-02
ENSG00000170955.11	81	90	9.999000099990002e-05	2.059376111200905e-02
ENSG00000170962.14	81	90	9.999000099990002e-05	2.059376111200905e-02
ENSG00000170989.11	81	90	1.000000000000000e-04	2.059376111200905e-02
ENSG00000171033.14	81	90	9.999000099990002e-05	2.059376111200905e-02
ENSG00000171150.10	81	90	9.999000099990002e-05	2.059376111200905e-02
ENSG00000171155.9	81	90	9.999000099990002e-05	2.059376111200905e-02
ENSG00000171159.5	81	90	9.999000099990002e-05	2.059376111200905e-02
ENSG00000171161.14	81	90	9.999000099990002e-05	2.059376111200905e-02
ENSG00000171222.12	81	90	9.999000099990002e-05	2.059376111200905e-02
ENSG00000171241.10	81	90	9.999000099990002e-05	2.059376111200905e-02
ENSG00000171262.11	81	90	9.999000099990002e-05	2.059376111200905e-02
ENSG00000171302.18	81	90	9.999000099990002e-05	2.059376111200905e-02
ENSG00000171314.10	81	90	9.999000099990002e-05	2.059376111200905e-02
ENSG00000171320.15	81	90	9.999000099990002e-05	2.059376111200905e-02
ENSG00000171443.8	81	90	1.000000000000000e-04	2.059376111200905e-02
ENSG00000171444.19	81	90	3.000000000000000e-04	5.194194863432531e-02
ENSG00000171448.10	81	90	9.999000099990002e-05	2.059376111200905e-02
ENSG00000171451.16	81	90	9.999000099990002e-05	2.059376111200905e-02
ENSG00000171488.16	81	90	9.999000099990002e-05	2.059376111200905e-02
ENSG00000171503.14	81	90	9.999000099990002e-05	2.059376111200905e-02
ENSG00000171509.17	81	90	1.000000000000000e-04	2.059376111200905e-02
ENSG00000171603.19	81	90	3.000000000000000e-04	5.194194863432531e-02
ENSG00000171631.17	81	90	4.000000000000000e-04	6.548302711036876e-02
ENSG00000171634.19	81	90	5.000000000000000e-04	7.851466600936653e-02
ENSG00000171649.12	81	90	9.999000099990002e-05	2.059376111200905e-02
ENSG00000171700.15	81	90	9.999000099990002e-05	2.059376111200905e-02
ENSG00000171792.12	81	90	5.999999999999999e-04	9.084748663101604e-02
ENSG00000171793.18	81	90	3.000000000000000e-04	5.194194863432531e-02
ENSG00000171813.15	81	90	2.000000000000000e-04	3.728269202633504e-02
ENSG00000171843.17	81	90	9.999000099990002e-05	2.059376111200905e-02
ENSG00000171848.17	81	90	9.999000099990002e-05	2.059376111200905e-02
ENSG00000171861.12	81	90	9.999000099990002e-05	2.059376111200905e-02
ENSG00000171865.11	81	90	9.999000099990002e-05	2.059376111200905e-02
ENSG00000171914.18	81	90	9.999000099990002e-05	2.059376111200905e-02
ENSG00000171960.13	81	90	9.999000099990002e-05	2.059376111200905e-02
ENSG00000171988.20	81	90	9.999000099990002e-05	2.059376111200905e-02
ENSG00000172006.13	81	90	9.999000099990002e-05	2.059376111200905e-02
ENSG00000172007.8	81	90	9.999000099990002e-05	2.059376111200905e-02
ENSG00000172009.16	81	90	9.999000099990002e-05	2.059376111200905e-02
ENSG00000172037.15	81	90	9.999000099990002e-05	2.059376111200905e-02
ENSG00000172053.19	81	90	3.000000000000000e-04	5.194194863432531e-02
ENSG00000172071.15	81	90	3.000000000000000e-04	5.194194863432531e-02
ENSG00000172086.10	81	90	9.999000099990002e-05	2.059376111200905e-02
ENSG00000172115.10	81	90	1.000000000000000e-04	2.059376111200905e-02
ENSG00000172137.20	81	90	9.999000099990002e-05	2.059376111200905e-02
ENSG00000172159.17	81	90	1.000000000000000e-04	2.059376111200905e-02
ENSG00000172164.15	81	90	9.999000099990002e-05	2.059376111200905e-02
ENSG00000172167.9	81	90	3.000000000000000e-04	5.194194863432531e-02
ENSG00000172239.15	81	90	2.000000000000000e-04	3.728269202633504e-02
ENSG00000172244.10	81	90	9.999000099990002e-05	2.059376111200905e-02
ENSG00000172273.14	81	90	5.000000000000000e-04	7.851466600936653e-02
ENSG00000172336.6	81	90	9.999000099990002e-05	2.059376111200905e-02
ENSG00000172348.16	81	90	9.999000099990002e-05	2.059376111200905e-02
ENSG00000172354.11	81	90	2.000000000000000e-04	3.728269202633504e-02
ENSG00000172366.21	81	90	1.000000000000000e-04	2.059376111200905e-02
ENSG00000172380.7	81	90	9.999000099990002e-05	2.059376111200905e-02
ENSG00000172403.11	81	90	1.000000000000000e-04	2.059376111200905e-02
ENSG00000172465.15	81	90	9.999000099990002e-05	2.059376111200905e-02
ENSG00000172531.17	81	90	2.000000000000000e-04	3.728269202633504e-02
ENSG00000172590.19	81	90	9.999000099990002e-05	2.059376111200905e-02
ENSG00000172594.14	81	90	1.000000000000000e-04	2.059376111200905e-02
ENSG00000172661.21	81	90	3.000000000000000e-04	5.194194863432531e-02
ENSG00000172667.12	81	90	9.999000099990002e-05	2.059376111200905e-02
ENSG00000172757.13	81	90	4.000000000000000e-04	6.548302711036876e-02
ENSG00000172780.18	81	90	9.999000099990002e-05	2.059376111200905e-02
ENSG00000172789.4	81	90	9.999000099990002e-05	2.059376111200905e-02
ENSG00000172831.15	81	90	9.999000099990002e-05	2.059376111200905e-02
ENSG00000172889.17	81	90	9.999000099990002e-05	2.059376111200905e-02
ENSG00000172915.20	81	90	9.999000099990002e-05	2.059376111200905e-02
ENSG00000172922.12	81	90	9.999000099990002e-05	2.059376111200905e-02
ENSG00000172986.13	81	90	9.999000099990002e-05	2.059376111200905e-02
ENSG00000173041.13	81	90	9.999000099990002e-05	2.059376111200905e-02
ENSG00000173065.15	81	90	9.999000099990002e-05	2.059376111200905e-02
ENSG00000173141.6	81	90	9.999000099990002e-05	2.059376111200905e-02
ENSG00000173153.18	81	90	9.999000099990002e-05	2.059376111200905e-02
ENSG00000173193.16	81	90	1.000000000000000e-04	2.059376111200905e-02
ENSG00000173207.14	81	90	9.999000099990002e-05	2.059376111200905e-02
ENSG00000173210.21	81	90	4.000000000000000e-04	6.548302711036876e-02
ENSG00000173218.16	81	90	9.999000099990002e-05	2.059376111200905e-02
ENSG00000173221.15	81	90	5.000000000000000e-04	7.851466600936653e-02
ENSG00000173230.18	81	90	9.999000099990002e-05	2.059376111200905e-02
ENSG00000173258.14	81	90	9.999000099990002e-05	2.059376111200905e-02
ENSG00000173272.17	81	90	9.999000099990002e-05	2.059376111200905e-02
ENSG00000173275.14	81	90	9.999000099990002e-05	2.059376111200905e-02
ENSG00000173349.6	81	90	1.000000000000000e-04	2.059376111200905e-02
ENSG00000173406.17	81	90	3.000000000000000e-04	5.194194863432531e-02
ENSG00000173409.15	81	90	9.999000099990002e-05	2.059376111200905e-02
ENSG00000173456.5	81	90	9.999000099990002e-05	2.059376111200905e-02
ENSG00000173457.12	81	90	9.999000099990002e-05	2.059376111200905e-02
ENSG00000173465.9	81	90	9.999000099990002e-05	2.059376111200905e-02
ENSG00000173482.17	81	90	9.999000099990002e-05	2.059376111200905e-02
ENSG00000173486.14	81	90	9.999000099990002e-05	2.059376111200905e-02
ENSG00000173517.12	81	90	9.999000099990002e-05	2.059376111200905e-02
ENSG00000173540.15	81	90	9.999000099990002e-05	2.059376111200905e-02
ENSG00000173546.8	81	90	9.999000099990002e-05	2.059376111200905e-02
ENSG00000173598.15	81	90	5.000000000000000e-04	7.851466600936653e-02
ENSG00000173621.10	81	90	9.999000099990002e-05	2.059376111200905e-02
ENSG00000173638.20	81	90	9.999000099990002e-05	2.059376111200905e-02
ENSG00000173757.12	81	90	4.000000000000000e-04	6.548302711036876e-02
ENSG00000173786.17	81	90	2.000000000000000e-04	3.728269202633504e-02
ENSG00000173848.20	81	90	9.999000099990002e-05	2.059376111200905e-02
ENSG00000173894.11	81	90	9.999000099990002e-05	2.059376111200905e-02
ENSG00000173905.10	81	90	9.999000099990002e-05	2.059376111200905e-02
ENSG00000173926.7	81	90	9.999000099990002e-05	2.059376111200905e-02
ENSG00000173933.22	81	90	4.000000000000000e-04	6.548302711036876e-02
ENSG00000174007.10	81	90	5.999999999999999e-04	9.084748663101604e-02
ENSG00000174028.6	81	90	5.999999999999999e-04	9.084748663101604e-02
ENSG00000174080.13	81	90	2.000000000000000e-04	3.728269202633504e-02
ENSG00000174109.5	81	90	9.999000099990002e-05	2.059376111200905e-02
ENSG00000174137.14	81	90	9.999000099990002e-05	2.059376111200905e-02
ENSG00000174165.9	81	90	9.999000099990002e-05	2.059376111200905e-02
ENSG00000174177.14	81	90	9.999000099990002e-05	2.059376111200905e-02
ENSG00000174197.20	81	90	3.000000000000000e-04	5.194194863432531e-02
ENSG00000174243.12	81	90	9.999000099990002e-05	2.059376111200905e-02
ENSG00000174276.7	81	90	9.999000099990002e-05	2.059376111200905e-02
ENSG00000174307.7	81	90	1.000000000000000e-04	2.059376111200905e-02
ENSG00000174371.18	81	90	9.999000099990002e-05	2.059376111200905e-02
ENSG00000174428.20	81	90	9.999000099990002e-05	2.059376111200905e-02
ENSG00000174437.19	81	90	9.999000099990002e-05	2.059376111200905e-02
ENSG00000174442.13	81	90	9.999000099990002e-05	2.059376111200905e-02
ENSG00000174444.16	81	90	4.000000000000000e-04	6.548302711036876e-02
ENSG00000174483.21	81	90	9.999000099990002e-05	2.059376111200905e-02
ENSG00000174485.17	81	90	9.999000099990002e-05	2.059376111200905e-02
ENSG00000174564.14	81	90	9.999000099990002e-05	2.059376111200905e-02
ENSG00000174628.18	81	90	1.000000000000000e-04	2.059376111200905e-02
ENSG00000174695.10	81	90	9.999000099990002e-05	2.059376111200905e-02
ENSG00000174697.6	81	90	9.999000099990002e-05	2.059376111200905e-02
ENSG00000174705.14	81	90	2.000000000000000e-04	3.728269202633504e-02
ENSG00000174744.15	81	90	9.999000099990002e-05	2.059376111200905e-02
ENSG00000174775.19	81	90	2.000000000000000e-04	3.728269202633504e-02
ENSG00000174791.12	81	90	9.999000099990002e-05	2.059376111200905e-02
ENSG00000174840.10	81	90	2.000000000000000e-04	3.728269202633504e-02
ENSG00000174842.18	81	90	3.000000000000000e-04	5.194194863432531e-02
ENSG00000174886.16	81	90	3.000000000000000e-04	5.194194863432531e-02
ENSG00000174903.17	81	90	1.000000000000000e-04	2.059376111200905e-02
ENSG00000174917.10	81	90	9.999000099990002e-05	2.059376111200905e-02
ENSG00000174928.17	81	90	9.999000099990002e-05	2.059376111200905e-02
ENSG00000174996.13	81	90	9.999000099990002e-05	2.059376111200905e-02
ENSG00000175029.18	81	90	9.999000099990002e-05	2.059376111200905e-02
ENSG00000175061.21	81	90	9.999000099990002e-05	2.059376111200905e-02
ENSG00000175063.18	81	90	9.999000099990002e-05	2.059376111200905e-02
ENSG00000175073.8	81	90	3.000000000000000e-04	5.194194863432531e-02
ENSG00000175130.8	81	90	9.999000099990002e-05	2.059376111200905e-02
ENSG00000175137.12	81	90	9.999000099990002e-05	2.059376111200905e-02
ENSG00000175155.11	81	90	9.999000099990002e-05	2.059376111200905e-02
ENSG00000175166.18	81	90	9.999000099990002e-05	2.059376111200905e-02
ENSG00000175182.16	81	90	9.999000099990002e-05	2.059376111200905e-02
ENSG00000175183.11	81	90	4.000000000000000e-04	6.548302711036876e-02
ENSG00000175197.13	81	90	1.000000000000000e-04	2.059376111200905e-02
ENSG00000175216.16	81	90	3.000000000000000e-04	5.194194863432531e-02
ENSG00000175221.17	81	90	1.000000000000000e-04	2.059376111200905e-02
ENSG00000175274.20	81	90	2.000000000000000e-04	3.728269202633504e-02
ENSG00000175279.22	81	90	9.999000099990002e-05	2.059376111200905e-02
ENSG00000175305.19	81	90	9.999000099990002e-05	2.059376111200905e-02
ENSG00000175309.17	81	90	9.999000099990002e-05	2.059376111200905e-02
ENSG00000175334.9	81	90	1.000000000000000e-04	2.059376111200905e-02
ENSG00000175348.12	81	90	9.999000099990002e-05	2.059376111200905e-02
ENSG00000175352.12	81	90	9.999000099990002e-05	2.059376111200905e-02
ENSG00000175390.16	81	90	9.999000099990002e-05	2.059376111200905e-02
ENSG00000175395.17	81	90	9.999000099990002e-05	2.059376111200905e-02
ENSG00000175467.16	81	90	9.999000099990002e-05	2.059376111200905e-02
ENSG00000175550.8	81	90	9.999000099990002e-05	2.059376111200905e-02
ENSG00000175592.10	81	90	9.999000099990002e-05	2.059376111200905e-02
ENSG00000175602.4	81	90	9.999000099990002e-05	2.059376111200905e-02
ENSG00000175634.16	81	90	3.000000000000000e-04	5.194194863432531e-02
ENSG00000175643.10	81	90	9.999000099990002e-05	2.059376111200905e-02
ENSG00000175701.11	81	90	9.999000099990002e-05	2.059376111200905e-02
ENSG00000175727.16	81	90	3.000000000000000e-04	5.194194863432531e-02
ENSG00000175756.15	81	90	9.999000099990002e-05	2.059376111200905e-02
ENSG00000175768.14	81	90	5.999999999999999e-04	9.084748663101604e-02
ENSG00000175792.13	81	90	9.999000099990002e-05	2.059376111200905e-02
ENSG00000175832.14	81	90	9.999000099990002e-05	2.059376111200905e-02
ENSG00000175970.13	81	90	9.999000099990002e-05	2.059376111200905e-02
ENSG00000176014.14	81	90	9.999000099990002e-05	2.059376111200905e-02
ENSG00000176022.7	81	90	2.000000000000000e-04	3.728269202633504e-02
ENSG00000176024.19	81	90	9.999000099990002e-05	2.059376111200905e-02
ENSG00000176055.10	81	90	1.000000000000000e-04	2.059376111200905e-02
ENSG00000176101.13	81	90	9.999000099990002e-05	2.059376111200905e-02
ENSG00000176124.16	81	90	9.999000099990002e-05	2.059376111200905e-02
ENSG00000176142.14	81	90	9.999000099990002e-05	2.059376111200905e-02
ENSG00000176170.15	81	90	9.999000099990002e-05	2.059376111200905e-02
ENSG00000176208.10	81	90	9.999000099990002e-05	2.059376111200905e-02
ENSG00000176222.11	81	90	9.999000099990002e-05	2.059376111200905e-02
ENSG00000176225.16	81	90	2.000000000000000e-04	3.728269202633504e-02
ENSG00000176248.10	81	90	1.000000000000000e-04	2.059376111200905e-02
ENSG00000176340.4	81	90	9.999000099990002e-05	2.059376111200905e-02
ENSG00000176386.10	81	90	1.000000000000000e-04	2.059376111200905e-02
ENSG00000176454.16	81	90	5.000000000000000e-04	7.851466600936653e-02
ENSG00000176542.10	81	90	9.999000099990002e-05	2.059376111200905e-02
ENSG00000176619.14	81	90	9.999000099990002e-05	2.059376111200905e-02
ENSG00000176658.18	81	90	9.999000099990002e-05	2.059376111200905e-02
ENSG00000176720.7	81	90	5.000000000000000e-04	7.851466600936653e-02
ENSG00000176749.10	81	90	5.000000000000000e-04	7.851466600936653e-02
ENSG00000176845.13	81	90	9.999000099990002e-05	2.059376111200905e-02
ENSG00000176871.10	81	90	9.999000099990002e-05	2.059376111200905e-02
ENSG00000176890.17	81	90	9.999000099990002e-05	2.059376111200905e-02
ENSG00000176896.10	81	90	1.000000000000000e-04	2.059376111200905e-02
ENSG00000176903.5	81	90	1.000000000000000e-04	2.059376111200905e-02
ENSG00000176915.15	81	90	9.999000099990002e-05	2.059376111200905e-02
ENSG00000176928.8	81	90	9.999000099990002e-05	2.059376111200905e-02
ENSG00000176971.4	81	90	9.999000099990002e-05	2.059376111200905e-02
ENSG00000177030.20	81	90	1.000000000000000e-04	2.059376111200905e-02
ENSG00000177034.18	81	90	9.999000099990002e-05	2.059376111200905e-02
ENSG00000177045.11	81	90	1.000000000000000e-04	2.059376111200905e-02
ENSG00000177084.20	81	90	9.999000099990002e-05	2.059376111200905e-02
ENSG00000177105.11	81	90	9.999000099990002e-05	2.059376111200905e-02
ENSG00000177106.18	81	90	5.000000000000000e-04	7.851466600936653e-02
ENSG00000177119.18	81	90	1.000000000000000e-04	2.059376111200905e-02
ENSG00000177125.7	81	90	9.999000099990002e-05	2.059376111200905e-02
ENSG00000177156.12	81	90	9.999000099990002e-05	2.059376111200905e-02
ENSG00000177169.11	81	90	5.999999999999999e-04	9.084748663101604e-02
ENSG00000177189.15	81	90	4.000000000000000e-04	6.548302711036876e-02
ENSG00000177192.15	81	90	9.999000099990002e-05	2.059376111200905e-02
ENSG00000177225.17	81	90	1.000000000000000e-04	2.059376111200905e-02
ENSG00000177283.8	81	90	2.000000000000000e-04	3.728269202633504e-02
ENSG00000177302.17	81	90	2.000000000000000e-04	3.728269202633504e-02
ENSG00000177352.11	81	90	5.999999999999999e-04	9.084748663101604e-02
ENSG00000177363.6	81	90	1.000000000000000e-04	2.059376111200905e-02
ENSG00000177374.14	81	90	9.999000099990002e-05	2.059376111200905e-02
ENSG00000177410.14	81	90	5.999999999999999e-04	9.084748663101604e-02
ENSG00000177427.14	81	90	9.999000099990002e-05	2.059376111200905e-02
ENSG00000177432.8	81	90	9.999000099990002e-05	2.059376111200905e-02
ENSG00000177485.8	81	90	1.000000000000000e-04	2.059376111200905e-02
ENSG00000177542.12	81	90	9.999000099990002e-05	2.059376111200905e-02
ENSG00000177548.14	81	90	1.000000000000000e-04	2.059376111200905e-02
ENSG00000177576.13	81	90	1.000000000000000e-04	2.059376111200905e-02
ENSG00000177602.5	81	90	9.999000099990002e-05	2.059376111200905e-02
ENSG00000177606.9	81	90	9.999000099990002e-05	2.059376111200905e-02
ENSG00000177646.21	81	90	3.000000000000000e-04	5.194194863432531e-02
ENSG00000177685.18	81	90	9.999000099990002e-05	2.059376111200905e-02
ENSG00000177694.16	81	90	2.000000000000000e-04	3.728269202633504e-02
ENSG00000177697.20	81	90	9.999000099990002e-05	2.059376111200905e-02
ENSG00000177700.7	81	90	9.999000099990002e-05	2.059376111200905e-02
ENSG00000177731.17	81	90	3.000000000000000e-04	5.194194863432531e-02
ENSG00000177879.18	81	90	9.999000099990002e-05	2.059376111200905e-02
ENSG00000177885.16	81	90	9.999000099990002e-05	2.059376111200905e-02
ENSG00000177888.9	81	90	4.000000000000000e-04	6.548302711036876e-02
ENSG00000177943.15	81	90	2.000000000000000e-04	3.728269202633504e-02
ENSG00000177954.15	81	90	9.999000099990002e-05	2.059376111200905e-02
ENSG00000177971.9	81	90	5.000000000000000e-04	7.851466600936653e-02
ENSG00000178028.15	81	90	1.000000000000000e-04	2.059376111200905e-02
ENSG00000178033.6	81	90	4.000000000000000e-04	6.548302711036876e-02
ENSG00000178057.16	81	90	9.999000099990002e-05	2.059376111200905e-02
ENSG00000178104.22	81	90	9.999000099990002e-05	2.059376111200905e-02
ENSG00000178209.18	81	90	9.999000099990002e-05	2.059376111200905e-02
ENSG00000178295.16	81	90	1.000000000000000e-04	2.059376111200905e-02
ENSG00000178397.13	81	90	9.999000099990002e-05	2.059376111200905e-02
ENSG00000178531.6	81	90	2.000000000000000e-04	3.728269202633504e-02
ENSG00000178585.16	81	90	9.999000099990002e-05	2.059376111200905e-02
ENSG00000178605.16	81	90	9.999000099990002e-05	2.059376111200905e-02
ENSG00000178695.6	81	90	9.999000099990002e-05	2.059376111200905e-02
ENSG00000178718.7	81	90	5.000000000000000e-04	7.851466600936653e-02
ENSG00000178726.7	81	90	9.999000099990002e-05	2.059376111200905e-02
ENSG00000178764.9	81	90	9.999000099990002e-05	2.059376111200905e-02
ENSG00000178772.8	81	90	1.000000000000000e-04	2.059376111200905e-02
ENSG00000178896.10	81	90	9.999000099990002e-05	2.059376111200905e-02
ENSG00000178917.19	81	90	9.999000099990002e-05	2.059376111200905e-02
ENSG00000178921.15	81	90	9.999000099990002e-05	2.059376111200905e-02
ENSG00000178950.19	81	90	9.999000099990002e-05	2.059376111200905e-02
ENSG00000178951.10	81	90	9.999000099990002e-05	2.059376111200905e-02
ENSG00000178952.12	81	90	5.000000000000000e-04	7.851466600936653e-02
ENSG00000178988.12	81	90	9.999000099990002e-05	2.059376111200905e-02
ENSG00000178996.15	81	90	9.999000099990002e-05	2.059376111200905e-02
ENSG00000178999.14	81	90	9.999000099990002e-05	2.059376111200905e-02
ENSG00000179021.11	81	90	2.000000000000000e-04	3.728269202633504e-02
ENSG00000179029.16	81	90	1.000000000000000e-04	2.059376111200905e-02
ENSG00000179041.4	81	90	9.999000099990002e-05	2.059376111200905e-02
ENSG00000179085.9	81	90	9.999000099990002e-05	2.059376111200905e-02
ENSG00000179091.6	81	90	9.999000099990002e-05	2.059376111200905e-02
ENSG00000179104.9	81	90	2.000000000000000e-04	3.728269202633504e-02
ENSG00000179115.12	81	90	9.999000099990002e-05	2.059376111200905e-02
ENSG00000179222.19	81	90	9.999000099990002e-05	2.059376111200905e-02
ENSG00000179242.16	81	90	2.000000000000000e-04	3.728269202633504e-02
ENSG00000179262.11	81	90	9.999000099990002e-05	2.059376111200905e-02
ENSG00000179271.4	81	90	9.999000099990002e-05	2.059376111200905e-02
ENSG00000179348.14	81	90	9.999000099990002e-05	2.059376111200905e-02
ENSG00000179456.13	81	90	2.000000000000000e-04	3.728269202633504e-02
ENSG00000179476.9	81	90	9.999000099990002e-05	2.059376111200905e-02
ENSG00000179523.8	81	90	1.000000000000000e-04	2.059376111200905e-02
ENSG00000179526.18	81	90	9.999000099990002e-05	2.059376111200905e-02
ENSG00000179528.16	81	90	9.999000099990002e-05	2.059376111200905e-02
ENSG00000179588.9	81	90	4.000000000000000e-04	6.548302711036876e-02
ENSG00000179604.11	81	90	9.999000099990002e-05	2.059376111200905e-02
ENSG00000179627.11	81	90	1.000000000000000e-04	2.059376111200905e-02
ENSG00000179630.12	81	90	9.999000099990002e-05	2.059376111200905e-02
ENSG00000179750.16	81	90	9.999000099990002e-05	2.059376111200905e-02
ENSG00000179832.19	81	90	2.000000000000000e-04	3.728269202633504e-02
ENSG00000179941.10	81	90	1.000000000000000e-04	2.059376111200905e-02
ENSG00000179950.16	81	90	9.999000099990002e-05	2.059376111200905e-02
ENSG00000179958.10	81	90	9.999000099990002e-05	2.059376111200905e-02
ENSG00000179965.13	81	90	1.000000000000000e-04	2.059376111200905e-02
ENSG00000180198.18	81	90	3.000000000000000e-04	5.194194863432531e-02
ENSG00000180233.12	81	90	1.000000000000000e-04	2.059376111200905e-02
ENSG00000180447.7	81	90	9.999000099990002e-05	2.059376111200905e-02
ENSG00000180479.16	81	90	1.000000000000000e-04	2.059376111200905e-02
ENSG00000180628.16	81	90	2.000000000000000e-04	3.728269202633504e-02
ENSG00000180787.7	81	90	4.000000000000000e-04	6.548302711036876e-02
ENSG00000180822.13	81	90	9.999000099990002e-05	2.059376111200905e-02
ENSG00000180900.21	81	90	9.999000099990002e-05	2.059376111200905e-02
ENSG00000180938.7	81	90	5.999999999999999e-04	9.084748663101604e-02
ENSG00000180964.18	81	90	9.999000099990002e-05	2.059376111200905e-02
ENSG00000180979.11	81	90	9.999000099990002e-05	2.059376111200905e-02
ENSG00000181004.10	81	90	9.999000099990002e-05	2.059376111200905e-02
ENSG00000181007.10	81	90	9.999000099990002e-05	2.059376111200905e-02
ENSG00000181029.10	81	90	9.999000099990002e-05	2.059376111200905e-02
ENSG00000181038.15	81	90	9.999000099990002e-05	2.059376111200905e-02
ENSG00000181191.13	81	90	2.000000000000000e-04	3.728269202633504e-02
ENSG00000181218.6	81	90	4.000000000000000e-04	6.548302711036876e-02
ENSG00000181220.19	81	90	2.000000000000000e-04	3.728269202633504e-02
ENSG00000181418.8	81	90	1.000000000000000e-04	2.059376111200905e-02
ENSG00000181458.11	81	90	2.000000000000000e-04	3.728269202633504e-02
ENSG00000181513.16	81	90	1.000000000000000e-04	2.059376111200905e-02
ENSG00000181588.17	81	90	9.999000099990002e-05	2.059376111200905e-02
ENSG00000181625.19	81	90	9.999000099990002e-05	2.059376111200905e-02
ENSG00000181666.20	81	90	1.000000000000000e-04	2.059376111200905e-02
ENSG00000181744.9	81	90	1.000000000000000e-04	2.059376111200905e-02
ENSG00000181773.8	81	90	9.999000099990002e-05	2.059376111200905e-02
ENSG00000181804.16	81	90	9.999000099990002e-05	2.059376111200905e-02
ENSG00000181817.7	81	90	5.999999999999999e-04	9.084748663101604e-02
ENSG00000181827.17	81	90	4.000000000000000e-04	6.548302711036876e-02
ENSG00000181830.10	81	90	9.999000099990002e-05	2.059376111200905e-02
ENSG00000181852.19	81	90	1.000000000000000e-04	2.059376111200905e-02
ENSG00000181873.14	81	90	9.999000099990002e-05	2.059376111200905e-02
ENSG00000181894.16	81	90	4.000000000000000e-04	6.548302711036876e-02
ENSG00000181924.9	81	90	5.000000000000000e-04	7.851466600936653e-02
ENSG00000181929.13	81	90	2.000000000000000e-04	3.728269202633504e-02
ENSG00000181938.15	81	90	9.999000099990002e-05	2.059376111200905e-02
ENSG00000181991.17	81	90	2.000000000000000e-04	3.728269202633504e-02
ENSG00000182095.15	81	90	1.000000000000000e-04	2.059376111200905e-02
ENSG00000182141.11	81	90	1.000000000000000e-04	2.059376111200905e-02
ENSG00000182149.22	81	90	1.000000000000000e-04	2.059376111200905e-02
ENSG00000182154.8	81	90	9.999000099990002e-05	2.059376111200905e-02
ENSG00000182158.17	81	90	1.000000000000000e-04	2.059376111200905e-02
ENSG00000182179.14	81	90	9.999000099990002e-05	2.059376111200905e-02
ENSG00000182247.12	81	90	9.999000099990002e-05	2.059376111200905e-02
ENSG00000182325.12	81	90	9.999000099990002e-05	2.059376111200905e-02
ENSG00000182326.18	81	90	9.999000099990002e-05	2.059376111200905e-02
ENSG00000182372.11	81	90	9.999000099990002e-05	2.059376111200905e-02
ENSG00000182378.16	81	90	9.999000099990002e-05	2.059376111200905e-02
ENSG00000182379.10	81	90	1.000000000000000e-04	2.059376111200905e-02
ENSG00000182473.23	81	90	9.999000099990002e-05	2.059376111200905e-02
ENSG00000182481.11	81	90	9.999000099990002e-05	2.059376111200905e-02
ENSG00000182504.12	81	90	9.999000099990002e-05	2.059376111200905e-02
ENSG00000182541.19	81	90	1.000000000000000e-04	2.059376111200905e-02
ENSG00000182568.19	81	90	9.999000099990002e-05	2.059376111200905e-02
ENSG00000182578.15	81	90	9.999000099990002e-05	2.059376111200905e-02
ENSG00000182612.12	81	90	9.999000099990002e-05	2.059376111200905e-02
ENSG00000182670.14	81	90	9.999000099990002e-05	2.059376111200905e-02
ENSG00000182700.5	81	90	9.999000099990002e-05	2.059376111200905e-02
ENSG00000182712.16	81	90	9.999000099990002e-05	2.059376111200905e-02
ENSG00000182752.10	81	90	3.000000000000000e-04	5.194194863432531e-02
ENSG00000182809.12	81	90	9.999000099990002e-05	2.059376111200905e-02
ENSG00000182872.17	81	90	9.999000099990002e-05	2.059376111200905e-02
ENSG00000182963.12	81	90	1.000000000000000e-04	2.059376111200905e-02
ENSG00000182979.19	81	90	3.000000000000000e-04	5.194194863432531e-02
ENSG00000183048.13	81	90	9.999000099990002e-05	2.059376111200905e-02
ENSG00000183049.14	81	90	1.000000000000000e-04	2.059376111200905e-02
ENSG00000183137.17	81	90	1.000000000000000e-04	2.059376111200905e-02
ENSG00000183155.6	81	90	9.999000099990002e-05	2.059376111200905e-02
ENSG00000183160.10	81	90	9.999000099990002e-05	2.059376111200905e-02
ENSG00000183207.16	81	90	9.999000099990002e-05	2.059376111200905e-02
ENSG00000183250.14	81	90	5.999999999999999e-04	9.084748663101604e-02
ENSG00000183258.13	81	90	9.999000099990002e-05	2.059376111200905e-02
ENSG00000183281.16	81	90	9.999000099990002e-05	2.059376111200905e-02
ENSG00000183283.17	81	90	9.999000099990002e-05	2.059376111200905e-02
ENSG00000183291.18	81	90	9.999000099990002e-05	2.059376111200905e-02
ENSG00000183336.10	81	90	9.999000099990002e-05	2.059376111200905e-02
ENSG00000183340.8	81	90	9.999000099990002e-05	2.059376111200905e-02
ENSG00000183401.13	81	90	1.000000000000000e-04	2.059376111200905e-02
ENSG00000183421.12	81	90	4.000000000000000e-04	6.548302711036876e-02
ENSG00000183426.18	81	90	9.999000099990002e-05	2.059376111200905e-02
ENSG00000183458.15	81	90	9.999000099990002e-05	2.059376111200905e-02
ENSG00000183508.6	81	90	5.999999999999999e-04	9.084748663101604e-02
ENSG00000183513.10	81	90	1.000000000000000e-04	2.059376111200905e-02
ENSG00000183647.12	81	90	9.999000099990002e-05	2.059376111200905e-02
ENSG00000183655.14	81	90	9.999000099990002e-05	2.059376111200905e-02
ENSG00000183722.10	81	90	9.999000099990002e-05	2.059376111200905e-02
ENSG00000183751.17	81	90	9.999000099990002e-05	2.059376111200905e-02
ENSG00000183763.10	81	90	9.999000099990002e-05	2.059376111200905e-02
ENSG00000183775.11	81	90	9.999000099990002e-05	2.059376111200905e-02
ENSG00000183779.7	81	90	3.000000000000000e-04	5.194194863432531e-02
ENSG00000183801.9	81	90	9.999000099990002e-05	2.059376111200905e-02
ENSG00000183814.17	81	90	9.999000099990002e-05	2.059376111200905e-02
ENSG00000183856.12	81	90	9.999000099990002e-05	2.059376111200905e-02
ENSG00000183876.9	81	90	9.999000099990002e-05	2.059376111200905e-02
ENSG00000183878.17	81	90	4.000000000000000e-04	6.548302711036876e-02
ENSG00000183891.7	81	90	5.999999999999999e-04	9.084748663101604e-02
ENSG00000183955.14	81	90	9.999000099990002e-05	2.059376111200905e-02
ENSG00000183963.20	81	90	9.999000099990002e-05	2.059376111200905e-02
ENSG00000184162.16	81	90	9.999000099990002e-05	2.059376111200905e-02
ENSG00000184163.3	81	90	9.999000099990002e-05	2.059376111200905e-02
ENSG00000184164.16	81	90	9.999000099990002e-05	2.059376111200905e-02
ENSG00000184207.9	81	90	9.999000099990002e-05	2.059376111200905e-02
ENSG00000184216.16	81	90	1.000000000000000e-04	2.059376111200905e-02
ENSG00000184277.14	81	90	9.999000099990002e-05	2.059376111200905e-02
ENSG00000184281.16	81	90	9.999000099990002e-05	2.059376111200905e-02
ENSG00000184307.18	81	90	2.000000000000000e-04	3.728269202633504e-02
ENSG00000184347.16	81	90	9.999000099990002e-05	2.059376111200905e-02
ENSG00000184349.14	81	90	9.999000099990002e-05	2.059376111200905e-02
ENSG00000184363.11	81	90	2.000000000000000e-04	3.728269202633504e-02
ENSG00000184371.15	81	90	1.000000000000000e-04	2.059376111200905e-02
ENSG00000184384.15	81	90	1.000000000000000e-04	2.059376111200905e-02
ENSG00000184432.12	81	90	9.999000099990002e-05	2.059376111200905e-02
ENSG00000184436.13	81	90	5.999999999999999e-04	9.084748663101604e-02
ENSG00000184441.4	81	90	9.999000099990002e-05	2.059376111200905e-02
ENSG00000184445.12	81	90	2.000000000000000e-04	3.728269202633504e-02
ENSG00000184500.17	81	90	9.999000099990002e-05	2.059376111200905e-02
ENSG00000184661.15	81	90	9.999000099990002e-05	2.059376111200905e-02
ENSG00000184743.14	81	90	9.999000099990002e-05	2.059376111200905e-02
ENSG00000184786.7	81	90	5.000000000000000e-04	7.851466600936653e-02
ENSG00000184887.15	81	90	9.999000099990002e-05	2.059376111200905e-02
ENSG00000184897.7	81	90	9.999000099990002e-05	2.059376111200905e-02
ENSG00000184898.7	81	90	9.999000099990002e-05	2.059376111200905e-02
ENSG00000184924.7	81	90	1.000000000000000e-04	2.059376111200905e-02
ENSG00000184967.8	81	90	2.000000000000000e-04	3.728269202633504e-02
ENSG00000184986.13	81	90	9.999000099990002e-05	2.059376111200905e-02
ENSG00000184990.14	81	90	9.999000099990002e-05	2.059376111200905e-02
ENSG00000184992.13	81	90	9.999000099990002e-05	2.059376111200905e-02
ENSG00000185008.19	81	90	9.999000099990002e-05	2.059376111200905e-02
ENSG00000185009.14	81	90	2.000000000000000e-04	3.728269202633504e-02
ENSG00000185010.15	81	90	3.000000000000000e-04	5.194194863432531e-02
ENSG00000185024.19	81	90	9.999000099990002e-05	2.059376111200905e-02
ENSG00000185033.16	81	90	1.000000000000000e-04	2.059376111200905e-02
ENSG00000185088.15	81	90	9.999000099990002e-05	2.059376111200905e-02
ENSG00000185127.7	81	90	9.999000099990002e-05	2.059376111200905e-02
ENSG00000185158.14	81	90	4.000000000000000e-04	6.548302711036876e-02
ENSG00000185163.11	81	90	9.999000099990002e-05	2.059376111200905e-02
ENSG00000185187.15	81	90	5.999999999999999e-04	9.084748663101604e-02
ENSG00000185236.13	81	90	9.999000099990002e-05	2.059376111200905e-02
ENSG00000185252.20	81	90	9.999000099990002e-05	2.059376111200905e-02
ENSG00000185261.16	81	90	9.999000099990002e-05	2.059376111200905e-02
ENSG00000185262.10	81	90	9.999000099990002e-05	2.059376111200905e-02
ENSG00000185269.13	81	90	9.999000099990002e-05	2.059376111200905e-02
ENSG00000185339.11	81	90	5.000000000000000e-04	7.851466600936653e-02
ENSG00000185340.17	81	90	9.999000099990002e-05	2.059376111200905e-02
ENSG00000185347.20	81	90	9.999000099990002e-05	2.059376111200905e-02
ENSG00000185359.15	81	90	1.000000000000000e-04	2.059376111200905e-02
ENSG00000185453.14	81	90	9.999000099990002e-05	2.059376111200905e-02
ENSG00000185480.13	81	90	3.000000000000000e-04	5.194194863432531e-02
ENSG00000185513.18	81	90	5.000000000000000e-04	7.851466600936653e-02
ENSG00000185515.16	81	90	2.000000000000000e-04	3.728269202633504e-02
ENSG00000185561.10	81	90	9.999000099990002e-05	2.059376111200905e-02
ENSG00000185585.21	81	90	2.000000000000000e-04	3.728269202633504e-02
ENSG00000185619.20	81	90	9.999000099990002e-05	2.059376111200905e-02
ENSG00000185651.17	81	90	1.000000000000000e-04	2.059376111200905e-02
ENSG00000185658.15	81	90	9.999000099990002e-05	2.059376111200905e-02
ENSG00000185670.10	81	90	5.999999999999999e-04	9.084748663101604e-02
ENSG00000185716.13	81	90	9.999000099990002e-05	2.059376111200905e-02
ENSG00000185728.18	81	90	3.000000000000000e-04	5.194194863432531e-02
ENSG00000185787.17	81	90	9.999000099990002e-05	2.059376111200905e-02
ENSG00000185803.13	81	90	9.999000099990002e-05	2.059376111200905e-02
ENSG00000185838.15	81	90	9.999000099990002e-05	2.059376111200905e-02
ENSG00000185883.13	81	90	9.999000099990002e-05	2.059376111200905e-02
ENSG00000185917.15	81	90	1.000000000000000e-04	2.059376111200905e-02
ENSG00000185946.17	81	90	9.999000099990002e-05	2.059376111200905e-02
ENSG00000185963.14	81	90	1.000000000000000e-04	2.059376111200905e-02
ENSG00000185972.6	81	90	9.999000099990002e-05	2.059376111200905e-02
ENSG00000185989.12	81	90	9.999000099990002e-05	2.059376111200905e-02
ENSG00000186017.17	81	90	9.999000099990002e-05	2.059376111200905e-02
ENSG00000186026.8	81	90	9.999000099990002e-05	2.059376111200905e-02
ENSG00000186111.12	81	90	2.000000000000000e-04	3.728269202633504e-02
ENSG00000186130.6	81	90	1.000000000000000e-04	2.059376111200905e-02
ENSG00000186185.15	81	90	9.999000099990002e-05	2.059376111200905e-02
ENSG00000186193.10	81	90	9.999000099990002e-05	2.059376111200905e-02
ENSG00000186272.14	81	90	9.999000099990002e-05	2.059376111200905e-02
ENSG00000186340.18	81	90	9.999000099990002e-05	2.059376111200905e-02
ENSG00000186350.12	81	90	2.000000000000000e-04	3.728269202633504e-02
ENSG00000186376.17	81	90	9.999000099990002e-05	2.059376111200905e-02
ENSG00000186409.19	81	90	5.000000000000000e-04	7.851466600936653e-02
ENSG00000186417.16	81	90	1.000000000000000e-04	2.059376111200905e-02
ENSG00000186493.14	81	90	1.000000000000000e-04	2.059376111200905e-02
ENSG00000186577.15	81	90	9.999000099990002e-05	2.059376111200905e-02
ENSG00000186603.7	81	90	9.999000099990002e-05	2.059376111200905e-02
ENSG00000186638.18	81	90	9.999000099990002e-05	2.059376111200905e-02
ENSG00000186812.14	81	90	1.000000000000000e-04	2.059376111200905e-02
ENSG00000186871.7	81	90	9.999000099990002e-05	2.059376111200905e-02
ENSG00000186889.11	81	90	9.999000099990002e-05	2.059376111200905e-02
ENSG00000187024.16	81	90	9.999000099990002e-05	2.059376111200905e-02
ENSG00000187049.12	81	90	9.999000099990002e-05	2.059376111200905e-02
ENSG00000187051.10	81	90	9.999000099990002e-05	2.059376111200905e-02
ENSG00000187091.15	81	90	2.000000000000000e-04	3.728269202633504e-02
ENSG00000187118.15	81	90	4.000000000000000e-04	6.548302711036876e-02
ENSG00000187186.16	81	90	9.999000099990002e-05	2.059376111200905e-02
ENSG00000187189.11	81	90	9.999000099990002e-05	2.059376111200905e-02
ENSG00000187193.10	81	90	1.000000000000000e-04	2.059376111200905e-02
ENSG00000187239.20	81	90	5.000000000000000e-04	7.851466600936653e-02
ENSG00000187240.18	81	90	9.999000099990002e-05	2.059376111200905e-02
ENSG00000187266.15	81	90	9.999000099990002e-05	2.059376111200905e-02
ENSG00000187391.23	81	90	9.999000099990002e-05	2.059376111200905e-02
ENSG00000187514.18	81	90	9.999000099990002e-05	2.059376111200905e-02
ENSG00000187531.15	81	90	9.999000099990002e-05	2.059376111200905e-02
ENSG00000187583.12	81	90	9.999000099990002e-05	2.059376111200905e-02
ENSG00000187601.5	81	90	1.000000000000000e-04	2.059376111200905e-02
ENSG00000187608.11	81	90	9.999000099990002e-05	2.059376111200905e-02
ENSG00000187634.14	81	90	9.999000099990002e-05	2.059376111200905e-02
ENSG00000187735.17	81	90	9.999000099990002e-05	2.059376111200905e-02
ENSG00000187736.15	81	90	4.000000000000000e-04	6.548302711036876e-02
ENSG00000187741.17	81	90	9.999000099990002e-05	2.059376111200905e-02
ENSG00000187742.16	81	90	9.999000099990002e-05	2.059376111200905e-02
ENSG00000187866.10	81	90	9.999000099990002e-05	2.059376111200905e-02
ENSG00000187954.15	81	90	1.000000000000000e-04	2.059376111200905e-02
ENSG00000187961.16	81	90	9.999000099990002e-05	2.059376111200905e-02
ENSG00000188010.17	81	90	9.999000099990002e-05	2.059376111200905e-02
ENSG00000188021.9	81	90	9.999000099990002e-05	2.059376111200905e-02
ENSG00000188042.8	81	90	3.000000000000000e-04	5.194194863432531e-02
ENSG00000188064.10	81	90	9.999000099990002e-05	2.059376111200905e-02
ENSG00000188130.15	81	90	9.999000099990002e-05	2.059376111200905e-02
ENSG00000188229.7	81	90	9.999000099990002e-05	2.059376111200905e-02
ENSG00000188242.4	81	90	3.000000000000000e-04	5.194194863432531e-02
ENSG00000188243.15	81	90	9.999000099990002e-05	2.059376111200905e-02
ENSG00000188283.13	81	90	9.999000099990002e-05	2.059376111200905e-02
ENSG00000188290.12	81	90	1.000000000000000e-04	2.059376111200905e-02
ENSG00000188312.15	81	90	9.999000099990002e-05	2.059376111200905e-02
ENSG00000188343.15	81	90	9.999000099990002e-05	2.059376111200905e-02
ENSG00000188368.12	81	90	1.000000000000000e-04	2.059376111200905e-02
ENSG00000188419.15	81	90	3.000000000000000e-04	5.194194863432531e-02
ENSG00000188483.8	81	90	9.999000099990002e-05	2.059376111200905e-02
ENSG00000188486.4	81	90	9.999000099990002e-05	2.059376111200905e-02
ENSG00000188522.17	81	90	9.999000099990002e-05	2.059376111200905e-02
ENSG00000188554.16	81	90	9.999000099990002e-05	2.059376111200905e-02
ENSG00000188566.16	81	90	9.999000099990002e-05	2.059376111200905e-02
ENSG00000188610.13	81	90	9.999000099990002e-05	2.059376111200905e-02
ENSG00000188612.13	81	90	4.000000000000000e-04	6.548302711036876e-02
ENSG00000188641.15	81	90	9.999000099990002e-05	2.059376111200905e-02
ENSG00000188677.15	81	90	9.999000099990002e-05	2.059376111200905e-02
ENSG00000188807.14	81	90	9.999000099990002e-05	2.059376111200905e-02
ENSG00000188827.12	81	90	9.999000099990002e-05	2.059376111200905e-02
ENSG00000188878.21	81	90	9.999000099990002e-05	2.059376111200905e-02
ENSG00000188906.18	81	90	9.999000099990002e-05	2.059376111200905e-02
ENSG00000188976.12	81	90	9.999000099990002e-05	2.059376111200905e-02
ENSG00000188986.9	81	90	1.000000000000000e-04	2.059376111200905e-02
ENSG00000188994.15	81	90	9.999000099990002e-05	2.059376111200905e-02
ENSG00000189042.15	81	90	9.999000099990002e-05	2.059376111200905e-02
ENSG00000189043.11	81	90	5.000000000000000e-04	7.851466600936653e-02
ENSG00000189050.17	81	90	9.999000099990002e-05	2.059376111200905e-02
ENSG00000189052.7	81	90	9.999000099990002e-05	2.059376111200905e-02
ENSG00000189057.12	81	90	9.999000099990002e-05	2.059376111200905e-02
ENSG00000189058.10	81	90	9.999000099990002e-05	2.059376111200905e-02
ENSG00000189079.19	81	90	5.000000000000000e-04	7.851466600936653e-02
ENSG00000189120.6	81	90	5.000000000000000e-04	7.851466600936653e-02
ENSG00000189143.10	81	90	9.999000099990002e-05	2.059376111200905e-02
ENSG00000189159.17	81	90	9.999000099990002e-05	2.059376111200905e-02
ENSG00000189171.17	81	90	3.000000000000000e-04	5.194194863432531e-02
ENSG00000189195.16	81	90	1.000000000000000e-04	2.059376111200905e-02
ENSG00000189227.6	81	90	9.999000099990002e-05	2.059376111200905e-02
ENSG00000189306.13	81	90	9.999000099990002e-05	2.059376111200905e-02
ENSG00000189308.12	81	90	9.999000099990002e-05	2.059376111200905e-02
ENSG00000189319.15	81	90	2.000000000000000e-04	3.728269202633504e-02
ENSG00000189320.9	81	90	5.999999999999999e-04	9.084748663101604e-02
ENSG00000189369.9	81	90	9.999000099990002e-05	2.059376111200905e-02
ENSG00000196081.10	81	90	4.000000000000000e-04	6.548302711036876e-02
ENSG00000196118.13	81	90	9.999000099990002e-05	2.059376111200905e-02
ENSG00000196139.15	81	90	5.999999999999999e-04	9.084748663101604e-02
ENSG00000196141.15	81	90	9.999000099990002e-05	2.059376111200905e-02
ENSG00000196151.12	81	90	9.999000099990002e-05	2.059376111200905e-02
ENSG00000196159.14	81	90	9.999000099990002e-05	2.059376111200905e-02
ENSG00000196199.15	81	90	9.999000099990002e-05	2.059376111200905e-02
ENSG00000196205.8	81	90	3.000000000000000e-04	5.194194863432531e-02
ENSG00000196230.15	81	90	9.999000099990002e-05	2.059376111200905e-02
ENSG00000196263.9	81	90	1.000000000000000e-04	2.059376111200905e-02
ENSG00000196268.12	81	90	9.999000099990002e-05	2.059376111200905e-02
ENSG00000196275.17	81	90	3.000000000000000e-04	5.194194863432531e-02
ENSG00000196295.14	81	90	9.999000099990002e-05	2.059376111200905e-02
ENSG00000196313.14	81	90	9.999000099990002e-05	2.059376111200905e-02
ENSG00000196323.15	81	90	1.000000000000000e-04	2.059376111200905e-02
ENSG00000196337.15	81	90	9.999000099990002e-05	2.059376111200905e-02
ENSG00000196357.13	81	90	1.000000000000000e-04	2.059376111200905e-02
ENSG00000196363.11	81	90	9.999000099990002e-05	2.059376111200905e-02
ENSG00000196396.11	81	90	9.999000099990002e-05	2.059376111200905e-02
ENSG00000196405.14	81	90	9.999000099990002e-05	2.059376111200905e-02
ENSG00000196422.12	81	90	1.000000000000000e-04	2.059376111200905e-02
ENSG00000196453.9	81	90	9.999000099990002e-05	2.059376111200905e-02
ENSG00000196456.14	81	90	1.000000000000000e-04	2.059376111200905e-02
ENSG00000196458.12	81	90	3.000000000000000e-04	5.194194863432531e-02
ENSG00000196459.16	81	90	3.000000000000000e-04	5.194194863432531e-02
ENSG00000196470.13	81	90	9.999000099990002e-05	2.059376111200905e-02
ENSG00000196497.18	81	90	9.999000099990002e-05	2.059376111200905e-02
ENSG00000196498.16	81	90	9.999000099990002e-05	2.059376111200905e-02
ENSG00000196544.8	81	90	9.999000099990002e-05	2.059376111200905e-02
ENSG00000196549.14	81	90	9.999000099990002e-05	2.059376111200905e-02
ENSG00000196562.17	81	90	9.999000099990002e-05	2.059376111200905e-02
ENSG00000196584.4	81	90	9.999000099990002e-05	2.059376111200905e-02
ENSG00000196616.16	81	90	2.000000000000000e-04	3.728269202633504e-02
ENSG00000196642.20	81	90	9.999000099990002e-05	2.059376111200905e-02
ENSG00000196653.13	81	90	9.999000099990002e-05	2.059376111200905e-02
ENSG00000196683.12	81	90	9.999000099990002e-05	2.059376111200905e-02
ENSG00000196704.15	81	90	9.999000099990002e-05	2.059376111200905e-02
ENSG00000196730.14	81	90	3.000000000000000e-04	5.194194863432531e-02
ENSG00000196741.6	81	90	9.999000099990002e-05	2.059376111200905e-02
ENSG00000196754.14	81	90	5.999999999999999e-04	9.084748663101604e-02
ENSG00000196776.18	81	90	9.999000099990002e-05	2.059376111200905e-02
ENSG00000196787.5	81	90	2.000000000000000e-04	3.728269202633504e-02
ENSG00000196821.11	81	90	5.000000000000000e-04	7.851466600936653e-02
ENSG00000196878.16	81	90	9.999000099990002e-05	2.059376111200905e-02
ENSG00000196937.13	81	90	1.000000000000000e-04	2.059376111200905e-02
ENSG00000196954.14	81	90	9.999000099990002e-05	2.059376111200905e-02
ENSG00000196961.14	81	90	9.999000099990002e-05	2.059376111200905e-02
ENSG00000196968.11	81	90	9.999000099990002e-05	2.059376111200905e-02
ENSG00000196981.5	81	90	1.000000000000000e-04	2.059376111200905e-02
ENSG00000197006.16	81	90	5.000000000000000e-04	7.851466600936653e-02
ENSG00000197016.13	81	90	9.999000099990002e-05	2.059376111200905e-02
ENSG00000197019.6	81	90	9.999000099990002e-05	2.059376111200905e-02
ENSG00000197062.13	81	90	1.000000000000000e-04	2.059376111200905e-02
ENSG00000197106.8	81	90	3.000000000000000e-04	5.194194863432531e-02
ENSG00000197114.13	81	90	9.999000099990002e-05	2.059376111200905e-02
ENSG00000197136.6	81	90	9.999000099990002e-05	2.059376111200905e-02
ENSG00000197150.14	81	90	9.999000099990002e-05	2.059376111200905e-02
ENSG00000197182.17	81	90	9.999000099990002e-05	2.059376111200905e-02
ENSG00000197256.12	81	90	9.999000099990002e-05	2.059376111200905e-02
ENSG00000197275.15	81	90	9.999000099990002e-05	2.059376111200905e-02
ENSG00000197299.14	81	90	9.999000099990002e-05	2.059376111200905e-02
ENSG00000197332.10	81	90	9.999000099990002e-05	2.059376111200905e-02
ENSG00000197355.12	81	90	3.000000000000000e-04	5.194194863432531e-02
ENSG00000197362.16	81	90	2.000000000000000e-04	3.728269202633504e-02
ENSG00000197381.19	81	90	9.999000099990002e-05	2.059376111200905e-02
ENSG00000197417.9	81	90	2.000000000000000e-04	3.728269202633504e-02
ENSG00000197429.12	81	90	3.000000000000000e-04	5.194194863432531e-02
ENSG00000197451.13	81	90	9.999000099990002e-05	2.059376111200905e-02
ENSG00000197467.17	81	90	1.000000000000000e-04	2.059376111200905e-02
ENSG00000197472.15	81	90	5.999999999999999e-04	9.084748663101604e-02
ENSG00000197483.11	81	90	9.999000099990002e-05	2.059376111200905e-02
ENSG00000197496.7	81	90	9.999000099990002e-05	2.059376111200905e-02
ENSG00000197530.14	81	90	9.999000099990002e-05	2.059376111200905e-02
ENSG00000197536.12	81	90	9.999000099990002e-05	2.059376111200905e-02
ENSG00000197557.7	81	90	9.999000099990002e-05	2.059376111200905e-02
ENSG00000197562.11	81	90	3.000000000000000e-04	5.194194863432531e-02
ENSG00000197568.16	81	90	1.000000000000000e-04	2.059376111200905e-02
ENSG00000197694.20	81	90	5.000000000000000e-04	7.851466600936653e-02
ENSG00000197702.15	81	90	5.000000000000000e-04	7.851466600936653e-02
ENSG00000197746.16	81	90	9.999000099990002e-05	2.059376111200905e-02
ENSG00000197776.9	81	90	5.999999999999999e-04	9.084748663101604e-02
ENSG00000197785.15	81	90	9.999000099990002e-05	2.059376111200905e-02
ENSG00000197798.10	81	90	9.999000099990002e-05	2.059376111200905e-02
ENSG00000197816.17	81	90	1.000000000000000e-04	2.059376111200905e-02
ENSG00000197858.13	81	90	9.999000099990002e-05	2.059376111200905e-02
ENSG00000197860.11	81	90	2.000000000000000e-04	3.728269202633504e-02
ENSG00000197885.12	81	90	4.000000000000000e-04	6.548302711036876e-02
ENSG00000197894.13	81	90	9.999000099990002e-05	2.059376111200905e-02
ENSG00000197951.12	81	90	9.999000099990002e-05	2.059376111200905e-02
ENSG00000197958.14	81	90	9.999000099990002e-05	2.059376111200905e-02
ENSG00000197971.16	81	90	9.999000099990002e-05	2.059376111200905e-02
ENSG00000197976.13	81	90	9.999000099990002e-05	2.059376111200905e-02
ENSG00000198001.17	81	90	1.000000000000000e-04	2.059376111200905e-02
ENSG00000198026.9	81	90	9.999000099990002e-05	2.059376111200905e-02
ENSG00000198040.12	81	90	3.000000000000000e-04	5.194194863432531e-02
ENSG00000198046.14	81	90	9.999000099990002e-05	2.059376111200905e-02
ENSG00000198055.12	81	90	9.999000099990002e-05	2.059376111200905e-02
ENSG00000198056.17	81	90	9.999000099990002e-05	2.059376111200905e-02
ENSG00000198113.4	81	90	5.000000000000000e-04	7.851466600936653e-02
ENSG00000198146.5	81	90	9.999000099990002e-05	2.059376111200905e-02
ENSG00000198160.15	81	90	2.000000000000000e-04	3.728269202633504e-02
ENSG00000198171.14	81	90	2.000000000000000e-04	3.728269202633504e-02
ENSG00000198176.14	81	90	9.999000099990002e-05	2.059376111200905e-02
ENSG00000198189.12	81	90	9.999000099990002e-05	2.059376111200905e-02
ENSG00000198205.7	81	90	1.000000000000000e-04	2.059376111200905e-02
ENSG00000198276.17	81	90	9.999000099990002e-05	2.059376111200905e-02
ENSG00000198315.12	81	90	2.000000000000000e-04	3.728269202633504e-02
ENSG00000198324.15	81	90	2.000000000000000e-04	3.728269202633504e-02
ENSG00000198331.12	81	90	9.999000099990002e-05	2.059376111200905e-02
ENSG00000198355.6	81	90	9.999000099990002e-05	2.059376111200905e-02
ENSG00000198406.7	81	90	1.000000000000000e-04	2.059376111200905e-02
ENSG00000198408.15	81	90	4.000000000000000e-04	6.548302711036876e-02
ENSG00000198453.16	81	90	4.000000000000000e-04	6.548302711036876e-02
ENSG00000198455.5	81	90	9.999000099990002e-05	2.059376111200905e-02
ENSG00000198478.10	81	90	9.999000099990002e-05	2.059376111200905e-02
ENSG00000198517.11	81	90	9.999000099990002e-05	2.059376111200905e-02
ENSG00000198542.16	81	90	1.000000000000000e-04	2.059376111200905e-02
ENSG00000198554.13	81	90	9.999000099990002e-05	2.059376111200905e-02
ENSG00000198576.4	81	90	1.000000000000000e-04	2.059376111200905e-02
ENSG00000198598.8	81	90	1.000000000000000e-04	2.059376111200905e-02
ENSG00000198673.12	81	90	1.000000000000000e-04	2.059376111200905e-02
ENSG00000198677.14	81	90	1.000000000000000e-04	2.059376111200905e-02
ENSG00000198680.6	81	90	3.000000000000000e-04	5.194194863432531e-02
ENSG00000198695.2	81	90	9.999000099990002e-05	2.059376111200905e-02
ENSG00000198718.14	81	90	9.999000099990002e-05	2.059376111200905e-02
ENSG00000198730.10	81	90	9.999000099990002e-05	2.059376111200905e-02
ENSG00000198740.10	81	90	9.999000099990002e-05	2.059376111200905e-02
ENSG00000198742.11	81	90	9.999000099990002e-05	2.059376111200905e-02
ENSG00000198768.12	81	90	9.999000099990002e-05	2.059376111200905e-02
ENSG00000198774.5	81	90	9.999000099990002e-05	2.059376111200905e-02
ENSG00000198795.12	81	90	9.999000099990002e-05	2.059376111200905e-02
ENSG00000198796.8	81	90	9.999000099990002e-05	2.059376111200905e-02
ENSG00000198805.13	81	90	9.999000099990002e-05	2.059376111200905e-02
ENSG00000198826.12	81	90	9.999000099990002e-05	2.059376111200905e-02
ENSG00000198833.8	81	90	9.999000099990002e-05	2.059376111200905e-02
ENSG00000198839.11	81	90	9.999000099990002e-05	2.059376111200905e-02
ENSG00000198901.15	81	90	9.999000099990002e-05	2.059376111200905e-02
ENSG00000198918.9	81	90	9.999000099990002e-05	2.059376111200905e-02
ENSG00000198939.9	81	90	9.999000099990002e-05	2.059376111200905e-02
ENSG00000203392.3	81	90	3.000000000000000e-04	5.194194863432531e-02
ENSG00000203485.15	81	90	9.999000099990002e-05	2.059376111200905e-02
ENSG00000203644.3	81	90	9.999000099990002e-05	2.059376111200905e-02
ENSG00000203709.15	81	90	9.999000099990002e-05	2.059376111200905e-02
ENSG00000203760.10	81	90	9.999000099990002e-05	2.059376111200905e-02
ENSG00000203880.14	81	90	9.999000099990002e-05	2.059376111200905e-02
ENSG00000203896.11	81	90	9.999000099990002e-05	2.059376111200905e-02
ENSG00000203999.11	81	90	2.000000000000000e-04	3.728269202633504e-02
ENSG00000204054.15	81	90	9.999000099990002e-05	2.059376111200905e-02
ENSG00000204084.15	81	90	9.999000099990002e-05	2.059376111200905e-02
ENSG00000204160.13	81	90	3.000000000000000e-04	5.194194863432531e-02
ENSG00000204217.16	81	90	2.000000000000000e-04	3.728269202633504e-02
ENSG00000204227.6	81	90	9.999000099990002e-05	2.059376111200905e-02
ENSG00000204237.6	81	90	9.999000099990002e-05	2.059376111200905e-02
ENSG00000204271.13	81	90	9.999000099990002e-05	2.059376111200905e-02
ENSG00000204311.16	81	90	9.999000099990002e-05	2.059376111200905e-02
ENSG00000204316.14	81	90	9.999000099990002e-05	2.059376111200905e-02
ENSG00000204351.14	81	90	9.999000099990002e-05	2.059376111200905e-02
ENSG00000204370.15	81	90	9.999000099990002e-05	2.059376111200905e-02
ENSG00000204387.15	81	90	9.999000099990002e-05	2.059376111200905e-02
ENSG00000204392.12	81	90	9.999000099990002e-05	2.059376111200905e-02
ENSG00000204410.16	81	90	2.000000000000000e-04	3.728269202633504e-02
ENSG00000204427.13	81	90	2.000000000000000e-04	3.728269202633504e-02
ENSG00000204560.11	81	90	1.000000000000000e-04	2.059376111200905e-02
ENSG00000204634.14	81	90	4.000000000000000e-04	6.548302711036876e-02
ENSG00000204673.12	81	90	9.999000099990002e-05	2.059376111200905e-02
ENSG00000204713.12	81	90	9.999000099990002e-05	2.059376111200905e-02
ENSG00000204822.8	81	90	9.999000099990002e-05	2.059376111200905e-02
ENSG00000204852.18	81	90	9.999000099990002e-05	2.059376111200905e-02
ENSG00000204920.12	81	90	3.000000000000000e-04	5.194194863432531e-02
ENSG00000204922.6	81	90	9.999000099990002e-05	2.059376111200905e-02
ENSG00000204977.11	81	90	1.000000000000000e-04	2.059376111200905e-02
ENSG00000205133.13	81	90	5.000000000000000e-04	7.851466600936653e-02
ENSG00000205221.14	81	90	4.000000000000000e-04	6.548302711036876e-02
ENSG00000205302.8	81	90	9.999000099990002e-05	2.059376111200905e-02
ENSG00000205309.15	81	90	5.999999999999999e-04	9.084748663101604e-02
ENSG00000205426.11	81	90	9.999000099990002e-05	2.059376111200905e-02
ENSG00000205476.9	81	90	9.999000099990002e-05	2.059376111200905e-02
ENSG00000205609.14	81	90	9.999000099990002e-05	2.059376111200905e-02
ENSG00000205670.13	81	90	1.000000000000000e-04	2.059376111200905e-02
ENSG00000205707.12	81	90	5.999999999999999e-04	9.084748663101604e-02
ENSG00000205746.10	81	90	9.999000099990002e-05	2.059376111200905e-02
ENSG00000205765.11	81	90	9.999000099990002e-05	2.059376111200905e-02
ENSG00000205885.9	81	90	5.000000000000000e-04	7.851466600936653e-02
ENSG00000205937.12	81	90	9.999000099990002e-05	2.059376111200905e-02
ENSG00000206053.14	81	90	9.999000099990002e-05	2.059376111200905e-02
ENSG00000206195.12	81	90	5.999999999999999e-04	9.084748663101604e-02
ENSG00000206418.5	81	90	9.999000099990002e-05	2.059376111200905e-02
ENSG00000206538.10	81	90	4.000000000000000e-04	6.548302711036876e-02
ENSG00000212724.3	81	90	9.999000099990002e-05	2.059376111200905e-02
ENSG00000213024.14	81	90	1.000000000000000e-04	2.059376111200905e-02
ENSG00000213030.7	81	90	9.999000099990002e-05	2.059376111200905e-02
ENSG00000213139.8	81	90	2.000000000000000e-04	3.728269202633504e-02
ENSG00000213178.3	81	90	1.000000000000000e-04	2.059376111200905e-02
ENSG00000213185.8	81	90	5.000000000000000e-04	7.851466600936653e-02
ENSG00000213214.7	81	90	3.000000000000000e-04	5.194194863432531e-02
ENSG00000213221.6	81	90	9.999000099990002e-05	2.059376111200905e-02
ENSG00000213235.3	81	90	2.000000000000000e-04	3.728269202633504e-02
ENSG00000213337.10	81	90	1.000000000000000e-04	2.059376111200905e-02
ENSG00000213347.12	81	90	9.999000099990002e-05	2.059376111200905e-02
ENSG00000213366.14	81	90	9.999000099990002e-05	2.059376111200905e-02
ENSG00000213551.8	81	90	9.999000099990002e-05	2.059376111200905e-02
ENSG00000213563.7	81	90	3.000000000000000e-04	5.194194863432531e-02
ENSG00000213599.10	81	90	1.000000000000000e-04	2.059376111200905e-02
ENSG00000213614.12	81	90	9.999000099990002e-05	2.059376111200905e-02
ENSG00000213625.9	81	90	1.000000000000000e-04	2.059376111200905e-02
ENSG00000213638.7	81	90	9.999000099990002e-05	2.059376111200905e-02
ENSG00000213639.12	81	90	9.999000099990002e-05	2.059376111200905e-02
ENSG00000213782.8	81	90	1.000000000000000e-04	2.059376111200905e-02
ENSG00000213853.11	81	90	2.000000000000000e-04	3.728269202633504e-02
ENSG00000213859.8	81	90	9.999000099990002e-05	2.059376111200905e-02
ENSG00000213888.4	81	90	3.000000000000000e-04	5.194194863432531e-02
ENSG00000213923.14	81	90	2.000000000000000e-04	3.728269202633504e-02
ENSG00000213949.10	81	90	2.000000000000000e-04	3.728269202633504e-02
ENSG00000213967.12	81	90	9.999000099990002e-05	2.059376111200905e-02
ENSG00000213977.9	81	90	4.000000000000000e-04	6.548302711036876e-02
ENSG00000213988.11	81	90	3.000000000000000e-04	5.194194863432531e-02
ENSG00000214021.19	81	90	9.999000099990002e-05	2.059376111200905e-02
ENSG00000214022.13	81	90	9.999000099990002e-05	2.059376111200905e-02
ENSG00000214309.6	81	90	4.000000000000000e-04	6.548302711036876e-02
ENSG00000214357.10	81	90	4.000000000000000e-04	6.548302711036876e-02
ENSG00000214558.5	81	90	9.999000099990002e-05	2.059376111200905e-02
ENSG00000214575.11	81	90	9.999000099990002e-05	2.059376111200905e-02
ENSG00000214688.7	81	90	2.000000000000000e-04	3.728269202633504e-02
ENSG00000214706.13	81	90	9.999000099990002e-05	2.059376111200905e-02
ENSG00000214719.14	81	90	9.999000099990002e-05	2.059376111200905e-02
ENSG00000215012.9	81	90	5.999999999999999e-04	9.084748663101604e-02
ENSG00000215039.10	81	90	9.999000099990002e-05	2.059376111200905e-02
ENSG00000215193.15	81	90	1.000000000000000e-04	2.059376111200905e-02
ENSG00000215717.8	81	90	9.999000099990002e-05	2.059376111200905e-02
ENSG00000215769.9	81	90	9.999000099990002e-05	2.059376111200905e-02
ENSG00000215784.7	81	90	9.999000099990002e-05	2.059376111200905e-02
ENSG00000217128.14	81	90	9.999000099990002e-05	2.059376111200905e-02
ENSG00000217555.13	81	90	1.000000000000000e-04	2.059376111200905e-02
ENSG00000218980.2	81	90	4.000000000000000e-04	6.548302711036876e-02
ENSG00000219545.13	81	90	9.999000099990002e-05	2.059376111200905e-02
ENSG00000219626.10	81	90	9.999000099990002e-05	2.059376111200905e-02
ENSG00000220205.11	81	90	9.999000099990002e-05	2.059376111200905e-02
ENSG00000221821.4	81	90	9.999000099990002e-05	2.059376111200905e-02
ENSG00000221829.12	81	90	9.999000099990002e-05	2.059376111200905e-02
ENSG00000221869.5	81	90	1.000000000000000e-04	2.059376111200905e-02
ENSG00000221909.4	81	90	9.999000099990002e-05	2.059376111200905e-02
ENSG00000221926.14	81	90	9.999000099990002e-05	2.059376111200905e-02
ENSG00000221990.5	81	90	5.999999999999999e-04	9.084748663101604e-02
ENSG00000222000.8	81	90	5.000000000000000e-04	7.851466600936653e-02
ENSG00000222032.3	81	90	9.999000099990002e-05	2.059376111200905e-02
ENSG00000223501.10	81	90	2.000000000000000e-04	3.728269202633504e-02
ENSG00000223784.3	81	90	9.999000099990002e-05	2.059376111200905e-02
ENSG00000223822.2	81	90	9.999000099990002e-05	2.059376111200905e-02
ENSG00000223891.8	81	90	9.999000099990002e-05	2.059376111200905e-02
ENSG00000224051.8	81	90	9.999000099990002e-05	2.059376111200905e-02
ENSG00000224505.5	81	90	5.000000000000000e-04	7.851466600936653e-02
ENSG00000224596.10	81	90	1.000000000000000e-04	2.059376111200905e-02
ENSG00000224660.2	81	90	4.000000000000000e-04	6.548302711036876e-02
ENSG00000224861.1	81	90	9.999000099990002e-05	2.059376111200905e-02
ENSG00000225031.1	81	90	9.999000099990002e-05	2.059376111200905e-02
ENSG00000225649.8	81	90	2.000000000000000e-04	3.728269202633504e-02
ENSG00000225663.9	81	90	9.999000099990002e-05	2.059376111200905e-02
ENSG00000225783.10	81	90	4.000000000000000e-04	6.548302711036876e-02
ENSG00000225953.6	81	90	9.999000099990002e-05	2.059376111200905e-02
ENSG00000226237.5	81	90	9.999000099990002e-05	2.059376111200905e-02
ENSG00000226564.1	81	90	2.000000000000000e-04	3.728269202633504e-02
ENSG00000226688.10	81	90	3.000000000000000e-04	5.194194863432531e-02
ENSG00000226696.9	81	90	9.999000099990002e-05	2.059376111200905e-02
ENSG00000226824.9	81	90	1.000000000000000e-04	2.059376111200905e-02
ENSG00000226889.5	81	90	9.999000099990002e-05	2.059376111200905e-02
ENSG00000226935.7	81	90	1.000000000000000e-04	2.059376111200905e-02
ENSG00000226992.2	81	90	9.999000099990002e-05	2.059376111200905e-02
ENSG00000227145.3	81	90	1.000000000000000e-04	2.059376111200905e-02
ENSG00000227500.12	81	90	9.999000099990002e-05	2.059376111200905e-02
ENSG00000227946.4	81	90	9.999000099990002e-05	2.059376111200905e-02
ENSG00000227963.3	81	90	9.999000099990002e-05	2.059376111200905e-02
ENSG00000228223.4	81	90	9.999000099990002e-05	2.059376111200905e-02
ENSG00000228300.15	81	90	9.999000099990002e-05	2.059376111200905e-02
ENSG00000228430.10	81	90	5.999999999999999e-04	9.084748663101604e-02
ENSG00000228526.9	81	90	9.999000099990002e-05	2.059376111200905e-02
ENSG00000228594.4	81	90	9.999000099990002e-05	2.059376111200905e-02
ENSG00000228649.12	81	90	1.000000000000000e-04	2.059376111200905e-02
ENSG00000228672.4	81	90	9.999000099990002e-05	2.059376111200905e-02
ENSG00000228716.8	81	90	9.999000099990002e-05	2.059376111200905e-02
ENSG00000228784.10	81	90	9.999000099990002e-05	2.059376111200905e-02
ENSG00000228998.4	81	90	3.000000000000000e-04	5.194194863432531e-02
ENSG00000229124.9	81	90	9.999000099990002e-05	2.059376111200905e-02
ENSG00000229152.2	81	90	9.999000099990002e-05	2.059376111200905e-02
ENSG00000229847.10	81	90	3.000000000000000e-04	5.194194863432531e-02
ENSG00000229931.4	81	90	9.999000099990002e-05	2.059376111200905e-02
ENSG00000229944.3	81	90	2.000000000000000e-04	3.728269202633504e-02
ENSG00000230043.1	81	90	4.000000000000000e-04	6.548302711036876e-02
ENSG00000230091.7	81	90	2.000000000000000e-04	3.728269202633504e-02
ENSG00000230551.4	81	90	1.000000000000000e-04	2.059376111200905e-02
ENSG00000230590.13	81	90	9.999000099990002e-05	2.059376111200905e-02
ENSG00000230630.6	81	90	9.999000099990002e-05	2.059376111200905e-02
ENSG00000230989.9	81	90	9.999000099990002e-05	2.059376111200905e-02
ENSG00000231160.13	81	90	9.999000099990002e-05	2.059376111200905e-02
ENSG00000231290.8	81	90	9.999000099990002e-05	2.059376111200905e-02
ENSG00000231312.9	81	90	9.999000099990002e-05	2.059376111200905e-02
ENSG00000231672.9	81	90	3.000000000000000e-04	5.194194863432531e-02
ENSG00000231890.11	81	90	9.999000099990002e-05	2.059376111200905e-02
ENSG00000231925.15	81	90	5.999999999999999e-04	9.084748663101604e-02
ENSG00000232104.6	81	90	5.000000000000000e-04	7.851466600936653e-02
ENSG00000232434.4	81	90	9.999000099990002e-05	2.059376111200905e-02
ENSG00000232453.8	81	90	9.999000099990002e-05	2.059376111200905e-02
ENSG00000232573.1	81	90	9.999000099990002e-05	2.059376111200905e-02
ENSG00000232788.3	81	90	1.000000000000000e-04	2.059376111200905e-02
ENSG00000232855.8	81	90	1.000000000000000e-04	2.059376111200905e-02
ENSG00000232859.11	81	90	9.999000099990002e-05	2.059376111200905e-02
ENSG00000232973.15	81	90	5.000000000000000e-04	7.851466600936653e-02
ENSG00000233024.7	81	90	9.999000099990002e-05	2.059376111200905e-02
ENSG00000233178.8	81	90	4.000000000000000e-04	6.548302711036876e-02
ENSG00000233237.10	81	90	9.999000099990002e-05	2.059376111200905e-02
ENSG00000233384.4	81	90	4.000000000000000e-04	6.548302711036876e-02
ENSG00000233396.10	81	90	2.000000000000000e-04	3.728269202633504e-02
ENSG00000233554.7	81	90	9.999000099990002e-05	2.059376111200905e-02
ENSG00000233901.9	81	90	9.999000099990002e-05	2.059376111200905e-02
ENSG00000234456.11	81	90	9.999000099990002e-05	2.059376111200905e-02
ENSG00000234546.6	81	90	9.999000099990002e-05	2.059376111200905e-02
ENSG00000234608.10	81	90	9.999000099990002e-05	2.059376111200905e-02
ENSG00000234684.9	81	90	4.000000000000000e-04	6.548302711036876e-02
ENSG00000234741.11	81	90	9.999000099990002e-05	2.059376111200905e-02
ENSG00000234857.2	81	90	1.000000000000000e-04	2.059376111200905e-02
ENSG00000235092.8	81	90	5.999999999999999e-04	9.084748663101604e-02
ENSG00000235173.7	81	90	9.999000099990002e-05	2.059376111200905e-02
ENSG00000235288.4	81	90	5.000000000000000e-04	7.851466600936653e-02
ENSG00000235531.12	81	90	4.000000000000000e-04	6.548302711036876e-02
ENSG00000235636.1	81	90	9.999000099990002e-05	2.059376111200905e-02
ENSG00000235823.6	81	90	4.000000000000000e-04	6.548302711036876e-02
ENSG00000235997.5	81	90	9.999000099990002e-05	2.059376111200905e-02
ENSG00000236287.9	81	90	9.999000099990002e-05	2.059376111200905e-02
ENSG00000236432.8	81	90	9.999000099990002e-05	2.059376111200905e-02
ENSG00000236548.4	81	90	9.999000099990002e-05	2.059376111200905e-02
ENSG00000236756.5	81	90	4.000000000000000e-04	6.548302711036876e-02
ENSG00000236778.10	81	90	4.000000000000000e-04	6.548302711036876e-02
ENSG00000237188.6	81	90	9.999000099990002e-05	2.059376111200905e-02
ENSG00000237190.4	81	90	1.000000000000000e-04	2.059376111200905e-02
ENSG00000237440.10	81	90	1.000000000000000e-04	2.059376111200905e-02
ENSG00000237649.9	81	90	9.999000099990002e-05	2.059376111200905e-02
ENSG00000237765.9	81	90	9.999000099990002e-05	2.059376111200905e-02
ENSG00000237803.7	81	90	1.000000000000000e-04	2.059376111200905e-02
ENSG00000238083.10	81	90	3.000000000000000e-04	5.194194863432531e-02
ENSG00000238227.9	81	90	9.999000099990002e-05	2.059376111200905e-02
ENSG00000239305.8	81	90	9.999000099990002e-05	2.059376111200905e-02
ENSG00000239306.6	81	90	9.999000099990002e-05	2.059376111200905e-02
ENSG00000239672.9	81	90	1.000000000000000e-04	2.059376111200905e-02
ENSG00000239857.8	81	90	9.999000099990002e-05	2.059376111200905e-02
ENSG00000240184.7	81	90	1.000000000000000e-04	2.059376111200905e-02
ENSG00000240303.9	81	90	9.999000099990002e-05	2.059376111200905e-02
ENSG00000240583.15	81	90	1.000000000000000e-04	2.059376111200905e-02
ENSG00000240771.9	81	90	9.999000099990002e-05	2.059376111200905e-02
ENSG00000240809.1	81	90	9.999000099990002e-05	2.059376111200905e-02
ENSG00000240972.3	81	90	9.999000099990002e-05	2.059376111200905e-02
ENSG00000241360.2	81	90	1.000000000000000e-04	2.059376111200905e-02
ENSG00000241399.8	81	90	9.999000099990002e-05	2.059376111200905e-02
ENSG00000241472.9	81	90	1.000000000000000e-04	2.059376111200905e-02
ENSG00000241553.14	81	90	9.999000099990002e-05	2.059376111200905e-02
ENSG00000241634.1	81	90	9.999000099990002e-05	2.059376111200905e-02
ENSG00000241644.2	81	90	1.000000000000000e-04	2.059376111200905e-02
ENSG00000241684.9	81	90	9.999000099990002e-05	2.059376111200905e-02
ENSG00000241697.6	81	90	9.999000099990002e-05	2.059376111200905e-02
ENSG00000242114.7	81	90	9.999000099990002e-05	2.059376111200905e-02
ENSG00000242147.4	81	90	9.999000099990002e-05	2.059376111200905e-02
ENSG00000242259.10	81	90	9.999000099990002e-05	2.059376111200905e-02
ENSG00000242612.8	81	90	2.000000000000000e-04	3.728269202633504e-02
ENSG00000242616.5	81	90	9.999000099990002e-05	2.059376111200905e-02
ENSG00000242802.10	81	90	9.999000099990002e-05	2.059376111200905e-02
ENSG00000242861.1	81	90	9.999000099990002e-05	2.059376111200905e-02
ENSG00000243156.9	81	90	9.999000099990002e-05	2.059376111200905e-02
ENSG00000243199.1	81	90	9.999000099990002e-05	2.059376111200905e-02
ENSG00000243207.6	81	90	9.999000099990002e-05	2.059376111200905e-02
ENSG00000243244.8	81	90	9.999000099990002e-05	2.059376111200905e-02
ENSG00000243335.10	81	90	9.999000099990002e-05	2.059376111200905e-02
ENSG00000243449.9	81	90	9.999000099990002e-05	2.059376111200905e-02
ENSG00000243477.7	81	90	3.000000000000000e-04	5.194194863432531e-02
ENSG00000243509.7	81	90	9.999000099990002e-05	2.059376111200905e-02
ENSG00000243646.12	81	90	9.999000099990002e-05	2.059376111200905e-02
ENSG00000243725.8	81	90	9.999000099990002e-05	2.059376111200905e-02
ENSG00000243749.3	81	90	9.999000099990002e-05	2.059376111200905e-02
ENSG00000243943.11	81	90	5.999999999999999e-04	9.084748663101604e-02
ENSG00000243978.9	81	90	2.000000000000000e-04	3.728269202633504e-02
ENSG00000244270.1	81	90	9.999000099990002e-05	2.059376111200905e-02
ENSG00000244398.1	81	90	2.000000000000000e-04	3.728269202633504e-02
ENSG00000244405.9	81	90	9.999000099990002e-05	2.059376111200905e-02
ENSG00000244694.8	81	90	2.000000000000000e-04	3.728269202633504e-02
ENSG00000244754.10	81	90	9.999000099990002e-05	2.059376111200905e-02
ENSG00000245060.9	81	90	9.999000099990002e-05	2.059376111200905e-02
ENSG00000245149.7	81	90	9.999000099990002e-05	2.059376111200905e-02
ENSG00000245205.3	81	90	4.000000000000000e-04	6.548302711036876e-02
ENSG00000245522.2	81	90	9.999000099990002e-05	2.059376111200905e-02
ENSG00000245680.12	81	90	4.000000000000000e-04	6.548302711036876e-02
ENSG00000245694.13	81	90	9.999000099990002e-05	2.059376111200905e-02
ENSG00000245812.6	81	90	4.000000000000000e-04	6.548302711036876e-02
ENSG00000245849.9	81	90	1.000000000000000e-04	2.059376111200905e-02
ENSG00000246090.10	81	90	4.000000000000000e-04	6.548302711036876e-02
ENSG00000246430.10	81	90	4.000000000000000e-04	6.548302711036876e-02
ENSG00000246695.10	81	90	1.000000000000000e-04	2.059376111200905e-02
ENSG00000247077.9	81	90	9.999000099990002e-05	2.059376111200905e-02
ENSG00000247317.6	81	90	5.999999999999999e-04	9.084748663101604e-02
ENSG00000247596.11	81	90	9.999000099990002e-05	2.059376111200905e-02
ENSG00000247934.4	81	90	9.999000099990002e-05	2.059376111200905e-02
ENSG00000247950.10	81	90	9.999000099990002e-05	2.059376111200905e-02
ENSG00000248333.10	81	90	1.000000000000000e-04	2.059376111200905e-02
ENSG00000248527.1	81	90	3.000000000000000e-04	5.194194863432531e-02
ENSG00000248643.5	81	90	1.000000000000000e-04	2.059376111200905e-02
ENSG00000248710.1	81	90	2.000000000000000e-04	3.728269202633504e-02
ENSG00000248866.2	81	90	5.999999999999999e-04	9.084748663101604e-02
ENSG00000248927.2	81	90	9.999000099990002e-05	2.059376111200905e-02
ENSG00000249115.10	81	90	2.000000000000000e-04	3.728269202633504e-02
ENSG00000249264.1	81	90	5.999999999999999e-04	9.084748663101604e-02
ENSG00000249279.7	81	90	1.000000000000000e-04	2.059376111200905e-02
ENSG00000249669.13	81	90	5.999999999999999e-04	9.084748663101604e-02
ENSG00000249709.8	81	90	1.000000000000000e-04	2.059376111200905e-02
ENSG00000249915.10	81	90	9.999000099990002e-05	2.059376111200905e-02
ENSG00000249992.2	81	90	9.999000099990002e-05	2.059376111200905e-02
ENSG00000250091.3	81	90	1.000000000000000e-04	2.059376111200905e-02
ENSG00000250182.3	81	90	1.000000000000000e-04	2.059376111200905e-02
ENSG00000250251.7	81	90	9.999000099990002e-05	2.059376111200905e-02
ENSG00000250264.1	81	90	9.999000099990002e-05	2.059376111200905e-02
ENSG00000250273.1	81	90	9.999000099990002e-05	2.059376111200905e-02
ENSG00000250317.10	81	90	1.000000000000000e-04	2.059376111200905e-02
ENSG00000250575.1	81	90	9.999000099990002e-05	2.059376111200905e-02
ENSG00000250697.3	81	90	3.000000000000000e-04	5.194194863432531e-02
ENSG00000250722.6	81	90	3.000000000000000e-04	5.194194863432531e-02
ENSG00000250903.12	81	90	9.999000099990002e-05	2.059376111200905e-02
ENSG00000251247.14	81	90	9.999000099990002e-05	2.059376111200905e-02
ENSG00000251349.3	81	90	3.000000000000000e-04	5.194194863432531e-02
ENSG00000251364.10	81	90	9.999000099990002e-05	2.059376111200905e-02
ENSG00000251432.9	81	90	9.999000099990002e-05	2.059376111200905e-02
ENSG00000251493.5	81	90	9.999000099990002e-05	2.059376111200905e-02
ENSG00000251615.3	81	90	9.999000099990002e-05	2.059376111200905e-02
ENSG00000253352.10	81	90	4.000000000000000e-04	6.548302711036876e-02
ENSG00000253368.5	81	90	9.999000099990002e-05	2.059376111200905e-02
ENSG00000253719.4	81	90	9.999000099990002e-05	2.059376111200905e-02
ENSG00000253729.10	81	90	9.999000099990002e-05	2.059376111200905e-02
ENSG00000253861.1	81	90	9.999000099990002e-05	2.059376111200905e-02
ENSG00000254004.8	81	90	9.999000099990002e-05	2.059376111200905e-02
ENSG00000254093.10	81	90	9.999000099990002e-05	2.059376111200905e-02
ENSG00000254109.7	81	90	1.000000000000000e-04	2.059376111200905e-02
ENSG00000254470.4	81	90	9.999000099990002e-05	2.059376111200905e-02
ENSG00000254635.7	81	90	3.000000000000000e-04	5.194194863432531e-02
ENSG00000254732.2	81	90	1.000000000000000e-04	2.059376111200905e-02
ENSG00000254772.11	81	90	9.999000099990002e-05	2.059376111200905e-02
ENSG00000254810.3	81	90	5.000000000000000e-04	7.851466600936653e-02
ENSG00000254901.9	81	90	5.999999999999999e-04	9.084748663101604e-02
ENSG00000254929.6	81	90	4.000000000000000e-04	6.548302711036876e-02
ENSG00000254999.5	81	90	9.999000099990002e-05	2.059376111200905e-02
ENSG00000255248.11	81	90	9.999000099990002e-05	2.059376111200905e-02
ENSG00000255529.9	81	90	1.000000000000000e-04	2.059376111200905e-02
ENSG00000255690.3	81	90	9.999000099990002e-05	2.059376111200905e-02
ENSG00000255737.2	81	90	9.999000099990002e-05	2.059376111200905e-02
ENSG00000255837.2	81	90	3.000000000000000e-04	5.194194863432531e-02
ENSG00000256028.2	81	90	1.000000000000000e-04	2.059376111200905e-02
ENSG00000256043.6	81	90	9.999000099990002e-05	2.059376111200905e-02
ENSG00000256223.7	81	90	9.999000099990002e-05	2.059376111200905e-02
ENSG00000256269.12	81	90	9.999000099990002e-05	2.059376111200905e-02
ENSG00000256294.9	81	90	9.999000099990002e-05	2.059376111200905e-02
ENSG00000256628.6	81	90	9.999000099990002e-05	2.059376111200905e-02
ENSG00000256663.1	81	90	9.999000099990002e-05	2.059376111200905e-02
ENSG00000257103.10	81	90	1.000000000000000e-04	2.059376111200905e-02
ENSG00000257167.4	81	90	9.999000099990002e-05	2.059376111200905e-02
ENSG00000257219.7	81	90	9.999000099990002e-05	2.059376111200905e-02
ENSG00000257337.10	81	90	9.999000099990002e-05	2.059376111200905e-02
ENSG00000257354.2	81	90	9.999000099990002e-05	2.059376111200905e-02
ENSG00000257621.10	81	90	9.999000099990002e-05	2.059376111200905e-02
ENSG00000257704.5	81	90	3.000000000000000e-04	5.194194863432531e-02
ENSG00000258315.6	81	90	9.999000099990002e-05	2.059376111200905e-02
ENSG00000258429.2	81	90	9.999000099990002e-05	2.059376111200905e-02
ENSG00000258457.6	81	90	1.000000000000000e-04	2.059376111200905e-02
ENSG00000258537.7	81	90	9.999000099990002e-05	2.059376111200905e-02
ENSG00000258643.6	81	90	9.999000099990002e-05	2.059376111200905e-02
ENSG00000258727.2	81	90	9.999000099990002e-05	2.059376111200905e-02
ENSG00000258728.2	81	90	9.999000099990002e-05	2.059376111200905e-02
ENSG00000258738.1	81	90	5.000000000000000e-04	7.851466600936653e-02
ENSG00000258818.5	81	90	9.999000099990002e-05	2.059376111200905e-02
ENSG00000258839.5	81	90	1.000000000000000e-04	2.059376111200905e-02
ENSG00000258947.8	81	90	9.999000099990002e-05	2.059376111200905e-02
ENSG00000259024.7	81	90	4.000000000000000e-04	6.548302711036876e-02
ENSG00000259275.6	81	90	1.000000000000000e-04	2.059376111200905e-02
ENSG00000259291.2	81	90	9.999000099990002e-05	2.059376111200905e-02
ENSG00000259316.12	81	90	9.999000099990002e-05	2.059376111200905e-02
ENSG00000259332.3	81	90	1.000000000000000e-04	2.059376111200905e-02
ENSG00000259345.8	81	90	9.999000099990002e-05	2.059376111200905e-02
ENSG00000259399.1	81	90	9.999000099990002e-05	2.059376111200905e-02
ENSG00000259623.1	81	90	9.999000099990002e-05	2.059376111200905e-02
ENSG00000259721.1	81	90	9.999000099990002e-05	2.059376111200905e-02
ENSG00000259781.1	81	90	9.999000099990002e-05	2.059376111200905e-02
ENSG00000259807.3	81	90	9.999000099990002e-05	2.059376111200905e-02
ENSG00000259865.1	81	90	9.999000099990002e-05	2.059376111200905e-02
ENSG00000259953.3	81	90	1.000000000000000e-04	2.059376111200905e-02
ENSG00000259959.1	81	90	9.999000099990002e-05	2.059376111200905e-02
ENSG00000259976.3	81	90	2.000000000000000e-04	3.728269202633504e-02
ENSG00000259994.1	81	90	9.999000099990002e-05	2.059376111200905e-02
ENSG00000260001.9	81	90	9.999000099990002e-05	2.059376111200905e-02
ENSG00000260032.3	81	90	9.999000099990002e-05	2.059376111200905e-02
ENSG00000260257.2	81	90	3.000000000000000e-04	5.194194863432531e-02
ENSG00000260306.1	81	90	9.999000099990002e-05	2.059376111200905e-02
ENSG00000260400.1	81	90	9.999000099990002e-05	2.059376111200905e-02
ENSG00000260428.4	81	90	9.999000099990002e-05	2.059376111200905e-02
ENSG00000260442.8	81	90	9.999000099990002e-05	2.059376111200905e-02
ENSG00000260456.8	81	90	2.000000000000000e-04	3.728269202633504e-02
ENSG00000260534.1	81	90	2.000000000000000e-04	3.728269202633504e-02
ENSG00000260552.4	81	90	3.000000000000000e-04	5.194194863432531e-02
ENSG00000260772.1	81	90	9.999000099990002e-05	2.059376111200905e-02
ENSG00000260877.3	81	90	9.999000099990002e-05	2.059376111200905e-02
ENSG00000260914.3	81	90	5.999999999999999e-04	9.084748663101604e-02
ENSG00000260916.9	81	90	3.000000000000000e-04	5.194194863432531e-02
ENSG00000261008.10	81	90	9.999000099990002e-05	2.059376111200905e-02
ENSG00000261087.1	81	90	9.999000099990002e-05	2.059376111200905e-02
ENSG00000261101.2	81	90	1.000000000000000e-04	2.059376111200905e-02
ENSG00000261136.1	81	90	2.000000000000000e-04	3.728269202633504e-02
ENSG00000261221.6	81	90	9.999000099990002e-05	2.059376111200905e-02
ENSG00000261236.9	81	90	1.000000000000000e-04	2.059376111200905e-02
ENSG00000261286.1	81	90	9.999000099990002e-05	2.059376111200905e-02
ENSG00000261324.2	81	90	9.999000099990002e-05	2.059376111200905e-02
ENSG00000261326.5	81	90	9.999000099990002e-05	2.059376111200905e-02
ENSG00000261485.2	81	90	2.000000000000000e-04	3.728269202633504e-02
ENSG00000261487.1	81	90	9.999000099990002e-05	2.059376111200905e-02
ENSG00000261799.1	81	90	9.999000099990002e-05	2.059376111200905e-02
ENSG00000261801.9	81	90	9.999000099990002e-05	2.059376111200905e-02
ENSG00000261888.1	81	90	1.000000000000000e-04	2.059376111200905e-02
ENSG00000262185.4	81	90	1.000000000000000e-04	2.059376111200905e-02
ENSG00000262246.7	81	90	9.999000099990002e-05	2.059376111200905e-02
ENSG00000262526.2	81	90	9.999000099990002e-05	2.059376111200905e-02
ENSG00000262691.1	81	90	5.000000000000000e-04	7.851466600936653e-02
ENSG00000262814.9	81	90	9.999000099990002e-05	2.059376111200905e-02
ENSG00000262879.8	81	90	9.999000099990002e-05	2.059376111200905e-02
ENSG00000263001.10	81	90	5.999999999999999e-04	9.084748663101604e-02
ENSG00000263002.9	81	90	9.999000099990002e-05	2.059376111200905e-02
ENSG00000263293.4	81	90	4.000000000000000e-04	6.548302711036876e-02
ENSG00000263327.7	81	90	9.999000099990002e-05	2.059376111200905e-02
ENSG00000263465.5	81	90	5.999999999999999e-04	9.084748663101604e-02
ENSG00000263620.1	81	90	9.999000099990002e-05	2.059376111200905e-02
ENSG00000263874.3	81	90	9.999000099990002e-05	2.059376111200905e-02
ENSG00000263956.9	81	90	9.999000099990002e-05	2.059376111200905e-02
ENSG00000264522.7	81	90	5.000000000000000e-04	7.851466600936653e-02
ENSG00000264545.2	81	90	9.999000099990002e-05	2.059376111200905e-02
ENSG00000265190.8	81	90	9.999000099990002e-05	2.059376111200905e-02
ENSG00000265241.9	81	90	9.999000099990002e-05	2.059376111200905e-02
ENSG00000265491.6	81	90	9.999000099990002e-05	2.059376111200905e-02
ENSG00000265808.5	81	90	9.999000099990002e-05	2.059376111200905e-02
ENSG00000265972.7	81	90	9.999000099990002e-05	2.059376111200905e-02
ENSG00000266256.4	81	90	1.000000000000000e-04	2.059376111200905e-02
ENSG00000266680.1	81	90	9.999000099990002e-05	2.059376111200905e-02
ENSG00000266709.1	81	90	9.999000099990002e-05	2.059376111200905e-02
ENSG00000266962.4	81	90	3.000000000000000e-04	5.194194863432531e-02
ENSG00000266964.7	81	90	1.000000000000000e-04	2.059376111200905e-02
ENSG00000267001.1	81	90	9.999000099990002e-05	2.059376111200905e-02
ENSG00000267152.1	81	90	9.999000099990002e-05	2.059376111200905e-02
ENSG00000267303.1	81	90	9.999000099990002e-05	2.059376111200905e-02
ENSG00000267314.1	81	90	9.999000099990002e-05	2.059376111200905e-02
ENSG00000267317.2	81	90	3.000000000000000e-04	5.194194863432531e-02
ENSG00000267532.7	81	90	5.999999999999999e-04	9.084748663101604e-02
ENSG00000267534.4	81	90	9.999000099990002e-05	2.059376111200905e-02
ENSG00000267680.7	81	90	9.999000099990002e-05	2.059376111200905e-02
ENSG00000267712.8	81	90	5.999999999999999e-04	9.084748663101604e-02
ENSG00000267745.1	81	90	5.000000000000000e-04	7.851466600936653e-02
ENSG00000267757.5	81	90	9.999000099990002e-05	2.059376111200905e-02
ENSG00000267796.9	81	90	9.999000099990002e-05	2.059376111200905e-02
ENSG00000268043.10	81	90	1.000000000000000e-04	2.059376111200905e-02
ENSG00000268083.5	81	90	4.000000000000000e-04	6.548302711036876e-02
ENSG00000268108.1	81	90	9.999000099990002e-05	2.059376111200905e-02
ENSG00000268205.1	81	90	9.999000099990002e-05	2.059376111200905e-02
ENSG00000268287.1	81	90	9.999000099990002e-05	2.059376111200905e-02
ENSG00000268643.2	81	90	9.999000099990002e-05	2.059376111200905e-02
ENSG00000268655.3	81	90	1.000000000000000e-04	2.059376111200905e-02
ENSG00000268858.3	81	90	4.000000000000000e-04	6.548302711036876e-02
ENSG00000268894.8	81	90	5.999999999999999e-04	9.084748663101604e-02
ENSG00000268912.1	81	90	9.999000099990002e-05	2.059376111200905e-02
ENSG00000269044.2	81	90	9.999000099990002e-05	2.059376111200905e-02
ENSG00000269335.8	81	90	9.999000099990002e-05	2.059376111200905e-02
ENSG00000269352.1	81	90	9.999000099990002e-05	2.059376111200905e-02
ENSG00000269893.11	81	90	5.999999999999999e-04	9.084748663101604e-02
ENSG00000269897.5	81	90	1.000000000000000e-04	2.059376111200905e-02
ENSG00000269929.7	81	90	9.999000099990002e-05	2.059376111200905e-02
ENSG00000269937.1	81	90	9.999000099990002e-05	2.059376111200905e-02
ENSG00000269940.1	81	90	9.999000099990002e-05	2.059376111200905e-02
ENSG00000269955.2	81	90	9.999000099990002e-05	2.059376111200905e-02
ENSG00000269983.1	81	90	3.000000000000000e-04	5.194194863432531e-02
ENSG00000270069.5	81	90	9.999000099990002e-05	2.059376111200905e-02
ENSG00000270170.2	81	90	1.000000000000000e-04	2.059376111200905e-02
ENSG00000270504.2	81	90	9.999000099990002e-05	2.059376111200905e-02
ENSG00000270607.1	81	90	9.999000099990002e-05	2.059376111200905e-02
ENSG00000270617.1	81	90	9.999000099990002e-05	2.059376111200905e-02
ENSG00000270820.9	81	90	9.999000099990002e-05	2.059376111200905e-02
ENSG00000271533.1	81	90	9.999000099990002e-05	2.059376111200905e-02
ENSG00000271851.1	81	90	9.999000099990002e-05	2.059376111200905e-02
ENSG00000271894.2	81	90	4.000000000000000e-04	6.548302711036876e-02
ENSG00000271936.1	81	90	9.999000099990002e-05	2.059376111200905e-02
ENSG00000271976.1	81	90	9.999000099990002e-05	2.059376111200905e-02
ENSG00000272047.5	81	90	9.999000099990002e-05	2.059376111200905e-02
ENSG00000272335.1	81	90	9.999000099990002e-05	2.059376111200905e-02
ENSG00000272599.2	81	90	9.999000099990002e-05	2.059376111200905e-02
ENSG00000272604.1	81	90	9.999000099990002e-05	2.059376111200905e-02
ENSG00000272695.3	81	90	9.999000099990002e-05	2.059376111200905e-02
ENSG00000272750.1	81	90	3.000000000000000e-04	5.194194863432531e-02
ENSG00000272767.2	81	90	1.000000000000000e-04	2.059376111200905e-02
ENSG00000272779.1	81	90	4.000000000000000e-04	6.548302711036876e-02
ENSG00000272888.9	81	90	9.999000099990002e-05	2.059376111200905e-02
ENSG00000272909.1	81	90	9.999000099990002e-05	2.059376111200905e-02
ENSG00000272913.3	81	90	9.999000099990002e-05	2.059376111200905e-02
ENSG00000272970.6	81	90	1.000000000000000e-04	2.059376111200905e-02
ENSG00000272977.1	81	90	1.000000000000000e-04	2.059376111200905e-02
ENSG00000273014.1	81	90	9.999000099990002e-05	2.059376111200905e-02
ENSG00000273015.3	81	90	9.999000099990002e-05	2.059376111200905e-02
ENSG00000273033.3	81	90	9.999000099990002e-05	2.059376111200905e-02
ENSG00000273148.3	81	90	9.999000099990002e-05	2.059376111200905e-02
ENSG00000273149.2	81	90	9.999000099990002e-05	2.059376111200905e-02
ENSG00000273154.3	81	90	9.999000099990002e-05	2.059376111200905e-02
ENSG00000273175.3	81	90	9.999000099990002e-05	2.059376111200905e-02
ENSG00000273356.1	81	90	1.000000000000000e-04	2.059376111200905e-02
ENSG00000273398.6	81	90	1.000000000000000e-04	2.059376111200905e-02
ENSG00000273420.1	81	90	9.999000099990002e-05	2.059376111200905e-02
ENSG00000273489.1	81	90	9.999000099990002e-05	2.059376111200905e-02
ENSG00000273749.6	81	90	1.000000000000000e-04	2.059376111200905e-02
ENSG00000273820.2	81	90	2.000000000000000e-04	3.728269202633504e-02
ENSG00000273899.6	81	90	9.999000099990002e-05	2.059376111200905e-02
ENSG00000274180.1	81	90	9.999000099990002e-05	2.059376111200905e-02
ENSG00000274248.2	81	90	3.000000000000000e-04	5.194194863432531e-02
ENSG00000274349.6	81	90	9.999000099990002e-05	2.059376111200905e-02
ENSG00000274422.1	81	90	9.999000099990002e-05	2.059376111200905e-02
ENSG00000274425.1	81	90	9.999000099990002e-05	2.059376111200905e-02
ENSG00000274561.1	81	90	9.999000099990002e-05	2.059376111200905e-02
ENSG00000274944.4	81	90	9.999000099990002e-05	2.059376111200905e-02
ENSG00000275052.6	81	90	5.999999999999999e-04	9.084748663101604e-02
ENSG00000275120.4	81	90	9.999000099990002e-05	2.059376111200905e-02
ENSG00000275131.5	81	90	1.000000000000000e-04	2.059376111200905e-02
ENSG00000275183.2	81	90	3.000000000000000e-04	5.194194863432531e-02
ENSG00000275367.1	81	90	3.000000000000000e-04	5.194194863432531e-02
ENSG00000275464.6	81	90	2.000000000000000e-04	3.728269202633504e-02
ENSG00000275700.7	81	90	9.999000099990002e-05	2.059376111200905e-02
ENSG00000275764.1	81	90	9.999000099990002e-05	2.059376111200905e-02
ENSG00000276043.6	81	90	9.999000099990002e-05	2.059376111200905e-02
ENSG00000276045.5	81	90	9.999000099990002e-05	2.059376111200905e-02
ENSG00000276107.1	81	90	9.999000099990002e-05	2.059376111200905e-02
ENSG00000276334.1	81	90	9.999000099990002e-05	2.059376111200905e-02
ENSG00000276672.1	81	90	9.999000099990002e-05	2.059376111200905e-02
ENSG00000276724.1	81	90	1.000000000000000e-04	2.059376111200905e-02
ENSG00000276855.1	81	90	9.999000099990002e-05	2.059376111200905e-02
ENSG00000276975.4	81	90	3.000000000000000e-04	5.194194863432531e-02
ENSG00000277443.4	81	90	9.999000099990002e-05	2.059376111200905e-02
ENSG00000277758.7	81	90	9.999000099990002e-05	2.059376111200905e-02
ENSG00000277957.1	81	90	9.999000099990002e-05	2.059376111200905e-02
ENSG00000277972.3	81	90	1.000000000000000e-04	2.059376111200905e-02
ENSG00000278071.2	81	90	2.000000000000000e-04	3.728269202633504e-02
ENSG00000278156.4	81	90	9.999000099990002e-05	2.059376111200905e-02
ENSG00000278259.6	81	90	9.999000099990002e-05	2.059376111200905e-02
ENSG00000278311.6	81	90	9.999000099990002e-05	2.059376111200905e-02
ENSG00000278341.1	81	90	1.000000000000000e-04	2.059376111200905e-02
ENSG00000278615.5	81	90	9.999000099990002e-05	2.059376111200905e-02
ENSG00000278730.1	81	90	9.999000099990002e-05	2.059376111200905e-02
ENSG00000278768.5	81	90	5.999999999999999e-04	9.084748663101604e-02
ENSG00000278784.2	81	90	9.999000099990002e-05	2.059376111200905e-02
ENSG00000278864.1	81	90	9.999000099990002e-05	2.059376111200905e-02
ENSG00000278903.6	81	90	5.999999999999999e-04	9.084748663101604e-02
ENSG00000278962.1	81	90	9.999000099990002e-05	2.059376111200905e-02
ENSG00000278970.5	81	90	9.999000099990002e-05	2.059376111200905e-02
ENSG00000279059.1	81	90	5.999999999999999e-04	9.084748663101604e-02
ENSG00000279108.1	81	90	9.999000099990002e-05	2.059376111200905e-02
ENSG00000279118.1	81	90	5.000000000000000e-04	7.851466600936653e-02
ENSG00000279170.4	81	90	1.000000000000000e-04	2.059376111200905e-02
ENSG00000279198.2	81	90	9.999000099990002e-05	2.059376111200905e-02
ENSG00000279204.1	81	90	9.999000099990002e-05	2.059376111200905e-02
ENSG00000279253.1	81	90	9.999000099990002e-05	2.059376111200905e-02
ENSG00000279267.1	81	90	9.999000099990002e-05	2.059376111200905e-02
ENSG00000279369.1	81	90	1.000000000000000e-04	2.059376111200905e-02
ENSG00000279415.1	81	90	1.000000000000000e-04	2.059376111200905e-02
ENSG00000279453.1	81	90	9.999000099990002e-05	2.059376111200905e-02
ENSG00000279696.1	81	90	2.000000000000000e-04	3.728269202633504e-02
ENSG00000280047.1	81	90	4.000000000000000e-04	6.548302711036876e-02
ENSG00000280088.1	81	90	9.999000099990002e-05	2.059376111200905e-02
ENSG00000280241.5	81	90	4.000000000000000e-04	6.548302711036876e-02
ENSG00000280287.1	81	90	9.999000099990002e-05	2.059376111200905e-02
ENSG00000280571.2	81	90	9.999000099990002e-05	2.059376111200905e-02
ENSG00000280789.2	81	90	9.999000099990002e-05	2.059376111200905e-02
ENSG00000280798.1	81	90	2.000000000000000e-04	3.728269202633504e-02
ENSG00000280893.1	81	90	9.999000099990002e-05	2.059376111200905e-02
ENSG00000281501.1	81	90	5.999999999999999e-04	9.084748663101604e-02
ENSG00000281903.5	81	90	2.000000000000000e-04	3.728269202633504e-02
ENSG00000282393.1	81	90	9.999000099990002e-05	2.059376111200905e-02
ENSG00000282785.1	81	90	1.000000000000000e-04	2.059376111200905e-02
ENSG00000283782.2	81	90	2.000000000000000e-04	3.728269202633504e-02
ENSG00000284194.4	81	90	9.999000099990002e-05	2.059376111200905e-02
ENSG00000284292.1	81	90	9.999000099990002e-05	2.059376111200905e-02
ENSG00000284491.3	81	90	9.999000099990002e-05	2.059376111200905e-02
ENSG00000284503.1	81	90	9.999000099990002e-05	2.059376111200905e-02
ENSG00000284773.1	81	90	9.999000099990002e-05	2.059376111200905e-02
ENSG00000284874.1	81	90	9.999000099990002e-05	2.059376111200905e-02
ENSG00000284906.3	81	90	9.999000099990002e-05	2.059376111200905e-02
ENSG00000284946.1	81	90	9.999000099990002e-05	2.059376111200905e-02
ENSG00000285043.3	81	90	5.999999999999999e-04	9.084748663101604e-02
ENSG00000285053.1	81	90	5.000000000000000e-04	7.851466600936653e-02
ENSG00000285077.4	81	90	9.999000099990002e-05	2.059376111200905e-02
ENSG00000285402.2	81	90	9.999000099990002e-05	2.059376111200905e-02
ENSG00000285410.1	81	90	4.000000000000000e-04	6.548302711036876e-02
ENSG00000285508.2	81	90	5.999999999999999e-04	9.084748663101604e-02
ENSG00000285517.3	81	90	1.000000000000000e-04	2.059376111200905e-02
ENSG00000285628.1	81	90	4.000000000000000e-04	6.548302711036876e-02
ENSG00000285641.1	81	90	9.999000099990002e-05	2.059376111200905e-02
ENSG00000285728.4	81	90	9.999000099990002e-05	2.059376111200905e-02
ENSG00000285744.2	81	90	4.000000000000000e-04	6.548302711036876e-02
ENSG00000285793.2	81	90	9.999000099990002e-05	2.059376111200905e-02
ENSG00000285796.2	81	90	9.999000099990002e-05	2.059376111200905e-02
ENSG00000286001.1	81	90	9.999000099990002e-05	2.059376111200905e-02
ENSG00000286112.1	81	90	5.000000000000000e-04	7.851466600936653e-02
ENSG00000286192.1	81	90	1.000000000000000e-04	2.059376111200905e-02
ENSG00000286289.2	81	90	9.999000099990002e-05	2.059376111200905e-02
ENSG00000286724.2	81	90	9.999000099990002e-05	2.059376111200905e-02
ENSG00000286892.1	81	90	9.999000099990002e-05	2.059376111200905e-02
ENSG00000286964.1	81	90	9.999000099990002e-05	2.059376111200905e-02
ENSG00000287151.2	81	90	1.000000000000000e-04	2.059376111200905e-02
ENSG00000287828.2	81	90	9.999000099990002e-05	2.059376111200905e-02
ENSG00000288258.1	81	90	1.000000000000000e-04	2.059376111200905e-02
ENSG00000288644.1	81	90	4.000000000000000e-04	6.548302711036876e-02
ENSG00000288649.2	81	90	4.000000000000000e-04	6.548302711036876e-02
ENSG00000288663.1	81	90	1.000000000000000e-04	2.059376111200905e-02
ENSG00000288670.1	81	90	5.000000000000000e-04	7.851466600936653e-02
ENSG00000288685.1	81	90	9.999000099990002e-05	2.059376111200905e-02
ENSG00000288725.1	81	90	1.000000000000000e-04	2.059376111200905e-02
ENSG00000288829.1	81	90	3.000000000000000e-04	5.194194863432531e-02
ENSG00000288852.2	81	90	1.000000000000000e-04	2.059376111200905e-02
ENSG00000288864.1	81	90	9.999000099990002e-05	2.059376111200905e-02
ENSG00000288888.1	81	90	9.999000099990002e-05	2.059376111200905e-02
ENSG00000288924.1	81	90	9.999000099990002e-05	2.059376111200905e-02
ENSG00000288961.3	81	90	3.000000000000000e-04	5.194194863432531e-02
ENSG00000288973.1	81	90	3.000000000000000e-04	5.194194863432531e-02
ENSG00000289007.3	81	90	9.999000099990002e-05	2.059376111200905e-02
ENSG00000289027.1	81	90	2.000000000000000e-04	3.728269202633504e-02
ENSG00000289106.3	81	90	9.999000099990002e-05	2.059376111200905e-02
ENSG00000289138.1	81	90	9.999000099990002e-05	2.059376111200905e-02
ENSG00000289177.3	81	90	3.000000000000000e-04	5.194194863432531e-02
ENSG00000289293.2	81	90	9.999000099990002e-05	2.059376111200905e-02
ENSG00000289353.1	81	90	5.999999999999999e-04	9.084748663101604e-02
ENSG00000289502.1	81	90	9.999000099990002e-05	2.059376111200905e-02
ENSG00000289517.1	81	90	9.999000099990002e-05	2.059376111200905e-02
ENSG00000289520.1	81	90	4.000000000000000e-04	6.548302711036876e-02
ENSG00000289586.3	81	90	5.999999999999999e-04	9.084748663101604e-02
ENSG00000289653.1	81	90	9.999000099990002e-05	2.059376111200905e-02
ENSG00000289694.1	81	90	4.000000000000000e-04	6.548302711036876e-02
ENSG00000289701.1	81	90	9.999000099990002e-05	2.059376111200905e-02
ENSG00000289847.2	81	90	2.000000000000000e-04	3.728269202633504e-02
ENSG00000290045.2	81	90	9.999000099990002e-05	2.059376111200905e-02
ENSG00000290082.2	81	90	5.000000000000000e-04	7.851466600936653e-02
ENSG00000290399.2	81	90	9.999000099990002e-05	2.059376111200905e-02
ENSG00000290450.2	81	90	2.000000000000000e-04	3.728269202633504e-02
ENSG00000290555.2	81	90	9.999000099990002e-05	2.059376111200905e-02
ENSG00000290578.2	81	90	9.999000099990002e-05	2.059376111200905e-02
ENSG00000290746.2	81	90	9.999000099990002e-05	2.059376111200905e-02
ENSG00000290871.2	81	90	9.999000099990002e-05	2.059376111200905e-02
ENSG00000290877.2	81	90	2.000000000000000e-04	3.728269202633504e-02
ENSG00000290928.2	81	90	1.000000000000000e-04	2.059376111200905e-02
ENSG00000290948.2	81	90	9.999000099990002e-05	2.059376111200905e-02
ENSG00000290989.2	81	90	9.999000099990002e-05	2.059376111200905e-02
ENSG00000291015.2	81	90	2.000000000000000e-04	3.728269202633504e-02
ENSG00000291028.2	81	90	2.000000000000000e-04	3.728269202633504e-02
ENSG00000291033.2	81	90	5.999999999999999e-04	9.084748663101604e-02
ENSG00000291053.2	81	90	5.999999999999999e-04	9.084748663101604e-02
ENSG00000291063.2	81	90	9.999000099990002e-05	2.059376111200905e-02
ENSG00000291066.2	81	90	9.999000099990002e-05	2.059376111200905e-02
ENSG00000291067.2	81	90	5.000000000000000e-04	7.851466600936653e-02
ENSG00000291075.2	81	90	9.999000099990002e-05	2.059376111200905e-02
ENSG00000291079.2	81	90	2.000000000000000e-04	3.728269202633504e-02
ENSG00000291081.2	81	90	9.999000099990002e-05	2.059376111200905e-02
ENSG00000291085.2	81	90	9.999000099990002e-05	2.059376111200905e-02
ENSG00000291105.2	81	90	9.999000099990002e-05	2.059376111200905e-02
ENSG00000291123.2	81	90	2.000000000000000e-04	3.728269202633504e-02
ENSG00000291132.2	81	90	5.000000000000000e-04	7.851466600936653e-02
ENSG00000291140.2	81	90	1.000000000000000e-04	2.059376111200905e-02
ENSG00000291146.2	81	90	9.999000099990002e-05	2.059376111200905e-02
ENSG00000291208.2	81	90	5.000000000000000e-04	7.851466600936653e-02
ENSG00000291210.2	81	90	3.000000000000000e-04	5.194194863432531e-02
ENSG00000291224.2	81	90	9.999000099990002e-05	2.059376111200905e-02
ENSG00000291264.2	81	90	5.000000000000000e-04	7.851466600936653e-02
ENSG00000291270.1	81	90	1.000000000000000e-04	2.059376111200905e-02
ENSG00000293141.2	81	90	9.999000099990002e-05	2.059376111200905e-02
ENSG00000293161.1	81	90	1.000000000000000e-04	2.059376111200905e-02
ENSG00000293164.1	81	90	3.000000000000000e-04	5.194194863432531e-02
ENSG00000293310.2	81	90	9.999000099990002e-05	2.059376111200905e-02
ENSG00000293427.2	81	90	4.000000000000000e-04	6.548302711036876e-02
ENSG00000293491.2	81	90	1.000000000000000e-04	2.059376111200905e-02
ENSG00000293495.2	81	90	9.999000099990002e-05	2.059376111200905e-02
ENSG00000293514.2	81	90	3.000000000000000e-04	5.194194863432531e-02
ENSG00000293515.2	81	90	1.000000000000000e-04	2.059376111200905e-02
ENSG00000293606.1	81	90	9.999000099990002e-05	2.059376111200905e-02
ENSG00000293678.1	81	90	9.999000099990002e-05	2.059376111200905e-02
ENSG00000293970.1	81	90	3.000000000000000e-04	5.194194863432531e-02
ENSG00000294400.1	81	90	5.000000000000000e-04	7.851466600936653e-02
ENSG00000295221.1	81	90	9.999000099990002e-05	2.059376111200905e-02
ENSG00000295864.1	81	90	9.999000099990002e-05	2.059376111200905e-02
ENSG00000295873.1	81	90	9.999000099990002e-05	2.059376111200905e-02
ENSG00000295911.1	81	90	9.999000099990002e-05	2.059376111200905e-02
ENSG00000295937.1	81	90	9.999000099990002e-05	2.059376111200905e-02
ENSG00000296343.1	81	90	2.000000000000000e-04	3.728269202633504e-02
ENSG00000296642.1	81	90	9.999000099990002e-05	2.059376111200905e-02
ENSG00000298309.1	81	90	1.000000000000000e-04	2.059376111200905e-02
ENSG00000298352.1	81	90	9.999000099990002e-05	2.059376111200905e-02
ENSG00000299022.1	81	90	2.000000000000000e-04	3.728269202633504e-02
ENSG00000299654.1	81	90	1.000000000000000e-04	2.059376111200905e-02
ENSG00000299829.1	81	90	9.999000099990002e-05	2.059376111200905e-02
ENSG00000300700.1	81	90	9.999000099990002e-05	2.059376111200905e-02
ENSG00000300739.1	81	90	9.999000099990002e-05	2.059376111200905e-02
ENSG00000304365.1	81	90	9.999000099990002e-05	2.059376111200905e-02
ENSG00000304884.1	81	90	9.999000099990002e-05	2.059376111200905e-02
ENSG00000304961.1	81	90	9.999000099990002e-05	2.059376111200905e-02
ENSG00000305207.1	81	90	9.999000099990002e-05	2.059376111200905e-02
ENSG00000305512.1	81	90	2.000000000000000e-04	3.728269202633504e-02
ENSG00000305702.1	81	90	1.000000000000000e-04	2.059376111200905e-02
ENSG00000306316.1	81	90	2.000000000000000e-04	3.728269202633504e-02
ENSG00000306517.1	81	90	9.999000099990002e-05	2.059376111200905e-02
ENSG00000308554.1	81	90	5.999999999999999e-04	9.084748663101604e-02
ENSG00000308783.1	81	90	4.000000000000000e-04	6.548302711036876e-02
ENSG00000309529.1	81	90	9.999000099990002e-05	2.059376111200905e-02
ENSG00000310521.1	81	90	9.999000099990002e-05	2.059376111200905e-02
ENSG00000310560.2	81	90	9.999000099990002e-05	2.059376111200905e-02
ENSG00000310576.1	81	90	9.999000099990002e-05	2.059376111200905e-02
ENSG00000004399.14	82	91	5.999999999999999e-04	9.084748663101604e-02
ENSG00000006837.12	82	91	5.000000000000000e-04	7.851466600936653e-02
ENSG00000011105.15	82	91	4.000000000000000e-04	6.548302711036876e-02
ENSG00000022277.14	82	91	9.999000099990002e-05	2.059376111200905e-02
ENSG00000035141.11	82	91	9.999000099990002e-05	2.059376111200905e-02
ENSG00000062582.15	82	91	3.000000000000000e-04	5.194194863432531e-02
ENSG00000079277.23	82	91	9.999000099990002e-05	2.059376111200905e-02
ENSG00000082497.13	82	91	9.999000099990002e-05	2.059376111200905e-02
ENSG00000089737.20	82	91	3.000000000000000e-04	5.194194863432531e-02
ENSG00000100577.20	82	91	5.999999999999999e-04	9.084748663101604e-02
ENSG00000102893.19	82	91	5.999999999999999e-04	9.084748663101604e-02
ENSG00000102974.17	82	91	1.000000000000000e-04	2.059376111200905e-02
ENSG00000105612.11	82	91	9.999000099990002e-05	2.059376111200905e-02
ENSG00000105825.15	82	91	9.999000099990002e-05	2.059376111200905e-02
ENSG00000109113.21	82	91	5.000000000000000e-04	7.851466600936653e-02
ENSG00000109689.20	82	91	5.999999999999999e-04	9.084748663101604e-02
ENSG00000109743.13	82	91	2.000000000000000e-04	3.728269202633504e-02
ENSG00000110651.14	82	91	4.000000000000000e-04	6.548302711036876e-02
ENSG00000111725.11	82	91	2.000000000000000e-04	3.728269202633504e-02
ENSG00000112144.16	82	91	3.000000000000000e-04	5.194194863432531e-02
ENSG00000112367.13	82	91	5.999999999999999e-04	9.084748663101604e-02
ENSG00000112699.12	82	91	4.000000000000000e-04	6.548302711036876e-02
ENSG00000115504.16	82	91	3.000000000000000e-04	5.194194863432531e-02
ENSG00000115844.11	82	91	3.000000000000000e-04	5.194194863432531e-02
ENSG00000116885.19	82	91	1.000000000000000e-04	2.059376111200905e-02
ENSG00000119318.14	82	91	5.999999999999999e-04	9.084748663101604e-02
ENSG00000119632.5	82	91	2.000000000000000e-04	3.728269202633504e-02
ENSG00000120217.14	82	91	5.999999999999999e-04	9.084748663101604e-02
ENSG00000121210.17	82	91	3.000000000000000e-04	5.194194863432531e-02
ENSG00000123472.14	82	91	3.000000000000000e-04	5.194194863432531e-02
ENSG00000132185.19	82	91	3.000000000000000e-04	5.194194863432531e-02
ENSG00000132359.18	82	91	1.000000000000000e-04	2.059376111200905e-02
ENSG00000132773.13	82	91	2.000000000000000e-04	3.728269202633504e-02
ENSG00000134363.13	82	91	5.000000000000000e-04	7.851466600936653e-02
ENSG00000135205.16	82	91	5.000000000000000e-04	7.851466600936653e-02
ENSG00000135823.14	82	91	5.999999999999999e-04	9.084748663101604e-02
ENSG00000136235.18	82	91	4.000000000000000e-04	6.548302711036876e-02
ENSG00000136875.14	82	91	1.000000000000000e-04	2.059376111200905e-02
ENSG00000137691.14	82	91	1.000000000000000e-04	2.059376111200905e-02
ENSG00000138131.5	82	91	1.000000000000000e-04	2.059376111200905e-02
ENSG00000138286.16	82	91	1.000000000000000e-04	2.059376111200905e-02
ENSG00000138640.16	82	91	5.999999999999999e-04	9.084748663101604e-02
ENSG00000139209.17	82	91	3.000000000000000e-04	5.194194863432531e-02
ENSG00000140830.11	82	91	3.000000000000000e-04	5.194194863432531e-02
ENSG00000141469.19	82	91	1.000000000000000e-04	2.059376111200905e-02
ENSG00000143164.17	82	91	2.000000000000000e-04	3.728269202633504e-02
ENSG00000143554.15	82	91	3.000000000000000e-04	5.194194863432531e-02
ENSG00000143702.18	82	91	3.000000000000000e-04	5.194194863432531e-02
ENSG00000144597.14	82	91	5.000000000000000e-04	7.851466600936653e-02
ENSG00000144746.8	82	91	9.999000099990002e-05	2.059376111200905e-02
ENSG00000144834.15	82	91	5.999999999999999e-04	9.084748663101604e-02
ENSG00000145016.18	82	91	3.000000000000000e-04	5.194194863432531e-02
ENSG00000145687.18	82	91	5.000000000000000e-04	7.851466600936653e-02
ENSG00000147099.22	82	91	9.999000099990002e-05	2.059376111200905e-02
ENSG00000147274.15	82	91	3.000000000000000e-04	5.194194863432531e-02
ENSG00000147471.13	82	91	2.000000000000000e-04	3.728269202633504e-02
ENSG00000148660.23	82	91	9.999000099990002e-05	2.059376111200905e-02
ENSG00000149179.15	82	91	2.000000000000000e-04	3.728269202633504e-02
ENSG00000152661.10	82	91	1.000000000000000e-04	2.059376111200905e-02
ENSG00000154096.15	82	91	9.999000099990002e-05	2.059376111200905e-02
ENSG00000154839.11	82	91	1.000000000000000e-04	2.059376111200905e-02
ENSG00000158286.14	82	91	3.000000000000000e-04	5.194194863432531e-02
ENSG00000160803.9	82	91	2.000000000000000e-04	3.728269202633504e-02
ENSG00000161653.12	82	91	1.000000000000000e-04	2.059376111200905e-02
ENSG00000162129.16	82	91	9.999000099990002e-05	2.059376111200905e-02
ENSG00000163961.4	82	91	1.000000000000000e-04	2.059376111200905e-02
ENSG00000164002.13	82	91	4.000000000000000e-04	6.548302711036876e-02
ENSG00000164053.23	82	91	4.000000000000000e-04	6.548302711036876e-02
ENSG00000164111.16	82	91	5.000000000000000e-04	7.851466600936653e-02
ENSG00000164683.19	82	91	5.000000000000000e-04	7.851466600936653e-02
ENSG00000165684.7	82	91	4.000000000000000e-04	6.548302711036876e-02
ENSG00000167005.15	82	91	2.000000000000000e-04	3.728269202633504e-02
ENSG00000167393.19	82	91	4.000000000000000e-04	6.548302711036876e-02
ENSG00000168876.10	82	91	2.000000000000000e-04	3.728269202633504e-02
ENSG00000168955.4	82	91	9.999000099990002e-05	2.059376111200905e-02
ENSG00000169231.14	82	91	1.000000000000000e-04	2.059376111200905e-02
ENSG00000170043.13	82	91	9.999000099990002e-05	2.059376111200905e-02
ENSG00000171649.12	82	91	3.000000000000000e-04	5.194194863432531e-02
ENSG00000177685.18	82	91	9.999000099990002e-05	2.059376111200905e-02
ENSG00000178950.19	82	91	5.999999999999999e-04	9.084748663101604e-02
ENSG00000179348.14	82	91	3.000000000000000e-04	5.194194863432531e-02
ENSG00000181038.15	82	91	9.999000099990002e-05	2.059376111200905e-02
ENSG00000182158.17	82	91	1.000000000000000e-04	2.059376111200905e-02
ENSG00000183137.17	82	91	1.000000000000000e-04	2.059376111200905e-02
ENSG00000183160.10	82	91	5.000000000000000e-04	7.851466600936653e-02
ENSG00000183281.16	82	91	2.000000000000000e-04	3.728269202633504e-02
ENSG00000183763.10	82	91	3.000000000000000e-04	5.194194863432531e-02
ENSG00000184347.16	82	91	2.000000000000000e-04	3.728269202633504e-02
ENSG00000184371.15	82	91	1.000000000000000e-04	2.059376111200905e-02
ENSG00000185008.19	82	91	2.000000000000000e-04	3.728269202633504e-02
ENSG00000185666.16	82	91	1.000000000000000e-04	2.059376111200905e-02
ENSG00000187266.15	82	91	1.000000000000000e-04	2.059376111200905e-02
ENSG00000196141.15	82	91	5.999999999999999e-04	9.084748663101604e-02
ENSG00000196337.15	82	91	2.000000000000000e-04	3.728269202633504e-02
ENSG00000196363.11	82	91	5.999999999999999e-04	9.084748663101604e-02
ENSG00000196422.12	82	91	3.000000000000000e-04	5.194194863432531e-02
ENSG00000197332.10	82	91	9.999000099990002e-05	2.059376111200905e-02
ENSG00000197536.12	82	91	5.000000000000000e-04	7.851466600936653e-02
ENSG00000197808.14	82	91	4.000000000000000e-04	6.548302711036876e-02
ENSG00000197894.13	82	91	5.000000000000000e-04	7.851466600936653e-02
ENSG00000197971.16	82	91	9.999000099990002e-05	2.059376111200905e-02
ENSG00000198406.7	82	91	5.999999999999999e-04	9.084748663101604e-02
ENSG00000198814.15	82	91	5.999999999999999e-04	9.084748663101604e-02
ENSG00000204084.15	82	91	5.999999999999999e-04	9.084748663101604e-02
ENSG00000204227.6	82	91	3.000000000000000e-04	5.194194863432531e-02
ENSG00000204560.11	82	91	4.000000000000000e-04	6.548302711036876e-02
ENSG00000214719.14	82	91	3.000000000000000e-04	5.194194863432531e-02
ENSG00000220205.11	82	91	3.000000000000000e-04	5.194194863432531e-02
ENSG00000226696.9	82	91	9.999000099990002e-05	2.059376111200905e-02
ENSG00000235501.10	82	91	2.000000000000000e-04	3.728269202633504e-02
ENSG00000242612.8	82	91	2.000000000000000e-04	3.728269202633504e-02
ENSG00000245812.6	82	91	1.000000000000000e-04	2.059376111200905e-02
ENSG00000247950.10	82	91	2.000000000000000e-04	3.728269202633504e-02
ENSG00000249624.10	82	91	9.999000099990002e-05	2.059376111200905e-02
ENSG00000259291.2	82	91	3.000000000000000e-04	5.194194863432531e-02
ENSG00000259399.1	82	91	9.999000099990002e-05	2.059376111200905e-02
ENSG00000260428.4	82	91	1.000000000000000e-04	2.059376111200905e-02
ENSG00000260442.8	82	91	5.000000000000000e-04	7.851466600936653e-02
ENSG00000263620.1	82	91	5.000000000000000e-04	7.851466600936653e-02
ENSG00000267288.3	82	91	5.000000000000000e-04	7.851466600936653e-02
ENSG00000269044.2	82	91	2.000000000000000e-04	3.728269202633504e-02
ENSG00000270607.1	82	91	1.000000000000000e-04	2.059376111200905e-02
ENSG00000271601.5	82	91	5.000000000000000e-04	7.851466600936653e-02
ENSG00000274561.1	82	91	9.999000099990002e-05	2.059376111200905e-02
ENSG00000275835.6	82	91	1.000000000000000e-04	2.059376111200905e-02
ENSG00000277476.1	82	91	3.000000000000000e-04	5.194194863432531e-02
ENSG00000279204.1	82	91	9.999000099990002e-05	2.059376111200905e-02
ENSG00000279369.1	82	91	2.000000000000000e-04	3.728269202633504e-02
ENSG00000284969.1	82	91	5.000000000000000e-04	7.851466600936653e-02
ENSG00000290746.2	82	91	2.000000000000000e-04	3.728269202633504e-02
ENSG00000291081.2	82	91	9.999000099990002e-05	2.059376111200905e-02
ENSG00000291210.2	82	91	4.000000000000000e-04	6.548302711036876e-02
ENSG00000296642.1	82	91	1.000000000000000e-04	2.059376111200905e-02
ENSG00000299829.1	82	91	4.000000000000000e-04	6.548302711036876e-02
ENSG00000305702.1	82	91	9.999000099990002e-05	2.059376111200905e-02
ENSG00000022277.14	83	92	1.000000000000000e-04	2.059376111200905e-02
ENSG00000122696.15	83	92	2.000000000000000e-04	3.728269202633504e-02
ENSG00000138640.16	83	92	5.000000000000000e-04	7.851466600936653e-02
ENSG00000159128.17	83	92	9.999000099990002e-05	2.059376111200905e-02
ENSG00000163517.16	83	92	1.000000000000000e-04	2.059376111200905e-02
ENSG00000169570.11	83	92	4.000000000000000e-04	6.548302711036876e-02
ENSG00000174721.10	83	92	9.999000099990002e-05	2.059376111200905e-02
ENSG00000185513.18	83	92	5.999999999999999e-04	9.084748663101604e-02
ENSG00000213599.10	83	92	1.000000000000000e-04	2.059376111200905e-02
ENSG00000235961.6	83	92	3.000000000000000e-04	5.194194863432531e-02
ENSG00000253982.4	83	92	4.000000000000000e-04	6.548302711036876e-02
ENSG00000261189.4	83	92	5.000000000000000e-04	7.851466600936653e-02
ENSG00000274964.1	83	92	3.000000000000000e-04	5.194194863432531e-02
ENSG00000022277.14	84	93	2.000000000000000e-04	3.728269202633504e-02
ENSG00000122696.15	84	93	5.999999999999999e-04	9.084748663101604e-02
ENSG00000138640.16	84	93	4.000000000000000e-04	6.548302711036876e-02
ENSG00000159128.17	84	93	5.999999999999999e-04	9.084748663101604e-02
ENSG00000163517.16	84	93	4.000000000000000e-04	6.548302711036876e-02
ENSG00000169570.11	84	93	2.000000000000000e-04	3.728269202633504e-02
ENSG00000174721.10	84	93	9.999000099990002e-05	2.059376111200905e-02
ENSG00000179241.14	84	93	5.999999999999999e-04	9.084748663101604e-02
ENSG00000185513.18	84	93	4.000000000000000e-04	6.548302711036876e-02
ENSG00000213599.10	84	93	5.000000000000000e-04	7.851466600936653e-02
ENSG00000235961.6	84	93	5.000000000000000e-04	7.851466600936653e-02
ENSG00000253982.4	84	93	5.000000000000000e-04	7.851466600936653e-02
ENSG00000261189.4	84	93	5.000000000000000e-04	7.851466600936653e-02
ENSG00000274964.1	84	93	5.999999999999999e-04	9.084748663101604e-02
ENSG00000167595.17	85	94	5.999999999999999e-04	9.084748663101604e-02
ENSG00000228340.9	86	95	5.000000000000000e-04	7.851466600936653e-02
ENSG00000167889.14	87	96	5.999999999999999e-04	9.084748663101604e-02
